model,strategy,warm_start,role,dataset,iteration,accuracy_mean,accuracy_sem,n_seeds
deep_gp,entropy_batch,warm,al,static_random,1,0.944224,0.001018,5
deep_gp,entropy_batch,warm,al,static_random,2,0.947722,0.001283,5
deep_gp,entropy_batch,warm,al,static_random,3,0.950694,0.000537,5
deep_gp,entropy_batch,warm,al,static_random,4,0.953724,0.000919,5
deep_gp,entropy_batch,warm,al,static_random,5,0.955900,0.000426,5
deep_gp,entropy_batch,warm,al,static_random,6,0.957786,0.000576,5
deep_gp,entropy_batch,warm,al,static_random,7,0.960114,0.000460,5
deep_gp,entropy_batch,warm,al,static_random,8,0.961628,0.000544,5
deep_gp,entropy_batch,warm,al,static_random,9,0.962680,0.000634,5
deep_gp,entropy_batch,warm,al,static_random,10,0.963534,0.000726,5
deep_gp,entropy_batch,warm,al,static_random,11,0.965568,0.000498,5
deep_gp,entropy_batch,warm,al,static_random,12,0.966976,0.000654,5
deep_gp,entropy_batch,warm,al,static_random,13,0.967954,0.000672,5
deep_gp,entropy_batch,warm,al,static_random,14,0.968886,0.000724,5
deep_gp,entropy_batch,warm,al,static_random,15,0.970128,0.000755,5
deep_gp,entropy_batch,warm,al,static_random,16,0.971022,0.000677,5
deep_gp,entropy_batch,warm,al,static_random,17,0.971348,0.000724,5
deep_gp,entropy_batch,warm,al,static_random,18,0.972300,0.000611,5
deep_gp,entropy_batch,warm,al,static_random,19,0.973372,0.000412,5
deep_gp,entropy_batch,warm,al,static_random,20,0.973852,0.000325,5
deep_gp,entropy_batch,warm,al,static_random,21,0.974022,0.000302,5
deep_gp,entropy_batch,warm,al,static_random,22,0.974982,0.000354,5
deep_gp,entropy_batch,warm,al,static_random,23,0.975012,0.000358,5
deep_gp,entropy_batch,warm,al,static_random,24,0.975318,0.000329,5
deep_gp,entropy_batch,warm,al,static_random,25,0.975936,0.000458,5
deep_gp,entropy_batch,warm,al,static_random,26,0.976090,0.000501,5
deep_gp,entropy_batch,warm,al,static_random,27,0.976642,0.000353,5
deep_gp,entropy_batch,warm,al,static_random,28,0.977120,0.000320,5
deep_gp,entropy_batch,warm,al,static_random,29,0.977438,0.000484,5
deep_gp,entropy_batch,warm,al,static_random,30,0.977500,0.000384,5
deep_gp,entropy_batch,warm,al,static_random,31,0.977842,0.000437,5
deep_gp,entropy_batch,warm,al,static_random,32,0.977762,0.000346,5
deep_gp,entropy_batch,warm,al,static_random,33,0.978324,0.000407,5
deep_gp,entropy_batch,warm,al,static_random,34,0.978620,0.000352,5
deep_gp,entropy_batch,warm,al,static_random,35,0.978730,0.000387,5
deep_gp,entropy_batch,warm,al,static_random,36,0.978982,0.000499,5
deep_gp,entropy_batch,warm,al,static_random,37,0.979256,0.000459,5
deep_gp,entropy_batch,warm,al,static_random,38,0.979244,0.000553,5
deep_gp,entropy_batch,warm,al,static_random,39,0.979434,0.000470,5
deep_gp,entropy_batch,warm,al,static_random,40,0.979404,0.000416,5
deep_gp,entropy_batch,warm,al,static_random,41,0.979460,0.001036,5
deep_gp,entropy_batch,warm,al,static_random,42,0.979526,0.000925,5
deep_gp,entropy_batch,warm,al,static_random,43,0.979940,0.000999,5
deep_gp,entropy_batch,warm,al,static_random,44,0.980058,0.000969,5
deep_gp,entropy_batch,warm,al,static_random,45,0.979942,0.000820,5
deep_gp,entropy_batch,warm,al,static_random,46,0.980302,0.000844,5
deep_gp,entropy_batch,warm,al,static_random,47,0.980194,0.001011,5
deep_gp,entropy_batch,warm,al,static_random,48,0.980556,0.000918,5
deep_gp,entropy_batch,warm,al,static_random,49,0.980428,0.000975,5
deep_gp,entropy_batch,warm,al,static_random,50,0.980816,0.000972,5
deep_gp,entropy_batch,warm,al,static_random,51,0.980874,0.000925,5
deep_gp,entropy_batch,warm,al,static_random,52,0.980832,0.000907,5
deep_gp,entropy_batch,warm,al,static_random,53,0.980892,0.001014,5
deep_gp,entropy_batch,warm,al,static_random,54,0.981040,0.000975,5
deep_gp,entropy_batch,warm,al,static_random,55,0.980954,0.000995,5
deep_gp,entropy_batch,warm,al,static_random,56,0.980216,0.001882,5
deep_gp,entropy_batch,warm,al,static_random,57,0.980276,0.001705,5
deep_gp,entropy_batch,warm,al,static_random,58,0.980596,0.001778,5
deep_gp,entropy_batch,warm,al,static_random,59,0.980098,0.001754,5
deep_gp,entropy_batch,warm,al,static_random,60,0.980872,0.001449,5
deep_gp,entropy_batch,warm,al,static_random,61,0.981062,0.001378,5
deep_gp,entropy_batch,warm,al,static_random,62,0.981004,0.001449,5
deep_gp,entropy_batch,warm,al,static_random,63,0.981358,0.001185,5
deep_gp,entropy_batch,warm,al,static_random,64,0.981192,0.001138,5
deep_gp,entropy_batch,warm,al,static_random,65,0.981476,0.001154,5
deep_gp,entropy_batch,warm,al,static_random,66,0.981190,0.001322,5
deep_gp,entropy_batch,warm,al,static_random,67,0.981290,0.001212,5
deep_gp,entropy_batch,warm,al,static_random,68,0.981522,0.001071,5
deep_gp,entropy_batch,warm,al,static_random,69,0.981818,0.001058,5
deep_gp,entropy_batch,warm,al,static_random,70,0.981802,0.001113,5
deep_gp,entropy_batch,warm,al,static_random,71,0.981874,0.001060,5
deep_gp,entropy_batch,warm,al,static_random,72,0.981900,0.001014,5
deep_gp,entropy_batch,warm,al,static_random,73,0.982066,0.000919,5
deep_gp,entropy_batch,warm,al,static_random,74,0.982054,0.001068,5
deep_gp,entropy_batch,warm,al,static_random,75,0.982004,0.001030,5
deep_gp,entropy_batch,warm,al,static_random,76,0.982014,0.001089,5
deep_gp,entropy_batch,warm,al,static_random,77,0.982094,0.001112,5
deep_gp,entropy_batch,warm,al,static_random,78,0.982492,0.000870,5
deep_gp,entropy_batch,warm,al,static_random,79,0.982140,0.001017,5
deep_gp,entropy_batch,warm,al,static_random,80,0.982124,0.000923,5
deep_gp,entropy_batch,warm,al,static_random,81,0.982126,0.000999,5
deep_gp,entropy_batch,warm,al,static_random,82,0.982542,0.000873,5
deep_gp,entropy_batch,warm,al,static_random,83,0.982334,0.001030,5
deep_gp,entropy_batch,warm,al,static_random,84,0.982436,0.001001,5
deep_gp,entropy_batch,warm,al,static_random,85,0.982056,0.001095,5
deep_gp,entropy_batch,warm,al,static_random,86,0.982446,0.000914,5
deep_gp,entropy_batch,warm,al,static_random,87,0.982100,0.000998,5
deep_gp,entropy_batch,warm,al,static_random,88,0.982704,0.000824,5
deep_gp,entropy_batch,warm,al,static_random,89,0.982364,0.000988,5
deep_gp,entropy_batch,warm,al,static_random,90,0.982226,0.001052,5
deep_gp,entropy_batch,warm,al,static_random,91,0.982556,0.000938,5
deep_gp,entropy_batch,warm,al,static_random,92,0.982524,0.001028,5
deep_gp,entropy_batch,warm,al,static_random,93,0.982730,0.001115,5
deep_gp,entropy_batch,warm,al,static_random,94,0.982454,0.001043,5
deep_gp,entropy_batch,warm,al,static_random,95,0.982374,0.001204,5
deep_gp,entropy_batch,warm,al,static_random,96,0.982670,0.000871,5
deep_gp,entropy_batch,warm,al,static_random,97,0.982482,0.001060,5
deep_gp,entropy_batch,warm,al,static_random,98,0.982672,0.000955,5
deep_gp,entropy_batch,warm,al,static_random,99,0.982276,0.001092,5
deep_gp,entropy_batch,warm,al,static_random,100,0.982692,0.001133,5
deep_gp,entropy_batch,warm,al,static_random,101,0.982810,0.001020,5
deep_gp,entropy_batch,warm,al,static_random,102,0.982880,0.001083,5
deep_gp,entropy_batch,warm,al,static_random,103,0.982670,0.001008,5
deep_gp,entropy_batch,warm,al,static_random,104,0.982542,0.000983,5
deep_gp,entropy_batch,warm,al,static_random,105,0.982624,0.001113,5
deep_gp,entropy_batch,warm,al,static_random,106,0.982784,0.001186,5
deep_gp,entropy_batch,warm,al,static_random,107,0.982570,0.001187,5
deep_gp,entropy_batch,warm,al,static_random,108,0.982980,0.001123,5
deep_gp,entropy_batch,warm,al,static_random,109,0.983024,0.000911,5
deep_gp,entropy_batch,warm,al,static_random,110,0.982848,0.001038,5
deep_gp,entropy_batch,warm,al,static_random,111,0.982636,0.001176,5
deep_gp,entropy_batch,warm,al,static_random,112,0.982768,0.001058,5
deep_gp,entropy_batch,warm,al,static_random,113,0.983054,0.001090,5
deep_gp,entropy_batch,warm,al,static_random,114,0.982834,0.001141,5
deep_gp,entropy_batch,warm,al,static_random,115,0.983236,0.000862,5
deep_gp,entropy_batch,warm,al,static_random,116,0.982608,0.001068,5
deep_gp,entropy_batch,warm,al,static_random,117,0.982886,0.001104,5
deep_gp,entropy_batch,warm,al,static_random,118,0.982638,0.001198,5
deep_gp,entropy_batch,warm,al,static_random,119,0.982934,0.000987,5
deep_gp,entropy_batch,warm,al,static_random,120,0.983222,0.001054,5
deep_gp,entropy_batch,warm,al,static_random,121,0.983086,0.000923,5
deep_gp,entropy_batch,warm,al,static_random,122,0.983276,0.001026,5
deep_gp,entropy_batch,warm,al,static_random,123,0.983362,0.001001,5
deep_gp,entropy_batch,warm,al,static_random,124,0.983176,0.000987,5
deep_gp,entropy_batch,warm,al,static_random,125,0.983180,0.001166,5
deep_gp,entropy_batch,warm,al,static_random,126,0.983076,0.001016,5
deep_gp,entropy_batch,warm,al,static_random,127,0.983102,0.001089,5
deep_gp,entropy_batch,warm,al,static_random,128,0.983064,0.001042,5
deep_gp,entropy_batch,warm,al,static_random,129,0.982864,0.001309,5
deep_gp,entropy_batch,warm,al,static_random,130,0.983148,0.001239,5
deep_gp,entropy_batch,warm,al,static_random,131,0.983076,0.001219,5
deep_gp,entropy_batch,warm,al,static_random,132,0.983424,0.001007,5
deep_gp,entropy_batch,warm,al,static_random,133,0.983386,0.000999,5
deep_gp,entropy_batch,warm,al,static_random,134,0.983366,0.001056,5
deep_gp,entropy_batch,warm,al,static_random,135,0.983352,0.000943,5
deep_gp,entropy_batch,warm,al,static_random,136,0.983478,0.000968,5
deep_gp,entropy_batch,warm,al,static_random,137,0.983272,0.001154,5
deep_gp,entropy_batch,warm,al,static_random,138,0.983354,0.001219,5
deep_gp,entropy_batch,warm,al,static_random,139,0.983256,0.001166,5
deep_gp,entropy_batch,warm,al,static_random,140,0.983204,0.001180,5
deep_gp,entropy_batch,warm,al,static_random,141,0.983426,0.001038,5
deep_gp,entropy_batch,warm,al,static_random,142,0.983326,0.001162,5
deep_gp,entropy_batch,warm,al,static_random,143,0.983384,0.001050,5
deep_gp,entropy_batch,warm,al,static_random,144,0.983156,0.001049,5
deep_gp,entropy_batch,warm,al,static_random,145,0.983373,0.001902,3
deep_gp,entropy_batch,warm,al,static_random,146,0.983113,0.002162,3
deep_gp,entropy_batch,warm,al,static_random,147,0.983497,0.001781,3
deep_gp,entropy_batch,warm,al,static_random,148,0.983200,0.001973,3
deep_gp,entropy_batch,warm,al,static_random,149,0.983400,0.001880,3
deep_gp,entropy_batch,warm,al,static_random,150,0.983490,0.001892,3
deep_gp,entropy_batch,warm,al,static_random,151,0.983080,0.003460,2
deep_gp,entropy_batch,warm,al,static_random,152,0.983335,0.003125,2
deep_gp,entropy_batch,warm,al,mcmc,1,0.552516,0.002929,5
deep_gp,entropy_batch,warm,al,mcmc,2,0.564730,0.004638,5
deep_gp,entropy_batch,warm,al,mcmc,3,0.570753,0.004583,5
deep_gp,entropy_batch,warm,al,mcmc,4,0.575876,0.005042,5
deep_gp,entropy_batch,warm,al,mcmc,5,0.582016,0.006129,5
deep_gp,entropy_batch,warm,al,mcmc,6,0.582035,0.006190,5
deep_gp,entropy_batch,warm,al,mcmc,7,0.581782,0.003406,5
deep_gp,entropy_batch,warm,al,mcmc,8,0.580474,0.003615,5
deep_gp,entropy_batch,warm,al,mcmc,9,0.578547,0.002880,5
deep_gp,entropy_batch,warm,al,mcmc,10,0.577687,0.004022,5
deep_gp,entropy_batch,warm,al,mcmc,11,0.579719,0.004829,5
deep_gp,entropy_batch,warm,al,mcmc,12,0.580414,0.005589,5
deep_gp,entropy_batch,warm,al,mcmc,13,0.582676,0.005386,5
deep_gp,entropy_batch,warm,al,mcmc,14,0.583654,0.004959,5
deep_gp,entropy_batch,warm,al,mcmc,15,0.588285,0.004727,5
deep_gp,entropy_batch,warm,al,mcmc,16,0.588155,0.005037,5
deep_gp,entropy_batch,warm,al,mcmc,17,0.587588,0.005901,5
deep_gp,entropy_batch,warm,al,mcmc,18,0.591158,0.005531,5
deep_gp,entropy_batch,warm,al,mcmc,19,0.591181,0.006319,5
deep_gp,entropy_batch,warm,al,mcmc,20,0.592477,0.005068,5
deep_gp,entropy_batch,warm,al,mcmc,21,0.591913,0.004312,5
deep_gp,entropy_batch,warm,al,mcmc,22,0.597887,0.006491,5
deep_gp,entropy_batch,warm,al,mcmc,23,0.597871,0.006246,5
deep_gp,entropy_batch,warm,al,mcmc,24,0.595282,0.006951,5
deep_gp,entropy_batch,warm,al,mcmc,25,0.600594,0.006899,5
deep_gp,entropy_batch,warm,al,mcmc,26,0.601930,0.006406,5
deep_gp,entropy_batch,warm,al,mcmc,27,0.600111,0.006685,5
deep_gp,entropy_batch,warm,al,mcmc,28,0.598708,0.005826,5
deep_gp,entropy_batch,warm,al,mcmc,29,0.603635,0.006148,5
deep_gp,entropy_batch,warm,al,mcmc,30,0.604624,0.006639,5
deep_gp,entropy_batch,warm,al,mcmc,31,0.601781,0.006335,5
deep_gp,entropy_batch,warm,al,mcmc,32,0.601307,0.007269,5
deep_gp,entropy_batch,warm,al,mcmc,33,0.605658,0.007082,5
deep_gp,entropy_batch,warm,al,mcmc,34,0.603285,0.005870,5
deep_gp,entropy_batch,warm,al,mcmc,35,0.606357,0.006612,5
deep_gp,entropy_batch,warm,al,mcmc,36,0.606047,0.007617,5
deep_gp,entropy_batch,warm,al,mcmc,37,0.609161,0.006234,5
deep_gp,entropy_batch,warm,al,mcmc,38,0.606194,0.006054,5
deep_gp,entropy_batch,warm,al,mcmc,39,0.606622,0.007283,5
deep_gp,entropy_batch,warm,al,mcmc,40,0.606800,0.006701,5
deep_gp,entropy_batch,warm,al,mcmc,41,0.607348,0.010188,5
deep_gp,entropy_batch,warm,al,mcmc,42,0.605045,0.006904,5
deep_gp,entropy_batch,warm,al,mcmc,43,0.611146,0.008271,5
deep_gp,entropy_batch,warm,al,mcmc,44,0.612114,0.008506,5
deep_gp,entropy_batch,warm,al,mcmc,45,0.606862,0.006253,5
deep_gp,entropy_batch,warm,al,mcmc,46,0.612702,0.008722,5
deep_gp,entropy_batch,warm,al,mcmc,47,0.611608,0.009368,5
deep_gp,entropy_batch,warm,al,mcmc,48,0.609266,0.008600,5
deep_gp,entropy_batch,warm,al,mcmc,49,0.611439,0.008138,5
deep_gp,entropy_batch,warm,al,mcmc,50,0.613449,0.007876,5
deep_gp,entropy_batch,warm,al,mcmc,51,0.614193,0.007978,5
deep_gp,entropy_batch,warm,al,mcmc,52,0.612306,0.007542,5
deep_gp,entropy_batch,warm,al,mcmc,53,0.614039,0.007902,5
deep_gp,entropy_batch,warm,al,mcmc,54,0.614936,0.008023,5
deep_gp,entropy_batch,warm,al,mcmc,55,0.612761,0.007926,5
deep_gp,entropy_batch,warm,al,mcmc,56,0.613072,0.007467,5
deep_gp,entropy_batch,warm,al,mcmc,57,0.616181,0.007818,5
deep_gp,entropy_batch,warm,al,mcmc,58,0.617092,0.007933,5
deep_gp,entropy_batch,warm,al,mcmc,59,0.613246,0.007480,5
deep_gp,entropy_batch,warm,al,mcmc,60,0.617278,0.008016,5
deep_gp,entropy_batch,warm,al,mcmc,61,0.617179,0.007306,5
deep_gp,entropy_batch,warm,al,mcmc,62,0.617348,0.009116,5
deep_gp,entropy_batch,warm,al,mcmc,63,0.619583,0.008428,5
deep_gp,entropy_batch,warm,al,mcmc,64,0.616864,0.008916,5
deep_gp,entropy_batch,warm,al,mcmc,65,0.617123,0.007411,5
deep_gp,entropy_batch,warm,al,mcmc,66,0.618680,0.008901,5
deep_gp,entropy_batch,warm,al,mcmc,67,0.616235,0.006987,5
deep_gp,entropy_batch,warm,al,mcmc,68,0.616844,0.006313,5
deep_gp,entropy_batch,warm,al,mcmc,69,0.619693,0.007519,5
deep_gp,entropy_batch,warm,al,mcmc,70,0.617439,0.008239,5
deep_gp,entropy_batch,warm,al,mcmc,71,0.617354,0.006253,5
deep_gp,entropy_batch,warm,al,mcmc,72,0.625275,0.009615,5
deep_gp,entropy_batch,warm,al,mcmc,73,0.623437,0.006995,5
deep_gp,entropy_batch,warm,al,mcmc,74,0.624548,0.009458,5
deep_gp,entropy_batch,warm,al,mcmc,75,0.622967,0.008481,5
deep_gp,entropy_batch,warm,al,mcmc,76,0.626899,0.009040,5
deep_gp,entropy_batch,warm,al,mcmc,77,0.621058,0.008150,5
deep_gp,entropy_batch,warm,al,mcmc,78,0.627035,0.005916,5
deep_gp,entropy_batch,warm,al,mcmc,79,0.619951,0.007437,5
deep_gp,entropy_batch,warm,al,mcmc,80,0.623628,0.007791,5
deep_gp,entropy_batch,warm,al,mcmc,81,0.622446,0.006820,5
deep_gp,entropy_batch,warm,al,mcmc,82,0.623690,0.007862,5
deep_gp,entropy_batch,warm,al,mcmc,83,0.624886,0.004408,5
deep_gp,entropy_batch,warm,al,mcmc,84,0.622727,0.006149,5
deep_gp,entropy_batch,warm,al,mcmc,85,0.616646,0.006278,5
deep_gp,entropy_batch,warm,al,mcmc,86,0.622551,0.003280,5
deep_gp,entropy_batch,warm,al,mcmc,87,0.619889,0.005648,5
deep_gp,entropy_batch,warm,al,mcmc,88,0.625183,0.004037,5
deep_gp,entropy_batch,warm,al,mcmc,89,0.619761,0.006317,5
deep_gp,entropy_batch,warm,al,mcmc,90,0.620480,0.006657,5
deep_gp,entropy_batch,warm,al,mcmc,91,0.624854,0.006614,5
deep_gp,entropy_batch,warm,al,mcmc,92,0.626311,0.005721,5
deep_gp,entropy_batch,warm,al,mcmc,93,0.624807,0.007299,5
deep_gp,entropy_batch,warm,al,mcmc,94,0.623356,0.007146,5
deep_gp,entropy_batch,warm,al,mcmc,95,0.620680,0.007776,5
deep_gp,entropy_batch,warm,al,mcmc,96,0.626034,0.005169,5
deep_gp,entropy_batch,warm,al,mcmc,97,0.622947,0.005767,5
deep_gp,entropy_batch,warm,al,mcmc,98,0.627544,0.004239,5
deep_gp,entropy_batch,warm,al,mcmc,99,0.619281,0.004245,5
deep_gp,entropy_batch,warm,al,mcmc,100,0.625380,0.007597,5
deep_gp,entropy_batch,warm,al,mcmc,101,0.622704,0.006972,5
deep_gp,entropy_batch,warm,al,mcmc,102,0.628732,0.005379,5
deep_gp,entropy_batch,warm,al,mcmc,103,0.623409,0.006073,5
deep_gp,entropy_batch,warm,al,mcmc,104,0.624654,0.003038,5
deep_gp,entropy_batch,warm,al,mcmc,105,0.623516,0.005969,5
deep_gp,entropy_batch,warm,al,mcmc,106,0.629843,0.005702,5
deep_gp,entropy_batch,warm,al,mcmc,107,0.619585,0.005004,5
deep_gp,entropy_batch,warm,al,mcmc,108,0.625198,0.005555,5
deep_gp,entropy_batch,warm,al,mcmc,109,0.626376,0.005157,5
deep_gp,entropy_batch,warm,al,mcmc,110,0.624902,0.004578,5
deep_gp,entropy_batch,warm,al,mcmc,111,0.623505,0.005379,5
deep_gp,entropy_batch,warm,al,mcmc,112,0.621076,0.004797,5
deep_gp,entropy_batch,warm,al,mcmc,113,0.628834,0.005060,5
deep_gp,entropy_batch,warm,al,mcmc,114,0.622777,0.003457,5
deep_gp,entropy_batch,warm,al,mcmc,115,0.628316,0.003758,5
deep_gp,entropy_batch,warm,al,mcmc,116,0.621981,0.004932,5
deep_gp,entropy_batch,warm,al,mcmc,117,0.625364,0.008282,5
deep_gp,entropy_batch,warm,al,mcmc,118,0.625402,0.004996,5
deep_gp,entropy_batch,warm,al,mcmc,119,0.622892,0.005044,5
deep_gp,entropy_batch,warm,al,mcmc,120,0.624234,0.005321,5
deep_gp,entropy_batch,warm,al,mcmc,121,0.627463,0.006091,5
deep_gp,entropy_batch,warm,al,mcmc,122,0.627312,0.005188,5
deep_gp,entropy_batch,warm,al,mcmc,123,0.627636,0.004976,5
deep_gp,entropy_batch,warm,al,mcmc,124,0.627554,0.004683,5
deep_gp,entropy_batch,warm,al,mcmc,125,0.627871,0.007512,5
deep_gp,entropy_batch,warm,al,mcmc,126,0.627680,0.006290,5
deep_gp,entropy_batch,warm,al,mcmc,127,0.627966,0.005083,5
deep_gp,entropy_batch,warm,al,mcmc,128,0.624359,0.006008,5
deep_gp,entropy_batch,warm,al,mcmc,129,0.628539,0.005708,5
deep_gp,entropy_batch,warm,al,mcmc,130,0.633489,0.006358,5
deep_gp,entropy_batch,warm,al,mcmc,131,0.623593,0.006859,5
deep_gp,entropy_batch,warm,al,mcmc,132,0.630530,0.005264,5
deep_gp,entropy_batch,warm,al,mcmc,133,0.630456,0.005009,5
deep_gp,entropy_batch,warm,al,mcmc,134,0.630217,0.004374,5
deep_gp,entropy_batch,warm,al,mcmc,135,0.629352,0.004613,5
deep_gp,entropy_batch,warm,al,mcmc,136,0.629183,0.003417,5
deep_gp,entropy_batch,warm,al,mcmc,137,0.632191,0.005365,5
deep_gp,entropy_batch,warm,al,mcmc,138,0.631465,0.006650,5
deep_gp,entropy_batch,warm,al,mcmc,139,0.628152,0.005453,5
deep_gp,entropy_batch,warm,al,mcmc,140,0.624785,0.005990,5
deep_gp,entropy_batch,warm,al,mcmc,141,0.627293,0.005936,5
deep_gp,entropy_batch,warm,al,mcmc,142,0.627877,0.004621,5
deep_gp,entropy_batch,warm,al,mcmc,143,0.624019,0.006574,5
deep_gp,entropy_batch,warm,al,mcmc,144,0.624077,0.004539,5
deep_gp,entropy_batch,warm,al,mcmc,145,0.624637,0.002351,3
deep_gp,entropy_batch,warm,al,mcmc,146,0.619701,0.009528,3
deep_gp,entropy_batch,warm,al,mcmc,147,0.619555,0.004824,3
deep_gp,entropy_batch,warm,al,mcmc,148,0.619809,0.006854,3
deep_gp,entropy_batch,warm,al,mcmc,149,0.623074,0.005465,3
deep_gp,entropy_batch,warm,al,mcmc,150,0.624318,0.006746,3
deep_gp,entropy_batch,warm,al,mcmc,151,0.615588,0.003354,2
deep_gp,entropy_batch,warm,al,mcmc,152,0.625411,0.006213,2
deep_gp,entropy_batch,warm,al,train,1,0.951000,0.002327,5
deep_gp,entropy_batch,warm,al,train,2,0.940554,0.004730,5
deep_gp,entropy_batch,warm,al,train,3,0.930830,0.003004,5
deep_gp,entropy_batch,warm,al,train,4,0.913203,0.004509,5
deep_gp,entropy_batch,warm,al,train,5,0.901103,0.003971,5
deep_gp,entropy_batch,warm,al,train,6,0.891265,0.005597,5
deep_gp,entropy_batch,warm,al,train,7,0.886378,0.004886,5
deep_gp,entropy_batch,warm,al,train,8,0.877151,0.007700,5
deep_gp,entropy_batch,warm,al,train,9,0.870664,0.009449,5
deep_gp,entropy_batch,warm,al,train,10,0.862858,0.009313,5
deep_gp,entropy_batch,warm,al,train,11,0.862822,0.008928,5
deep_gp,entropy_batch,warm,al,train,12,0.858332,0.010447,5
deep_gp,entropy_batch,warm,al,train,13,0.856003,0.008011,5
deep_gp,entropy_batch,warm,al,train,14,0.849112,0.008419,5
deep_gp,entropy_batch,warm,al,train,15,0.845916,0.008740,5
deep_gp,entropy_batch,warm,al,train,16,0.848416,0.006537,5
deep_gp,entropy_batch,warm,al,train,17,0.842835,0.006237,5
deep_gp,entropy_batch,warm,al,train,18,0.842949,0.005347,5
deep_gp,entropy_batch,warm,al,train,19,0.840439,0.008021,5
deep_gp,entropy_batch,warm,al,train,20,0.840899,0.006383,5
deep_gp,entropy_batch,warm,al,train,21,0.834069,0.006360,5
deep_gp,entropy_batch,warm,al,train,22,0.836229,0.007891,5
deep_gp,entropy_batch,warm,al,train,23,0.827095,0.005834,5
deep_gp,entropy_batch,warm,al,train,24,0.820883,0.004777,5
deep_gp,entropy_batch,warm,al,train,25,0.824925,0.005704,5
deep_gp,entropy_batch,warm,al,train,26,0.819548,0.004422,5
deep_gp,entropy_batch,warm,al,train,27,0.819093,0.005333,5
deep_gp,entropy_batch,warm,al,train,28,0.822840,0.005921,5
deep_gp,entropy_batch,warm,al,train,29,0.822050,0.008027,5
deep_gp,entropy_batch,warm,al,train,30,0.813429,0.008805,5
deep_gp,entropy_batch,warm,al,train,31,0.812042,0.007022,5
deep_gp,entropy_batch,warm,al,train,32,0.805092,0.004667,5
deep_gp,entropy_batch,warm,al,train,33,0.808917,0.006439,5
deep_gp,entropy_batch,warm,al,train,34,0.806392,0.005683,5
deep_gp,entropy_batch,warm,al,train,35,0.805578,0.005324,5
deep_gp,entropy_batch,warm,al,train,36,0.805197,0.005859,5
deep_gp,entropy_batch,warm,al,train,37,0.804749,0.006194,5
deep_gp,entropy_batch,warm,al,train,38,0.800740,0.005690,5
deep_gp,entropy_batch,warm,al,train,39,0.800726,0.004486,5
deep_gp,entropy_batch,warm,al,train,40,0.796896,0.005848,5
deep_gp,entropy_batch,warm,al,train,41,0.809349,0.013034,5
deep_gp,entropy_batch,warm,al,train,42,0.803471,0.009841,5
deep_gp,entropy_batch,warm,al,train,43,0.802829,0.011652,5
deep_gp,entropy_batch,warm,al,train,44,0.802812,0.010178,5
deep_gp,entropy_batch,warm,al,train,45,0.799472,0.008687,5
deep_gp,entropy_batch,warm,al,train,46,0.797255,0.009373,5
deep_gp,entropy_batch,warm,al,train,47,0.792579,0.011264,5
deep_gp,entropy_batch,warm,al,train,48,0.793033,0.009656,5
deep_gp,entropy_batch,warm,al,train,49,0.789263,0.009918,5
deep_gp,entropy_batch,warm,al,train,50,0.792617,0.009128,5
deep_gp,entropy_batch,warm,al,train,51,0.792113,0.010002,5
deep_gp,entropy_batch,warm,al,train,52,0.788970,0.007235,5
deep_gp,entropy_batch,warm,al,train,53,0.787961,0.008945,5
deep_gp,entropy_batch,warm,al,train,54,0.784839,0.009441,5
deep_gp,entropy_batch,warm,al,train,55,0.784680,0.009190,5
deep_gp,entropy_batch,warm,al,train,56,0.783426,0.008191,5
deep_gp,entropy_batch,warm,al,train,57,0.778737,0.006511,5
deep_gp,entropy_batch,warm,al,train,58,0.784782,0.006745,5
deep_gp,entropy_batch,warm,al,train,59,0.778808,0.008893,5
deep_gp,entropy_batch,warm,al,train,60,0.776998,0.006673,5
deep_gp,entropy_batch,warm,al,train,61,0.779112,0.006415,5
deep_gp,entropy_batch,warm,al,train,62,0.777842,0.008402,5
deep_gp,entropy_batch,warm,al,train,63,0.779857,0.007995,5
deep_gp,entropy_batch,warm,al,train,64,0.772706,0.007288,5
deep_gp,entropy_batch,warm,al,train,65,0.776346,0.006468,5
deep_gp,entropy_batch,warm,al,train,66,0.770861,0.007197,5
deep_gp,entropy_batch,warm,al,train,67,0.770211,0.007002,5
deep_gp,entropy_batch,warm,al,train,68,0.770596,0.005510,5
deep_gp,entropy_batch,warm,al,train,69,0.768914,0.004949,5
deep_gp,entropy_batch,warm,al,train,70,0.767541,0.007626,5
deep_gp,entropy_batch,warm,al,train,71,0.767570,0.005199,5
deep_gp,entropy_batch,warm,al,train,72,0.770869,0.007606,5
deep_gp,entropy_batch,warm,al,train,73,0.770798,0.005800,5
deep_gp,entropy_batch,warm,al,train,74,0.772398,0.008220,5
deep_gp,entropy_batch,warm,al,train,75,0.764155,0.007065,5
deep_gp,entropy_batch,warm,al,train,76,0.765410,0.006667,5
deep_gp,entropy_batch,warm,al,train,77,0.763563,0.009301,5
deep_gp,entropy_batch,warm,al,train,78,0.770822,0.009233,5
deep_gp,entropy_batch,warm,al,train,79,0.767455,0.006876,5
deep_gp,entropy_batch,warm,al,train,80,0.762409,0.006317,5
deep_gp,entropy_batch,warm,al,train,81,0.765758,0.007374,5
deep_gp,entropy_batch,warm,al,train,82,0.765516,0.007941,5
deep_gp,entropy_batch,warm,al,train,83,0.763994,0.007620,5
deep_gp,entropy_batch,warm,al,train,84,0.764404,0.008923,5
deep_gp,entropy_batch,warm,al,train,85,0.758563,0.009479,5
deep_gp,entropy_batch,warm,al,train,86,0.760781,0.007797,5
deep_gp,entropy_batch,warm,al,train,87,0.758819,0.007341,5
deep_gp,entropy_batch,warm,al,train,88,0.763821,0.008547,5
deep_gp,entropy_batch,warm,al,train,89,0.757846,0.008269,5
deep_gp,entropy_batch,warm,al,train,90,0.757314,0.007538,5
deep_gp,entropy_batch,warm,al,train,91,0.758535,0.005448,5
deep_gp,entropy_batch,warm,al,train,92,0.756847,0.008435,5
deep_gp,entropy_batch,warm,al,train,93,0.760280,0.007340,5
deep_gp,entropy_batch,warm,al,train,94,0.753856,0.008832,5
deep_gp,entropy_batch,warm,al,train,95,0.754678,0.008283,5
deep_gp,entropy_batch,warm,al,train,96,0.755758,0.009539,5
deep_gp,entropy_batch,warm,al,train,97,0.751961,0.007818,5
deep_gp,entropy_batch,warm,al,train,98,0.758048,0.005687,5
deep_gp,entropy_batch,warm,al,train,99,0.750068,0.007599,5
deep_gp,entropy_batch,warm,al,train,100,0.751594,0.007642,5
deep_gp,entropy_batch,warm,al,train,101,0.750611,0.007376,5
deep_gp,entropy_batch,warm,al,train,102,0.753850,0.005480,5
deep_gp,entropy_batch,warm,al,train,103,0.749708,0.006884,5
deep_gp,entropy_batch,warm,al,train,104,0.746211,0.007085,5
deep_gp,entropy_batch,warm,al,train,105,0.747965,0.005851,5
deep_gp,entropy_batch,warm,al,train,106,0.746758,0.008768,5
deep_gp,entropy_batch,warm,al,train,107,0.744823,0.006927,5
deep_gp,entropy_batch,warm,al,train,108,0.748940,0.006450,5
deep_gp,entropy_batch,warm,al,train,109,0.748381,0.005796,5
deep_gp,entropy_batch,warm,al,train,110,0.745542,0.007859,5
deep_gp,entropy_batch,warm,al,train,111,0.743275,0.006673,5
deep_gp,entropy_batch,warm,al,train,112,0.743339,0.005603,5
deep_gp,entropy_batch,warm,al,train,113,0.747501,0.006557,5
deep_gp,entropy_batch,warm,al,train,114,0.743051,0.005420,5
deep_gp,entropy_batch,warm,al,train,115,0.747988,0.004237,5
deep_gp,entropy_batch,warm,al,train,116,0.736896,0.008530,5
deep_gp,entropy_batch,warm,al,train,117,0.748523,0.006725,5
deep_gp,entropy_batch,warm,al,train,118,0.746603,0.005865,5
deep_gp,entropy_batch,warm,al,train,119,0.749330,0.006031,5
deep_gp,entropy_batch,warm,al,train,120,0.746695,0.005624,5
deep_gp,entropy_batch,warm,al,train,121,0.749645,0.007286,5
deep_gp,entropy_batch,warm,al,train,122,0.751274,0.007345,5
deep_gp,entropy_batch,warm,al,train,123,0.749961,0.006297,5
deep_gp,entropy_batch,warm,al,train,124,0.749539,0.005247,5
deep_gp,entropy_batch,warm,al,train,125,0.747282,0.008519,5
deep_gp,entropy_batch,warm,al,train,126,0.748066,0.005880,5
deep_gp,entropy_batch,warm,al,train,127,0.746001,0.005980,5
deep_gp,entropy_batch,warm,al,train,128,0.744002,0.005630,5
deep_gp,entropy_batch,warm,al,train,129,0.748608,0.005636,5
deep_gp,entropy_batch,warm,al,train,130,0.745539,0.006714,5
deep_gp,entropy_batch,warm,al,train,131,0.745003,0.006816,5
deep_gp,entropy_batch,warm,al,train,132,0.749380,0.006099,5
deep_gp,entropy_batch,warm,al,train,133,0.746611,0.005518,5
deep_gp,entropy_batch,warm,al,train,134,0.746621,0.005733,5
deep_gp,entropy_batch,warm,al,train,135,0.744789,0.005410,5
deep_gp,entropy_batch,warm,al,train,136,0.743734,0.003584,5
deep_gp,entropy_batch,warm,al,train,137,0.739678,0.007590,5
deep_gp,entropy_batch,warm,al,train,138,0.742116,0.007152,5
deep_gp,entropy_batch,warm,al,train,139,0.743080,0.006996,5
deep_gp,entropy_batch,warm,al,train,140,0.739728,0.006792,5
deep_gp,entropy_batch,warm,al,train,141,0.740209,0.008340,5
deep_gp,entropy_batch,warm,al,train,142,0.742772,0.003990,5
deep_gp,entropy_batch,warm,al,train,143,0.741355,0.007053,5
deep_gp,entropy_batch,warm,al,train,144,0.737405,0.006588,5
deep_gp,entropy_batch,warm,al,train,145,0.738793,0.005329,3
deep_gp,entropy_batch,warm,al,train,146,0.733373,0.008093,3
deep_gp,entropy_batch,warm,al,train,147,0.732720,0.002829,3
deep_gp,entropy_batch,warm,al,train,148,0.735672,0.006117,3
deep_gp,entropy_batch,warm,al,train,149,0.737144,0.004328,3
deep_gp,entropy_batch,warm,al,train,150,0.738729,0.004285,3
deep_gp,entropy_batch,warm,al,train,151,0.733081,0.006685,2
deep_gp,entropy_batch,warm,al,train,152,0.735788,0.005096,2
deep_gp,entropy_batch,warm,al,val,1,0.933000,0.006195,5
deep_gp,entropy_batch,warm,al,val,2,0.925328,0.007970,5
deep_gp,entropy_batch,warm,al,val,3,0.912069,0.008959,5
deep_gp,entropy_batch,warm,al,val,4,0.895836,0.008941,5
deep_gp,entropy_batch,warm,al,val,5,0.883995,0.007472,5
deep_gp,entropy_batch,warm,al,val,6,0.867007,0.004520,5
deep_gp,entropy_batch,warm,al,val,7,0.864664,0.007040,5
deep_gp,entropy_batch,warm,al,val,8,0.848577,0.008332,5
deep_gp,entropy_batch,warm,al,val,9,0.844313,0.011199,5
deep_gp,entropy_batch,warm,al,val,10,0.837299,0.012064,5
deep_gp,entropy_batch,warm,al,val,11,0.838054,0.009698,5
deep_gp,entropy_batch,warm,al,val,12,0.837040,0.010631,5
deep_gp,entropy_batch,warm,al,val,13,0.830436,0.008379,5
deep_gp,entropy_batch,warm,al,val,14,0.823050,0.010017,5
deep_gp,entropy_batch,warm,al,val,15,0.822712,0.007352,5
deep_gp,entropy_batch,warm,al,val,16,0.826429,0.005756,5
deep_gp,entropy_batch,warm,al,val,17,0.821832,0.004316,5
deep_gp,entropy_batch,warm,al,val,18,0.820732,0.007057,5
deep_gp,entropy_batch,warm,al,val,19,0.817979,0.009889,5
deep_gp,entropy_batch,warm,al,val,20,0.815681,0.009364,5
deep_gp,entropy_batch,warm,al,val,21,0.811730,0.006847,5
deep_gp,entropy_batch,warm,al,val,22,0.812893,0.010105,5
deep_gp,entropy_batch,warm,al,val,23,0.808096,0.006052,5
deep_gp,entropy_batch,warm,al,val,24,0.798752,0.006211,5
deep_gp,entropy_batch,warm,al,val,25,0.808602,0.004187,5
deep_gp,entropy_batch,warm,al,val,26,0.799950,0.004666,5
deep_gp,entropy_batch,warm,al,val,27,0.803524,0.005055,5
deep_gp,entropy_batch,warm,al,val,28,0.803930,0.008634,5
deep_gp,entropy_batch,warm,al,val,29,0.805182,0.010603,5
deep_gp,entropy_batch,warm,al,val,30,0.796746,0.008987,5
deep_gp,entropy_batch,warm,al,val,31,0.794551,0.006716,5
deep_gp,entropy_batch,warm,al,val,32,0.791231,0.005620,5
deep_gp,entropy_batch,warm,al,val,33,0.792214,0.006651,5
deep_gp,entropy_batch,warm,al,val,34,0.789847,0.004911,5
deep_gp,entropy_batch,warm,al,val,35,0.789891,0.006029,5
deep_gp,entropy_batch,warm,al,val,36,0.788255,0.005129,5
deep_gp,entropy_batch,warm,al,val,37,0.789039,0.005817,5
deep_gp,entropy_batch,warm,al,val,38,0.785468,0.006353,5
deep_gp,entropy_batch,warm,al,val,39,0.787210,0.002957,5
deep_gp,entropy_batch,warm,al,val,40,0.783553,0.004461,5
deep_gp,entropy_batch,warm,al,val,41,0.794103,0.012281,5
deep_gp,entropy_batch,warm,al,val,42,0.788889,0.008937,5
deep_gp,entropy_batch,warm,al,val,43,0.787516,0.011033,5
deep_gp,entropy_batch,warm,al,val,44,0.789734,0.011701,5
deep_gp,entropy_batch,warm,al,val,45,0.782986,0.009443,5
deep_gp,entropy_batch,warm,al,val,46,0.786717,0.011808,5
deep_gp,entropy_batch,warm,al,val,47,0.780506,0.011559,5
deep_gp,entropy_batch,warm,al,val,48,0.781498,0.010385,5
deep_gp,entropy_batch,warm,al,val,49,0.776504,0.009881,5
deep_gp,entropy_batch,warm,al,val,50,0.781891,0.009533,5
deep_gp,entropy_batch,warm,al,val,51,0.778830,0.010707,5
deep_gp,entropy_batch,warm,al,val,52,0.779027,0.006725,5
deep_gp,entropy_batch,warm,al,val,53,0.778335,0.009132,5
deep_gp,entropy_batch,warm,al,val,54,0.776138,0.007775,5
deep_gp,entropy_batch,warm,al,val,55,0.773777,0.009124,5
deep_gp,entropy_batch,warm,al,val,56,0.769920,0.007167,5
deep_gp,entropy_batch,warm,al,val,57,0.768952,0.007697,5
deep_gp,entropy_batch,warm,al,val,58,0.772526,0.005266,5
deep_gp,entropy_batch,warm,al,val,59,0.766513,0.008602,5
deep_gp,entropy_batch,warm,al,val,60,0.767734,0.008488,5
deep_gp,entropy_batch,warm,al,val,61,0.768196,0.005789,5
deep_gp,entropy_batch,warm,al,val,62,0.770452,0.009723,5
deep_gp,entropy_batch,warm,al,val,63,0.770838,0.007203,5
deep_gp,entropy_batch,warm,al,val,64,0.765040,0.008094,5
deep_gp,entropy_batch,warm,al,val,65,0.763815,0.007597,5
deep_gp,entropy_batch,warm,al,val,66,0.762110,0.008632,5
deep_gp,entropy_batch,warm,al,val,67,0.764879,0.009216,5
deep_gp,entropy_batch,warm,al,val,68,0.766809,0.006180,5
deep_gp,entropy_batch,warm,al,val,69,0.764020,0.005333,5
deep_gp,entropy_batch,warm,al,val,70,0.763263,0.009877,5
deep_gp,entropy_batch,warm,al,val,71,0.761997,0.004559,5
deep_gp,entropy_batch,warm,al,val,72,0.766468,0.007602,5
deep_gp,entropy_batch,warm,al,val,73,0.765151,0.005826,5
deep_gp,entropy_batch,warm,al,val,74,0.766809,0.008366,5
deep_gp,entropy_batch,warm,al,val,75,0.757789,0.007580,5
deep_gp,entropy_batch,warm,al,val,76,0.759719,0.006466,5
deep_gp,entropy_batch,warm,al,val,77,0.757208,0.009049,5
deep_gp,entropy_batch,warm,al,val,78,0.765131,0.010804,5
deep_gp,entropy_batch,warm,al,val,79,0.759138,0.008837,5
deep_gp,entropy_batch,warm,al,val,80,0.757213,0.006480,5
deep_gp,entropy_batch,warm,al,val,81,0.758499,0.008090,5
deep_gp,entropy_batch,warm,al,val,82,0.758954,0.007813,5
deep_gp,entropy_batch,warm,al,val,83,0.757816,0.006977,5
deep_gp,entropy_batch,warm,al,val,84,0.755737,0.009125,5
deep_gp,entropy_batch,warm,al,val,85,0.754992,0.009774,5
deep_gp,entropy_batch,warm,al,val,86,0.756479,0.007608,5
deep_gp,entropy_batch,warm,al,val,87,0.750588,0.007475,5
deep_gp,entropy_batch,warm,al,val,88,0.755288,0.008346,5
deep_gp,entropy_batch,warm,al,val,89,0.751859,0.007884,5
deep_gp,entropy_batch,warm,al,val,90,0.751068,0.007523,5
deep_gp,entropy_batch,warm,al,val,91,0.752884,0.006227,5
deep_gp,entropy_batch,warm,al,val,92,0.752021,0.007641,5
deep_gp,entropy_batch,warm,al,val,93,0.751125,0.008046,5
deep_gp,entropy_batch,warm,al,val,94,0.747942,0.007333,5
deep_gp,entropy_batch,warm,al,val,95,0.745980,0.007510,5
deep_gp,entropy_batch,warm,al,val,96,0.748357,0.009596,5
deep_gp,entropy_batch,warm,al,val,97,0.743678,0.007868,5
deep_gp,entropy_batch,warm,al,val,98,0.747434,0.007476,5
deep_gp,entropy_batch,warm,al,val,99,0.742815,0.006698,5
deep_gp,entropy_batch,warm,al,val,100,0.741771,0.009139,5
deep_gp,entropy_batch,warm,al,val,101,0.743128,0.007284,5
deep_gp,entropy_batch,warm,al,val,102,0.747619,0.005818,5
deep_gp,entropy_batch,warm,al,val,103,0.742614,0.008002,5
deep_gp,entropy_batch,warm,al,val,104,0.738565,0.008115,5
deep_gp,entropy_batch,warm,al,val,105,0.741643,0.006209,5
deep_gp,entropy_batch,warm,al,val,106,0.740006,0.010303,5
deep_gp,entropy_batch,warm,al,val,107,0.738511,0.007872,5
deep_gp,entropy_batch,warm,al,val,108,0.741041,0.007581,5
deep_gp,entropy_batch,warm,al,val,109,0.739268,0.006300,5
deep_gp,entropy_batch,warm,al,val,110,0.739078,0.008028,5
deep_gp,entropy_batch,warm,al,val,111,0.736155,0.006163,5
deep_gp,entropy_batch,warm,al,val,112,0.735529,0.007255,5
deep_gp,entropy_batch,warm,al,val,113,0.740522,0.006585,5
deep_gp,entropy_batch,warm,al,val,114,0.739096,0.005534,5
deep_gp,entropy_batch,warm,al,val,115,0.741432,0.004132,5
deep_gp,entropy_batch,warm,al,val,116,0.729913,0.006852,5
deep_gp,entropy_batch,warm,al,val,117,0.742480,0.006173,5
deep_gp,entropy_batch,warm,al,val,118,0.742338,0.004272,5
deep_gp,entropy_batch,warm,al,val,119,0.743050,0.005359,5
deep_gp,entropy_batch,warm,al,val,120,0.740522,0.006389,5
deep_gp,entropy_batch,warm,al,val,121,0.746124,0.007622,5
deep_gp,entropy_batch,warm,al,val,122,0.747178,0.007143,5
deep_gp,entropy_batch,warm,al,val,123,0.747599,0.007337,5
deep_gp,entropy_batch,warm,al,val,124,0.744863,0.006755,5
deep_gp,entropy_batch,warm,al,val,125,0.743257,0.008288,5
deep_gp,entropy_batch,warm,al,val,126,0.741529,0.005367,5
deep_gp,entropy_batch,warm,al,val,127,0.742144,0.007040,5
deep_gp,entropy_batch,warm,al,val,128,0.739461,0.005344,5
deep_gp,entropy_batch,warm,al,val,129,0.742229,0.007063,5
deep_gp,entropy_batch,warm,al,val,130,0.741383,0.006844,5
deep_gp,entropy_batch,warm,al,val,131,0.739534,0.008395,5
deep_gp,entropy_batch,warm,al,val,132,0.743551,0.006884,5
deep_gp,entropy_batch,warm,al,val,133,0.741721,0.005997,5
deep_gp,entropy_batch,warm,al,val,134,0.741618,0.006760,5
deep_gp,entropy_batch,warm,al,val,135,0.740607,0.005514,5
deep_gp,entropy_batch,warm,al,val,136,0.740043,0.005581,5
deep_gp,entropy_batch,warm,al,val,137,0.736155,0.007315,5
deep_gp,entropy_batch,warm,al,val,138,0.737017,0.008910,5
deep_gp,entropy_batch,warm,al,val,139,0.737607,0.006778,5
deep_gp,entropy_batch,warm,al,val,140,0.735511,0.006767,5
deep_gp,entropy_batch,warm,al,val,141,0.733806,0.008161,5
deep_gp,entropy_batch,warm,al,val,142,0.736744,0.004244,5
deep_gp,entropy_batch,warm,al,val,143,0.735258,0.007593,5
deep_gp,entropy_batch,warm,al,val,144,0.730415,0.007497,5
deep_gp,entropy_batch,warm,al,val,145,0.735346,0.005581,3
deep_gp,entropy_batch,warm,al,val,146,0.729132,0.008045,3
deep_gp,entropy_batch,warm,al,val,147,0.728151,0.002821,3
deep_gp,entropy_batch,warm,al,val,148,0.735157,0.003758,3
deep_gp,entropy_batch,warm,al,val,149,0.736138,0.004401,3
deep_gp,entropy_batch,warm,al,val,150,0.735344,0.004042,3
deep_gp,entropy_batch,warm,al,val,151,0.728534,0.003896,2
deep_gp,entropy_batch,warm,al,val,152,0.731322,0.006022,2
deep_gp,entropy_batch,warm,baseline,static_random,1,0.944246,0.001055,5
deep_gp,entropy_batch,warm,baseline,static_random,2,0.946228,0.001020,5
deep_gp,entropy_batch,warm,baseline,static_random,3,0.947472,0.000723,5
deep_gp,entropy_batch,warm,baseline,static_random,4,0.948650,0.000839,5
deep_gp,entropy_batch,warm,baseline,static_random,5,0.949440,0.001061,5
deep_gp,entropy_batch,warm,baseline,static_random,6,0.950212,0.001270,5
deep_gp,entropy_batch,warm,baseline,static_random,7,0.950884,0.001156,5
deep_gp,entropy_batch,warm,baseline,static_random,8,0.951626,0.001222,5
deep_gp,entropy_batch,warm,baseline,static_random,9,0.952388,0.001240,5
deep_gp,entropy_batch,warm,baseline,static_random,10,0.953304,0.001029,5
deep_gp,entropy_batch,warm,baseline,static_random,11,0.954156,0.000850,5
deep_gp,entropy_batch,warm,baseline,static_random,12,0.955400,0.000882,5
deep_gp,entropy_batch,warm,baseline,static_random,13,0.955774,0.000716,5
deep_gp,entropy_batch,warm,baseline,static_random,14,0.955698,0.000560,5
deep_gp,entropy_batch,warm,baseline,static_random,15,0.956830,0.000630,5
deep_gp,entropy_batch,warm,baseline,static_random,16,0.957608,0.000829,5
deep_gp,entropy_batch,warm,baseline,static_random,17,0.957814,0.000781,5
deep_gp,entropy_batch,warm,baseline,static_random,18,0.958640,0.000755,5
deep_gp,entropy_batch,warm,baseline,static_random,19,0.958962,0.000799,5
deep_gp,entropy_batch,warm,baseline,static_random,20,0.958930,0.000840,5
deep_gp,entropy_batch,warm,baseline,static_random,21,0.959812,0.000800,5
deep_gp,entropy_batch,warm,baseline,static_random,22,0.960316,0.000755,5
deep_gp,entropy_batch,warm,baseline,static_random,23,0.960730,0.000641,5
deep_gp,entropy_batch,warm,baseline,static_random,24,0.961224,0.000532,5
deep_gp,entropy_batch,warm,baseline,static_random,25,0.961338,0.000642,5
deep_gp,entropy_batch,warm,baseline,static_random,26,0.961694,0.000705,5
deep_gp,entropy_batch,warm,baseline,static_random,27,0.962042,0.000645,5
deep_gp,entropy_batch,warm,baseline,static_random,28,0.962620,0.000512,5
deep_gp,entropy_batch,warm,baseline,static_random,29,0.963136,0.000618,5
deep_gp,entropy_batch,warm,baseline,static_random,30,0.963360,0.000577,5
deep_gp,entropy_batch,warm,baseline,static_random,31,0.963712,0.000623,5
deep_gp,entropy_batch,warm,baseline,static_random,32,0.963946,0.000526,5
deep_gp,entropy_batch,warm,baseline,static_random,33,0.964592,0.000583,5
deep_gp,entropy_batch,warm,baseline,static_random,34,0.964804,0.000711,5
deep_gp,entropy_batch,warm,baseline,static_random,35,0.964738,0.000643,5
deep_gp,entropy_batch,warm,baseline,static_random,36,0.964752,0.000548,5
deep_gp,entropy_batch,warm,baseline,static_random,37,0.964982,0.000765,5
deep_gp,entropy_batch,warm,baseline,static_random,38,0.965172,0.000606,5
deep_gp,entropy_batch,warm,baseline,static_random,39,0.965516,0.000528,5
deep_gp,entropy_batch,warm,baseline,static_random,40,0.965490,0.000721,5
deep_gp,entropy_batch,warm,baseline,static_random,41,0.965868,0.000797,5
deep_gp,entropy_batch,warm,baseline,static_random,42,0.966044,0.000806,5
deep_gp,entropy_batch,warm,baseline,static_random,43,0.966114,0.000650,5
deep_gp,entropy_batch,warm,baseline,static_random,44,0.966530,0.000751,5
deep_gp,entropy_batch,warm,baseline,static_random,45,0.966380,0.000780,5
deep_gp,entropy_batch,warm,baseline,static_random,46,0.966222,0.000684,5
deep_gp,entropy_batch,warm,baseline,static_random,47,0.966754,0.000795,5
deep_gp,entropy_batch,warm,baseline,static_random,48,0.966138,0.000668,5
deep_gp,entropy_batch,warm,baseline,static_random,49,0.966740,0.000746,5
deep_gp,entropy_batch,warm,baseline,static_random,50,0.966572,0.000741,5
deep_gp,entropy_batch,warm,baseline,static_random,51,0.966902,0.000720,5
deep_gp,entropy_batch,warm,baseline,static_random,52,0.966566,0.000495,5
deep_gp,entropy_batch,warm,baseline,static_random,53,0.966804,0.000404,5
deep_gp,entropy_batch,warm,baseline,static_random,54,0.966884,0.000455,5
deep_gp,entropy_batch,warm,baseline,static_random,55,0.966838,0.000366,5
deep_gp,entropy_batch,warm,baseline,static_random,56,0.966944,0.000556,5
deep_gp,entropy_batch,warm,baseline,static_random,57,0.967104,0.000285,5
deep_gp,entropy_batch,warm,baseline,static_random,58,0.967320,0.000392,5
deep_gp,entropy_batch,warm,baseline,static_random,59,0.967422,0.000298,5
deep_gp,entropy_batch,warm,baseline,static_random,60,0.966924,0.000328,5
deep_gp,entropy_batch,warm,baseline,static_random,61,0.967668,0.000340,5
deep_gp,entropy_batch,warm,baseline,static_random,62,0.967270,0.000479,5
deep_gp,entropy_batch,warm,baseline,static_random,63,0.967840,0.000446,5
deep_gp,entropy_batch,warm,baseline,static_random,64,0.967908,0.000463,5
deep_gp,entropy_batch,warm,baseline,static_random,65,0.968144,0.000508,5
deep_gp,entropy_batch,warm,baseline,static_random,66,0.967988,0.000449,5
deep_gp,entropy_batch,warm,baseline,static_random,67,0.967992,0.000455,5
deep_gp,entropy_batch,warm,baseline,static_random,68,0.968036,0.000418,5
deep_gp,entropy_batch,warm,baseline,static_random,69,0.968508,0.000406,5
deep_gp,entropy_batch,warm,baseline,static_random,70,0.968200,0.000477,5
deep_gp,entropy_batch,warm,baseline,static_random,71,0.968748,0.000456,5
deep_gp,entropy_batch,warm,baseline,static_random,72,0.968874,0.000285,5
deep_gp,entropy_batch,warm,baseline,static_random,73,0.968634,0.000296,5
deep_gp,entropy_batch,warm,baseline,static_random,74,0.968466,0.000349,5
deep_gp,entropy_batch,warm,baseline,static_random,75,0.968704,0.000384,5
deep_gp,entropy_batch,warm,baseline,static_random,76,0.968596,0.000551,5
deep_gp,entropy_batch,warm,baseline,static_random,77,0.968704,0.000386,5
deep_gp,entropy_batch,warm,baseline,static_random,78,0.968984,0.000354,5
deep_gp,entropy_batch,warm,baseline,static_random,79,0.969000,0.000403,5
deep_gp,entropy_batch,warm,baseline,static_random,80,0.968680,0.000286,5
deep_gp,entropy_batch,warm,baseline,static_random,81,0.968976,0.000293,5
deep_gp,entropy_batch,warm,baseline,static_random,82,0.968986,0.000322,5
deep_gp,entropy_batch,warm,baseline,static_random,83,0.968658,0.000365,5
deep_gp,entropy_batch,warm,baseline,static_random,84,0.968988,0.000306,5
deep_gp,entropy_batch,warm,baseline,static_random,85,0.969060,0.000333,5
deep_gp,entropy_batch,warm,baseline,static_random,86,0.968858,0.000421,5
deep_gp,entropy_batch,warm,baseline,static_random,87,0.969086,0.000373,5
deep_gp,entropy_batch,warm,baseline,static_random,88,0.968816,0.000425,5
deep_gp,entropy_batch,warm,baseline,static_random,89,0.969136,0.000426,5
deep_gp,entropy_batch,warm,baseline,static_random,90,0.969044,0.000447,5
deep_gp,entropy_batch,warm,baseline,static_random,91,0.968844,0.000410,5
deep_gp,entropy_batch,warm,baseline,static_random,92,0.969186,0.000535,5
deep_gp,entropy_batch,warm,baseline,static_random,93,0.969130,0.000301,5
deep_gp,entropy_batch,warm,baseline,static_random,94,0.968934,0.000370,5
deep_gp,entropy_batch,warm,baseline,static_random,95,0.969568,0.000481,5
deep_gp,entropy_batch,warm,baseline,static_random,96,0.969116,0.000435,5
deep_gp,entropy_batch,warm,baseline,static_random,97,0.968986,0.000591,5
deep_gp,entropy_batch,warm,baseline,static_random,98,0.969412,0.000417,5
deep_gp,entropy_batch,warm,baseline,static_random,99,0.969492,0.000391,5
deep_gp,entropy_batch,warm,baseline,static_random,100,0.969316,0.000442,5
deep_gp,entropy_batch,warm,baseline,static_random,101,0.969120,0.000521,5
deep_gp,entropy_batch,warm,baseline,static_random,102,0.969686,0.000468,5
deep_gp,entropy_batch,warm,baseline,static_random,103,0.968960,0.000442,5
deep_gp,entropy_batch,warm,baseline,static_random,104,0.969242,0.000300,5
deep_gp,entropy_batch,warm,baseline,static_random,105,0.969260,0.000393,5
deep_gp,entropy_batch,warm,baseline,static_random,106,0.969668,0.000404,5
deep_gp,entropy_batch,warm,baseline,static_random,107,0.969236,0.000434,5
deep_gp,entropy_batch,warm,baseline,static_random,108,0.969520,0.000431,5
deep_gp,entropy_batch,warm,baseline,static_random,109,0.969908,0.000443,5
deep_gp,entropy_batch,warm,baseline,static_random,110,0.969620,0.000342,5
deep_gp,entropy_batch,warm,baseline,static_random,111,0.969494,0.000289,5
deep_gp,entropy_batch,warm,baseline,static_random,112,0.969580,0.000377,5
deep_gp,entropy_batch,warm,baseline,static_random,113,0.969892,0.000449,5
deep_gp,entropy_batch,warm,baseline,static_random,114,0.969976,0.000491,5
deep_gp,entropy_batch,warm,baseline,static_random,115,0.970020,0.000452,5
deep_gp,entropy_batch,warm,baseline,static_random,116,0.969494,0.000475,5
deep_gp,entropy_batch,warm,baseline,static_random,117,0.969972,0.000519,5
deep_gp,entropy_batch,warm,baseline,static_random,118,0.969898,0.000534,5
deep_gp,entropy_batch,warm,baseline,static_random,119,0.969932,0.000447,5
deep_gp,entropy_batch,warm,baseline,static_random,120,0.969828,0.000464,5
deep_gp,entropy_batch,warm,baseline,static_random,121,0.969992,0.000426,5
deep_gp,entropy_batch,warm,baseline,static_random,122,0.969756,0.000336,5
deep_gp,entropy_batch,warm,baseline,static_random,123,0.970074,0.000571,5
deep_gp,entropy_batch,warm,baseline,static_random,124,0.969944,0.000574,5
deep_gp,entropy_batch,warm,baseline,static_random,125,0.969984,0.000569,5
deep_gp,entropy_batch,warm,baseline,static_random,126,0.970062,0.000370,5
deep_gp,entropy_batch,warm,baseline,static_random,127,0.970152,0.000399,5
deep_gp,entropy_batch,warm,baseline,static_random,128,0.969786,0.000424,5
deep_gp,entropy_batch,warm,baseline,static_random,129,0.969756,0.000324,5
deep_gp,entropy_batch,warm,baseline,static_random,130,0.970070,0.000385,5
deep_gp,entropy_batch,warm,baseline,static_random,131,0.969652,0.000379,5
deep_gp,entropy_batch,warm,baseline,static_random,132,0.970230,0.000433,5
deep_gp,entropy_batch,warm,baseline,static_random,133,0.970116,0.000475,5
deep_gp,entropy_batch,warm,baseline,static_random,134,0.969908,0.000422,5
deep_gp,entropy_batch,warm,baseline,static_random,135,0.970494,0.000564,5
deep_gp,entropy_batch,warm,baseline,static_random,136,0.970110,0.000456,5
deep_gp,entropy_batch,warm,baseline,static_random,137,0.970354,0.000418,5
deep_gp,entropy_batch,warm,baseline,static_random,138,0.970278,0.000384,5
deep_gp,entropy_batch,warm,baseline,static_random,139,0.969930,0.000223,5
deep_gp,entropy_batch,warm,baseline,static_random,140,0.970078,0.000378,5
deep_gp,entropy_batch,warm,baseline,static_random,141,0.970220,0.000450,5
deep_gp,entropy_batch,warm,baseline,static_random,142,0.970494,0.000428,5
deep_gp,entropy_batch,warm,baseline,static_random,143,0.970228,0.000288,5
deep_gp,entropy_batch,warm,baseline,static_random,144,0.970288,0.000275,5
deep_gp,entropy_batch,warm,baseline,static_random,145,0.971417,0.000456,3
deep_gp,entropy_batch,warm,baseline,static_random,146,0.971217,0.000466,3
deep_gp,entropy_batch,warm,baseline,static_random,147,0.970737,0.000350,3
deep_gp,entropy_batch,warm,baseline,static_random,148,0.970810,0.000724,3
deep_gp,entropy_batch,warm,baseline,static_random,149,0.971337,0.000500,3
deep_gp,entropy_batch,warm,baseline,static_random,150,0.970640,0.000390,3
deep_gp,entropy_batch,warm,baseline,static_random,151,0.971480,0.000620,2
deep_gp,entropy_batch,warm,baseline,static_random,152,0.971385,0.000575,2
deep_gp,entropy_batch,warm,baseline,mcmc,1,0.553012,0.003468,5
deep_gp,entropy_batch,warm,baseline,mcmc,2,0.554730,0.002815,5
deep_gp,entropy_batch,warm,baseline,mcmc,3,0.553748,0.002713,5
deep_gp,entropy_batch,warm,baseline,mcmc,4,0.561244,0.002823,5
deep_gp,entropy_batch,warm,baseline,mcmc,5,0.561022,0.003246,5
deep_gp,entropy_batch,warm,baseline,mcmc,6,0.559600,0.003290,5
deep_gp,entropy_batch,warm,baseline,mcmc,7,0.558841,0.003607,5
deep_gp,entropy_batch,warm,baseline,mcmc,8,0.563918,0.004644,5
deep_gp,entropy_batch,warm,baseline,mcmc,9,0.562521,0.004207,5
deep_gp,entropy_batch,warm,baseline,mcmc,10,0.566262,0.004276,5
deep_gp,entropy_batch,warm,baseline,mcmc,11,0.566898,0.003320,5
deep_gp,entropy_batch,warm,baseline,mcmc,12,0.571157,0.002706,5
deep_gp,entropy_batch,warm,baseline,mcmc,13,0.567320,0.003373,5
deep_gp,entropy_batch,warm,baseline,mcmc,14,0.568560,0.003422,5
deep_gp,entropy_batch,warm,baseline,mcmc,15,0.568080,0.003666,5
deep_gp,entropy_batch,warm,baseline,mcmc,16,0.571166,0.003154,5
deep_gp,entropy_batch,warm,baseline,mcmc,17,0.569787,0.004620,5
deep_gp,entropy_batch,warm,baseline,mcmc,18,0.573195,0.003257,5
deep_gp,entropy_batch,warm,baseline,mcmc,19,0.574025,0.003933,5
deep_gp,entropy_batch,warm,baseline,mcmc,20,0.576894,0.001897,5
deep_gp,entropy_batch,warm,baseline,mcmc,21,0.580558,0.001875,5
deep_gp,entropy_batch,warm,baseline,mcmc,22,0.586124,0.004230,5
deep_gp,entropy_batch,warm,baseline,mcmc,23,0.585288,0.003191,5
deep_gp,entropy_batch,warm,baseline,mcmc,24,0.588987,0.002532,5
deep_gp,entropy_batch,warm,baseline,mcmc,25,0.589172,0.001762,5
deep_gp,entropy_batch,warm,baseline,mcmc,26,0.591885,0.002365,5
deep_gp,entropy_batch,warm,baseline,mcmc,27,0.592644,0.002486,5
deep_gp,entropy_batch,warm,baseline,mcmc,28,0.589385,0.002481,5
deep_gp,entropy_batch,warm,baseline,mcmc,29,0.593953,0.003038,5
deep_gp,entropy_batch,warm,baseline,mcmc,30,0.596148,0.002500,5
deep_gp,entropy_batch,warm,baseline,mcmc,31,0.595066,0.002546,5
deep_gp,entropy_batch,warm,baseline,mcmc,32,0.596244,0.001360,5
deep_gp,entropy_batch,warm,baseline,mcmc,33,0.597852,0.002082,5
deep_gp,entropy_batch,warm,baseline,mcmc,34,0.596636,0.003690,5
deep_gp,entropy_batch,warm,baseline,mcmc,35,0.592092,0.002480,5
deep_gp,entropy_batch,warm,baseline,mcmc,36,0.595226,0.004211,5
deep_gp,entropy_batch,warm,baseline,mcmc,37,0.596737,0.002340,5
deep_gp,entropy_batch,warm,baseline,mcmc,38,0.594908,0.004299,5
deep_gp,entropy_batch,warm,baseline,mcmc,39,0.597253,0.003649,5
deep_gp,entropy_batch,warm,baseline,mcmc,40,0.597006,0.003974,5
deep_gp,entropy_batch,warm,baseline,mcmc,41,0.600636,0.003459,5
deep_gp,entropy_batch,warm,baseline,mcmc,42,0.601557,0.004260,5
deep_gp,entropy_batch,warm,baseline,mcmc,43,0.596187,0.003842,5
deep_gp,entropy_batch,warm,baseline,mcmc,44,0.601806,0.004477,5
deep_gp,entropy_batch,warm,baseline,mcmc,45,0.598357,0.004818,5
deep_gp,entropy_batch,warm,baseline,mcmc,46,0.597489,0.004331,5
deep_gp,entropy_batch,warm,baseline,mcmc,47,0.598833,0.006121,5
deep_gp,entropy_batch,warm,baseline,mcmc,48,0.601565,0.005048,5
deep_gp,entropy_batch,warm,baseline,mcmc,49,0.601235,0.003895,5
deep_gp,entropy_batch,warm,baseline,mcmc,50,0.603625,0.004197,5
deep_gp,entropy_batch,warm,baseline,mcmc,51,0.605503,0.003947,5
deep_gp,entropy_batch,warm,baseline,mcmc,52,0.601016,0.005536,5
deep_gp,entropy_batch,warm,baseline,mcmc,53,0.602746,0.002845,5
deep_gp,entropy_batch,warm,baseline,mcmc,54,0.605657,0.003930,5
deep_gp,entropy_batch,warm,baseline,mcmc,55,0.598926,0.003737,5
deep_gp,entropy_batch,warm,baseline,mcmc,56,0.597029,0.005372,5
deep_gp,entropy_batch,warm,baseline,mcmc,57,0.601062,0.005906,5
deep_gp,entropy_batch,warm,baseline,mcmc,58,0.598158,0.004573,5
deep_gp,entropy_batch,warm,baseline,mcmc,59,0.600418,0.004364,5
deep_gp,entropy_batch,warm,baseline,mcmc,60,0.599981,0.004986,5
deep_gp,entropy_batch,warm,baseline,mcmc,61,0.598916,0.001356,5
deep_gp,entropy_batch,warm,baseline,mcmc,62,0.600495,0.002300,5
deep_gp,entropy_batch,warm,baseline,mcmc,63,0.600574,0.003199,5
deep_gp,entropy_batch,warm,baseline,mcmc,64,0.602043,0.004204,5
deep_gp,entropy_batch,warm,baseline,mcmc,65,0.600898,0.006347,5
deep_gp,entropy_batch,warm,baseline,mcmc,66,0.601057,0.003749,5
deep_gp,entropy_batch,warm,baseline,mcmc,67,0.599770,0.007146,5
deep_gp,entropy_batch,warm,baseline,mcmc,68,0.599075,0.003961,5
deep_gp,entropy_batch,warm,baseline,mcmc,69,0.602983,0.003266,5
deep_gp,entropy_batch,warm,baseline,mcmc,70,0.598076,0.003675,5
deep_gp,entropy_batch,warm,baseline,mcmc,71,0.604187,0.003101,5
deep_gp,entropy_batch,warm,baseline,mcmc,72,0.603800,0.002816,5
deep_gp,entropy_batch,warm,baseline,mcmc,73,0.602370,0.004591,5
deep_gp,entropy_batch,warm,baseline,mcmc,74,0.601997,0.001806,5
deep_gp,entropy_batch,warm,baseline,mcmc,75,0.600788,0.001617,5
deep_gp,entropy_batch,warm,baseline,mcmc,76,0.600602,0.002868,5
deep_gp,entropy_batch,warm,baseline,mcmc,77,0.602616,0.004205,5
deep_gp,entropy_batch,warm,baseline,mcmc,78,0.599411,0.003598,5
deep_gp,entropy_batch,warm,baseline,mcmc,79,0.605515,0.002830,5
deep_gp,entropy_batch,warm,baseline,mcmc,80,0.607191,0.003094,5
deep_gp,entropy_batch,warm,baseline,mcmc,81,0.604836,0.004361,5
deep_gp,entropy_batch,warm,baseline,mcmc,82,0.603177,0.005468,5
deep_gp,entropy_batch,warm,baseline,mcmc,83,0.605871,0.003492,5
deep_gp,entropy_batch,warm,baseline,mcmc,84,0.608940,0.003665,5
deep_gp,entropy_batch,warm,baseline,mcmc,85,0.600242,0.006145,5
deep_gp,entropy_batch,warm,baseline,mcmc,86,0.607156,0.004732,5
deep_gp,entropy_batch,warm,baseline,mcmc,87,0.606841,0.004299,5
deep_gp,entropy_batch,warm,baseline,mcmc,88,0.603514,0.006495,5
deep_gp,entropy_batch,warm,baseline,mcmc,89,0.606235,0.005966,5
deep_gp,entropy_batch,warm,baseline,mcmc,90,0.603595,0.005738,5
deep_gp,entropy_batch,warm,baseline,mcmc,91,0.606400,0.005996,5
deep_gp,entropy_batch,warm,baseline,mcmc,92,0.605458,0.004244,5
deep_gp,entropy_batch,warm,baseline,mcmc,93,0.606775,0.003991,5
deep_gp,entropy_batch,warm,baseline,mcmc,94,0.603568,0.004793,5
deep_gp,entropy_batch,warm,baseline,mcmc,95,0.604640,0.003860,5
deep_gp,entropy_batch,warm,baseline,mcmc,96,0.608204,0.005293,5
deep_gp,entropy_batch,warm,baseline,mcmc,97,0.605297,0.003652,5
deep_gp,entropy_batch,warm,baseline,mcmc,98,0.604474,0.004585,5
deep_gp,entropy_batch,warm,baseline,mcmc,99,0.607540,0.006047,5
deep_gp,entropy_batch,warm,baseline,mcmc,100,0.601846,0.004676,5
deep_gp,entropy_batch,warm,baseline,mcmc,101,0.608914,0.004143,5
deep_gp,entropy_batch,warm,baseline,mcmc,102,0.603535,0.006981,5
deep_gp,entropy_batch,warm,baseline,mcmc,103,0.604644,0.005530,5
deep_gp,entropy_batch,warm,baseline,mcmc,104,0.603332,0.007066,5
deep_gp,entropy_batch,warm,baseline,mcmc,105,0.601819,0.004304,5
deep_gp,entropy_batch,warm,baseline,mcmc,106,0.605904,0.004574,5
deep_gp,entropy_batch,warm,baseline,mcmc,107,0.605158,0.003887,5
deep_gp,entropy_batch,warm,baseline,mcmc,108,0.600102,0.005266,5
deep_gp,entropy_batch,warm,baseline,mcmc,109,0.609911,0.004148,5
deep_gp,entropy_batch,warm,baseline,mcmc,110,0.607834,0.005382,5
deep_gp,entropy_batch,warm,baseline,mcmc,111,0.606563,0.006249,5
deep_gp,entropy_batch,warm,baseline,mcmc,112,0.603959,0.005360,5
deep_gp,entropy_batch,warm,baseline,mcmc,113,0.604706,0.004406,5
deep_gp,entropy_batch,warm,baseline,mcmc,114,0.611644,0.005297,5
deep_gp,entropy_batch,warm,baseline,mcmc,115,0.608793,0.004948,5
deep_gp,entropy_batch,warm,baseline,mcmc,116,0.606894,0.006509,5
deep_gp,entropy_batch,warm,baseline,mcmc,117,0.606306,0.003319,5
deep_gp,entropy_batch,warm,baseline,mcmc,118,0.606957,0.004898,5
deep_gp,entropy_batch,warm,baseline,mcmc,119,0.606478,0.006664,5
deep_gp,entropy_batch,warm,baseline,mcmc,120,0.605830,0.004669,5
deep_gp,entropy_batch,warm,baseline,mcmc,121,0.605655,0.003428,5
deep_gp,entropy_batch,warm,baseline,mcmc,122,0.603124,0.005998,5
deep_gp,entropy_batch,warm,baseline,mcmc,123,0.600254,0.004713,5
deep_gp,entropy_batch,warm,baseline,mcmc,124,0.610146,0.003770,5
deep_gp,entropy_batch,warm,baseline,mcmc,125,0.600595,0.006396,5
deep_gp,entropy_batch,warm,baseline,mcmc,126,0.600219,0.003616,5
deep_gp,entropy_batch,warm,baseline,mcmc,127,0.602638,0.004895,5
deep_gp,entropy_batch,warm,baseline,mcmc,128,0.610840,0.004044,5
deep_gp,entropy_batch,warm,baseline,mcmc,129,0.603250,0.004166,5
deep_gp,entropy_batch,warm,baseline,mcmc,130,0.605074,0.002690,5
deep_gp,entropy_batch,warm,baseline,mcmc,131,0.596368,0.004918,5
deep_gp,entropy_batch,warm,baseline,mcmc,132,0.606065,0.004749,5
deep_gp,entropy_batch,warm,baseline,mcmc,133,0.606709,0.004195,5
deep_gp,entropy_batch,warm,baseline,mcmc,134,0.600460,0.008116,5
deep_gp,entropy_batch,warm,baseline,mcmc,135,0.608653,0.003531,5
deep_gp,entropy_batch,warm,baseline,mcmc,136,0.605713,0.004906,5
deep_gp,entropy_batch,warm,baseline,mcmc,137,0.600877,0.005475,5
deep_gp,entropy_batch,warm,baseline,mcmc,138,0.606889,0.008733,5
deep_gp,entropy_batch,warm,baseline,mcmc,139,0.606668,0.006305,5
deep_gp,entropy_batch,warm,baseline,mcmc,140,0.606391,0.007099,5
deep_gp,entropy_batch,warm,baseline,mcmc,141,0.605463,0.006006,5
deep_gp,entropy_batch,warm,baseline,mcmc,142,0.604517,0.004399,5
deep_gp,entropy_batch,warm,baseline,mcmc,143,0.604094,0.007852,5
deep_gp,entropy_batch,warm,baseline,mcmc,144,0.603189,0.006722,5
deep_gp,entropy_batch,warm,baseline,mcmc,145,0.611043,0.009095,3
deep_gp,entropy_batch,warm,baseline,mcmc,146,0.607410,0.009312,3
deep_gp,entropy_batch,warm,baseline,mcmc,147,0.603471,0.012154,3
deep_gp,entropy_batch,warm,baseline,mcmc,148,0.598333,0.009089,3
deep_gp,entropy_batch,warm,baseline,mcmc,149,0.605041,0.011650,3
deep_gp,entropy_batch,warm,baseline,mcmc,150,0.602593,0.011115,3
deep_gp,entropy_batch,warm,baseline,mcmc,151,0.610033,0.014577,2
deep_gp,entropy_batch,warm,baseline,mcmc,152,0.598343,0.018317,2
deep_gp,entropy_batch,warm,baseline,train,1,0.949750,0.002125,5
deep_gp,entropy_batch,warm,baseline,train,2,0.953020,0.002556,5
deep_gp,entropy_batch,warm,baseline,train,3,0.953124,0.002054,5
deep_gp,entropy_batch,warm,baseline,train,4,0.955077,0.001319,5
deep_gp,entropy_batch,warm,baseline,train,5,0.955306,0.000984,5
deep_gp,entropy_batch,warm,baseline,train,6,0.956364,0.001098,5
deep_gp,entropy_batch,warm,baseline,train,7,0.957808,0.001138,5
deep_gp,entropy_batch,warm,baseline,train,8,0.959127,0.001486,5
deep_gp,entropy_batch,warm,baseline,train,9,0.957834,0.001577,5
deep_gp,entropy_batch,warm,baseline,train,10,0.959890,0.001455,5
deep_gp,entropy_batch,warm,baseline,train,11,0.960240,0.001472,5
deep_gp,entropy_batch,warm,baseline,train,12,0.960746,0.001678,5
deep_gp,entropy_batch,warm,baseline,train,13,0.961204,0.001157,5
deep_gp,entropy_batch,warm,baseline,train,14,0.961498,0.000686,5
deep_gp,entropy_batch,warm,baseline,train,15,0.962242,0.001247,5
deep_gp,entropy_batch,warm,baseline,train,16,0.962194,0.001120,5
deep_gp,entropy_batch,warm,baseline,train,17,0.962741,0.001192,5
deep_gp,entropy_batch,warm,baseline,train,18,0.963098,0.001011,5
deep_gp,entropy_batch,warm,baseline,train,19,0.963446,0.000799,5
deep_gp,entropy_batch,warm,baseline,train,20,0.963005,0.001047,5
deep_gp,entropy_batch,warm,baseline,train,21,0.964023,0.001320,5
deep_gp,entropy_batch,warm,baseline,train,22,0.963537,0.001277,5
deep_gp,entropy_batch,warm,baseline,train,23,0.963995,0.001043,5
deep_gp,entropy_batch,warm,baseline,train,24,0.964037,0.000715,5
deep_gp,entropy_batch,warm,baseline,train,25,0.964689,0.000801,5
deep_gp,entropy_batch,warm,baseline,train,26,0.964377,0.000832,5
deep_gp,entropy_batch,warm,baseline,train,27,0.965250,0.000972,5
deep_gp,entropy_batch,warm,baseline,train,28,0.965702,0.000816,5
deep_gp,entropy_batch,warm,baseline,train,29,0.966088,0.000954,5
deep_gp,entropy_batch,warm,baseline,train,30,0.966656,0.000723,5
deep_gp,entropy_batch,warm,baseline,train,31,0.967610,0.000591,5
deep_gp,entropy_batch,warm,baseline,train,32,0.967366,0.000356,5
deep_gp,entropy_batch,warm,baseline,train,33,0.967016,0.000551,5
deep_gp,entropy_batch,warm,baseline,train,34,0.967400,0.000442,5
deep_gp,entropy_batch,warm,baseline,train,35,0.967673,0.000724,5
deep_gp,entropy_batch,warm,baseline,train,36,0.968259,0.000494,5
deep_gp,entropy_batch,warm,baseline,train,37,0.968027,0.000632,5
deep_gp,entropy_batch,warm,baseline,train,38,0.968955,0.000724,5
deep_gp,entropy_batch,warm,baseline,train,39,0.968652,0.000639,5
deep_gp,entropy_batch,warm,baseline,train,40,0.969104,0.000728,5
deep_gp,entropy_batch,warm,baseline,train,41,0.968427,0.000532,5
deep_gp,entropy_batch,warm,baseline,train,42,0.969252,0.000516,5
deep_gp,entropy_batch,warm,baseline,train,43,0.968894,0.000603,5
deep_gp,entropy_batch,warm,baseline,train,44,0.969644,0.000662,5
deep_gp,entropy_batch,warm,baseline,train,45,0.969576,0.000528,5
deep_gp,entropy_batch,warm,baseline,train,46,0.969364,0.000475,5
deep_gp,entropy_batch,warm,baseline,train,47,0.969750,0.000757,5
deep_gp,entropy_batch,warm,baseline,train,48,0.969455,0.000611,5
deep_gp,entropy_batch,warm,baseline,train,49,0.969650,0.000477,5
deep_gp,entropy_batch,warm,baseline,train,50,0.969457,0.000531,5
deep_gp,entropy_batch,warm,baseline,train,51,0.969372,0.000761,5
deep_gp,entropy_batch,warm,baseline,train,52,0.969403,0.000483,5
deep_gp,entropy_batch,warm,baseline,train,53,0.969265,0.000343,5
deep_gp,entropy_batch,warm,baseline,train,54,0.969517,0.000236,5
deep_gp,entropy_batch,warm,baseline,train,55,0.969005,0.000476,5
deep_gp,entropy_batch,warm,baseline,train,56,0.969217,0.000489,5
deep_gp,entropy_batch,warm,baseline,train,57,0.969192,0.000575,5
deep_gp,entropy_batch,warm,baseline,train,58,0.969500,0.000481,5
deep_gp,entropy_batch,warm,baseline,train,59,0.969634,0.000640,5
deep_gp,entropy_batch,warm,baseline,train,60,0.968969,0.000909,5
deep_gp,entropy_batch,warm,baseline,train,61,0.969691,0.000821,5
deep_gp,entropy_batch,warm,baseline,train,62,0.969142,0.000869,5
deep_gp,entropy_batch,warm,baseline,train,63,0.969635,0.000951,5
deep_gp,entropy_batch,warm,baseline,train,64,0.969738,0.000871,5
deep_gp,entropy_batch,warm,baseline,train,65,0.970082,0.000762,5
deep_gp,entropy_batch,warm,baseline,train,66,0.969694,0.000679,5
deep_gp,entropy_batch,warm,baseline,train,67,0.969821,0.000751,5
deep_gp,entropy_batch,warm,baseline,train,68,0.969533,0.000667,5
deep_gp,entropy_batch,warm,baseline,train,69,0.969922,0.000808,5
deep_gp,entropy_batch,warm,baseline,train,70,0.969973,0.000907,5
deep_gp,entropy_batch,warm,baseline,train,71,0.970253,0.000981,5
deep_gp,entropy_batch,warm,baseline,train,72,0.970364,0.000736,5
deep_gp,entropy_batch,warm,baseline,train,73,0.970230,0.000762,5
deep_gp,entropy_batch,warm,baseline,train,74,0.970144,0.000552,5
deep_gp,entropy_batch,warm,baseline,train,75,0.970583,0.000643,5
deep_gp,entropy_batch,warm,baseline,train,76,0.970404,0.000886,5
deep_gp,entropy_batch,warm,baseline,train,77,0.970044,0.000876,5
deep_gp,entropy_batch,warm,baseline,train,78,0.970605,0.000725,5
deep_gp,entropy_batch,warm,baseline,train,79,0.970563,0.000617,5
deep_gp,entropy_batch,warm,baseline,train,80,0.970501,0.000592,5
deep_gp,entropy_batch,warm,baseline,train,81,0.970008,0.000497,5
deep_gp,entropy_batch,warm,baseline,train,82,0.970694,0.000743,5
deep_gp,entropy_batch,warm,baseline,train,83,0.970291,0.000653,5
deep_gp,entropy_batch,warm,baseline,train,84,0.970686,0.000682,5
deep_gp,entropy_batch,warm,baseline,train,85,0.970565,0.000791,5
deep_gp,entropy_batch,warm,baseline,train,86,0.970448,0.000677,5
deep_gp,entropy_batch,warm,baseline,train,87,0.970405,0.000732,5
deep_gp,entropy_batch,warm,baseline,train,88,0.970137,0.000315,5
deep_gp,entropy_batch,warm,baseline,train,89,0.970466,0.000490,5
deep_gp,entropy_batch,warm,baseline,train,90,0.970739,0.000406,5
deep_gp,entropy_batch,warm,baseline,train,91,0.970559,0.000604,5
deep_gp,entropy_batch,warm,baseline,train,92,0.970751,0.000539,5
deep_gp,entropy_batch,warm,baseline,train,93,0.970463,0.000631,5
deep_gp,entropy_batch,warm,baseline,train,94,0.970681,0.000459,5
deep_gp,entropy_batch,warm,baseline,train,95,0.971093,0.000528,5
deep_gp,entropy_batch,warm,baseline,train,96,0.970695,0.000501,5
deep_gp,entropy_batch,warm,baseline,train,97,0.970592,0.000512,5
deep_gp,entropy_batch,warm,baseline,train,98,0.970685,0.000473,5
deep_gp,entropy_batch,warm,baseline,train,99,0.970846,0.000565,5
deep_gp,entropy_batch,warm,baseline,train,100,0.970680,0.000619,5
deep_gp,entropy_batch,warm,baseline,train,101,0.970443,0.000447,5
deep_gp,entropy_batch,warm,baseline,train,102,0.970995,0.000686,5
deep_gp,entropy_batch,warm,baseline,train,103,0.970499,0.000418,5
deep_gp,entropy_batch,warm,baseline,train,104,0.970580,0.000642,5
deep_gp,entropy_batch,warm,baseline,train,105,0.970779,0.000538,5
deep_gp,entropy_batch,warm,baseline,train,106,0.971157,0.000587,5
deep_gp,entropy_batch,warm,baseline,train,107,0.970752,0.000506,5
deep_gp,entropy_batch,warm,baseline,train,108,0.971222,0.000505,5
deep_gp,entropy_batch,warm,baseline,train,109,0.971595,0.000534,5
deep_gp,entropy_batch,warm,baseline,train,110,0.971272,0.000455,5
deep_gp,entropy_batch,warm,baseline,train,111,0.971245,0.000447,5
deep_gp,entropy_batch,warm,baseline,train,112,0.970983,0.000498,5
deep_gp,entropy_batch,warm,baseline,train,113,0.971319,0.000474,5
deep_gp,entropy_batch,warm,baseline,train,114,0.971701,0.000643,5
deep_gp,entropy_batch,warm,baseline,train,115,0.971411,0.000428,5
deep_gp,entropy_batch,warm,baseline,train,116,0.970883,0.000592,5
deep_gp,entropy_batch,warm,baseline,train,117,0.971126,0.000753,5
deep_gp,entropy_batch,warm,baseline,train,118,0.971203,0.000715,5
deep_gp,entropy_batch,warm,baseline,train,119,0.971177,0.000428,5
deep_gp,entropy_batch,warm,baseline,train,120,0.971167,0.000513,5
deep_gp,entropy_batch,warm,baseline,train,121,0.971220,0.000502,5
deep_gp,entropy_batch,warm,baseline,train,122,0.971339,0.000357,5
deep_gp,entropy_batch,warm,baseline,train,123,0.971077,0.000689,5
deep_gp,entropy_batch,warm,baseline,train,124,0.971200,0.000518,5
deep_gp,entropy_batch,warm,baseline,train,125,0.971120,0.000377,5
deep_gp,entropy_batch,warm,baseline,train,126,0.971076,0.000411,5
deep_gp,entropy_batch,warm,baseline,train,127,0.971247,0.000465,5
deep_gp,entropy_batch,warm,baseline,train,128,0.970920,0.000213,5
deep_gp,entropy_batch,warm,baseline,train,129,0.970847,0.000157,5
deep_gp,entropy_batch,warm,baseline,train,130,0.971185,0.000320,5
deep_gp,entropy_batch,warm,baseline,train,131,0.971290,0.000346,5
deep_gp,entropy_batch,warm,baseline,train,132,0.971205,0.000178,5
deep_gp,entropy_batch,warm,baseline,train,133,0.971398,0.000620,5
deep_gp,entropy_batch,warm,baseline,train,134,0.971166,0.000337,5
deep_gp,entropy_batch,warm,baseline,train,135,0.971753,0.000256,5
deep_gp,entropy_batch,warm,baseline,train,136,0.971195,0.000330,5
deep_gp,entropy_batch,warm,baseline,train,137,0.971341,0.000392,5
deep_gp,entropy_batch,warm,baseline,train,138,0.971532,0.000210,5
deep_gp,entropy_batch,warm,baseline,train,139,0.971197,0.000473,5
deep_gp,entropy_batch,warm,baseline,train,140,0.971601,0.000311,5
deep_gp,entropy_batch,warm,baseline,train,141,0.971456,0.000294,5
deep_gp,entropy_batch,warm,baseline,train,142,0.971556,0.000313,5
deep_gp,entropy_batch,warm,baseline,train,143,0.971324,0.000358,5
deep_gp,entropy_batch,warm,baseline,train,144,0.971347,0.000343,5
deep_gp,entropy_batch,warm,baseline,train,145,0.971892,0.000829,3
deep_gp,entropy_batch,warm,baseline,train,146,0.971653,0.000760,3
deep_gp,entropy_batch,warm,baseline,train,147,0.971650,0.000817,3
deep_gp,entropy_batch,warm,baseline,train,148,0.971542,0.000400,3
deep_gp,entropy_batch,warm,baseline,train,149,0.972140,0.000828,3
deep_gp,entropy_batch,warm,baseline,train,150,0.971338,0.000297,3
deep_gp,entropy_batch,warm,baseline,train,151,0.971554,0.001211,2
deep_gp,entropy_batch,warm,baseline,train,152,0.971724,0.000870,2
deep_gp,entropy_batch,warm,baseline,val,1,0.930000,0.004937,5
deep_gp,entropy_batch,warm,baseline,val,2,0.934784,0.003228,5
deep_gp,entropy_batch,warm,baseline,val,3,0.943772,0.003453,5
deep_gp,entropy_batch,warm,baseline,val,4,0.941906,0.004471,5
deep_gp,entropy_batch,warm,baseline,val,5,0.945794,0.003312,5
deep_gp,entropy_batch,warm,baseline,val,6,0.944835,0.005470,5
deep_gp,entropy_batch,warm,baseline,val,7,0.945781,0.004766,5
deep_gp,entropy_batch,warm,baseline,val,8,0.946708,0.003355,5
deep_gp,entropy_batch,warm,baseline,val,9,0.945702,0.003417,5
deep_gp,entropy_batch,warm,baseline,val,10,0.946132,0.002709,5
deep_gp,entropy_batch,warm,baseline,val,11,0.950401,0.002441,5
deep_gp,entropy_batch,warm,baseline,val,12,0.952180,0.002648,5
deep_gp,entropy_batch,warm,baseline,val,13,0.953138,0.001807,5
deep_gp,entropy_batch,warm,baseline,val,14,0.953330,0.001149,5
deep_gp,entropy_batch,warm,baseline,val,15,0.956546,0.001125,5
deep_gp,entropy_batch,warm,baseline,val,16,0.954573,0.003061,5
deep_gp,entropy_batch,warm,baseline,val,17,0.957114,0.001608,5
deep_gp,entropy_batch,warm,baseline,val,18,0.954940,0.002779,5
deep_gp,entropy_batch,warm,baseline,val,19,0.954818,0.003654,5
deep_gp,entropy_batch,warm,baseline,val,20,0.954549,0.001397,5
deep_gp,entropy_batch,warm,baseline,val,21,0.955617,0.001601,5
deep_gp,entropy_batch,warm,baseline,val,22,0.959806,0.000857,5
deep_gp,entropy_batch,warm,baseline,val,23,0.962055,0.001749,5
deep_gp,entropy_batch,warm,baseline,val,24,0.960938,0.001186,5
deep_gp,entropy_batch,warm,baseline,val,25,0.960012,0.001661,5
deep_gp,entropy_batch,warm,baseline,val,26,0.960581,0.001015,5
deep_gp,entropy_batch,warm,baseline,val,27,0.958920,0.001845,5
deep_gp,entropy_batch,warm,baseline,val,28,0.959915,0.001506,5
deep_gp,entropy_batch,warm,baseline,val,29,0.959446,0.001980,5
deep_gp,entropy_batch,warm,baseline,val,30,0.962447,0.001414,5
deep_gp,entropy_batch,warm,baseline,val,31,0.961690,0.001364,5
deep_gp,entropy_batch,warm,baseline,val,32,0.962581,0.001100,5
deep_gp,entropy_batch,warm,baseline,val,33,0.961869,0.001724,5
deep_gp,entropy_batch,warm,baseline,val,34,0.963323,0.001415,5
deep_gp,entropy_batch,warm,baseline,val,35,0.964522,0.001166,5
deep_gp,entropy_batch,warm,baseline,val,36,0.963806,0.001375,5
deep_gp,entropy_batch,warm,baseline,val,37,0.963198,0.002046,5
deep_gp,entropy_batch,warm,baseline,val,38,0.964575,0.001704,5
deep_gp,entropy_batch,warm,baseline,val,39,0.964590,0.001548,5
deep_gp,entropy_batch,warm,baseline,val,40,0.965132,0.001223,5
deep_gp,entropy_batch,warm,baseline,val,41,0.965411,0.001014,5
deep_gp,entropy_batch,warm,baseline,val,42,0.965691,0.001132,5
deep_gp,entropy_batch,warm,baseline,val,43,0.965224,0.000797,5
deep_gp,entropy_batch,warm,baseline,val,44,0.965456,0.000941,5
deep_gp,entropy_batch,warm,baseline,val,45,0.965981,0.001179,5
deep_gp,entropy_batch,warm,baseline,val,46,0.965745,0.000914,5
deep_gp,entropy_batch,warm,baseline,val,47,0.965875,0.000958,5
deep_gp,entropy_batch,warm,baseline,val,48,0.965374,0.000903,5
deep_gp,entropy_batch,warm,baseline,val,49,0.966391,0.001295,5
deep_gp,entropy_batch,warm,baseline,val,50,0.965743,0.001143,5
deep_gp,entropy_batch,warm,baseline,val,51,0.966414,0.001211,5
deep_gp,entropy_batch,warm,baseline,val,52,0.964946,0.001034,5
deep_gp,entropy_batch,warm,baseline,val,53,0.965383,0.000932,5
deep_gp,entropy_batch,warm,baseline,val,54,0.965233,0.001121,5
deep_gp,entropy_batch,warm,baseline,val,55,0.965145,0.000987,5
deep_gp,entropy_batch,warm,baseline,val,56,0.965051,0.000795,5
deep_gp,entropy_batch,warm,baseline,val,57,0.965248,0.000732,5
deep_gp,entropy_batch,warm,baseline,val,58,0.965189,0.001230,5
deep_gp,entropy_batch,warm,baseline,val,59,0.965674,0.001381,5
deep_gp,entropy_batch,warm,baseline,val,60,0.965266,0.001087,5
deep_gp,entropy_batch,warm,baseline,val,61,0.965674,0.001064,5
deep_gp,entropy_batch,warm,baseline,val,62,0.965931,0.001305,5
deep_gp,entropy_batch,warm,baseline,val,63,0.964861,0.001512,5
deep_gp,entropy_batch,warm,baseline,val,64,0.965666,0.001133,5
deep_gp,entropy_batch,warm,baseline,val,65,0.966023,0.001010,5
deep_gp,entropy_batch,warm,baseline,val,66,0.966732,0.001070,5
deep_gp,entropy_batch,warm,baseline,val,67,0.966154,0.000894,5
deep_gp,entropy_batch,warm,baseline,val,68,0.965782,0.001071,5
deep_gp,entropy_batch,warm,baseline,val,69,0.965464,0.000931,5
deep_gp,entropy_batch,warm,baseline,val,70,0.966591,0.001006,5
deep_gp,entropy_batch,warm,baseline,val,71,0.966898,0.000807,5
deep_gp,entropy_batch,warm,baseline,val,72,0.966398,0.001052,5
deep_gp,entropy_batch,warm,baseline,val,73,0.966898,0.000915,5
deep_gp,entropy_batch,warm,baseline,val,74,0.966563,0.001247,5
deep_gp,entropy_batch,warm,baseline,val,75,0.965569,0.000811,5
deep_gp,entropy_batch,warm,baseline,val,76,0.966115,0.000628,5
deep_gp,entropy_batch,warm,baseline,val,77,0.966405,0.000800,5
deep_gp,entropy_batch,warm,baseline,val,78,0.966385,0.000566,5
deep_gp,entropy_batch,warm,baseline,val,79,0.965993,0.000696,5
deep_gp,entropy_batch,warm,baseline,val,80,0.966314,0.000804,5
deep_gp,entropy_batch,warm,baseline,val,81,0.966377,0.000612,5
deep_gp,entropy_batch,warm,baseline,val,82,0.965947,0.000567,5
deep_gp,entropy_batch,warm,baseline,val,83,0.966120,0.000547,5
deep_gp,entropy_batch,warm,baseline,val,84,0.966112,0.000615,5
deep_gp,entropy_batch,warm,baseline,val,85,0.966211,0.000563,5
deep_gp,entropy_batch,warm,baseline,val,86,0.966381,0.000243,5
deep_gp,entropy_batch,warm,baseline,val,87,0.966921,0.000323,5
deep_gp,entropy_batch,warm,baseline,val,88,0.965458,0.000799,5
deep_gp,entropy_batch,warm,baseline,val,89,0.965830,0.000473,5
deep_gp,entropy_batch,warm,baseline,val,90,0.966516,0.000389,5
deep_gp,entropy_batch,warm,baseline,val,91,0.966232,0.000556,5
deep_gp,entropy_batch,warm,baseline,val,92,0.966602,0.000544,5
deep_gp,entropy_batch,warm,baseline,val,93,0.966194,0.000575,5
deep_gp,entropy_batch,warm,baseline,val,94,0.966359,0.000678,5
deep_gp,entropy_batch,warm,baseline,val,95,0.966730,0.000429,5
deep_gp,entropy_batch,warm,baseline,val,96,0.966421,0.000158,5
deep_gp,entropy_batch,warm,baseline,val,97,0.966910,0.000171,5
deep_gp,entropy_batch,warm,baseline,val,98,0.966683,0.000574,5
deep_gp,entropy_batch,warm,baseline,val,99,0.966284,0.000514,5
deep_gp,entropy_batch,warm,baseline,val,100,0.966649,0.000415,5
deep_gp,entropy_batch,warm,baseline,val,101,0.966185,0.000251,5
deep_gp,entropy_batch,warm,baseline,val,102,0.967008,0.000532,5
deep_gp,entropy_batch,warm,baseline,val,103,0.965944,0.000506,5
deep_gp,entropy_batch,warm,baseline,val,104,0.966298,0.000502,5
deep_gp,entropy_batch,warm,baseline,val,105,0.967085,0.000635,5
deep_gp,entropy_batch,warm,baseline,val,106,0.966535,0.000870,5
deep_gp,entropy_batch,warm,baseline,val,107,0.966535,0.000556,5
deep_gp,entropy_batch,warm,baseline,val,108,0.967065,0.000606,5
deep_gp,entropy_batch,warm,baseline,val,109,0.967436,0.000601,5
deep_gp,entropy_batch,warm,baseline,val,110,0.967344,0.000402,5
deep_gp,entropy_batch,warm,baseline,val,111,0.967283,0.001089,5
deep_gp,entropy_batch,warm,baseline,val,112,0.967248,0.000195,5
deep_gp,entropy_batch,warm,baseline,val,113,0.968143,0.000604,5
deep_gp,entropy_batch,warm,baseline,val,114,0.968434,0.000915,5
deep_gp,entropy_batch,warm,baseline,val,115,0.967815,0.000536,5
deep_gp,entropy_batch,warm,baseline,val,116,0.967539,0.000928,5
deep_gp,entropy_batch,warm,baseline,val,117,0.967436,0.001192,5
deep_gp,entropy_batch,warm,baseline,val,118,0.967419,0.001101,5
deep_gp,entropy_batch,warm,baseline,val,119,0.968042,0.000671,5
deep_gp,entropy_batch,warm,baseline,val,120,0.967693,0.000690,5
deep_gp,entropy_batch,warm,baseline,val,121,0.967755,0.000786,5
deep_gp,entropy_batch,warm,baseline,val,122,0.967917,0.000691,5
deep_gp,entropy_batch,warm,baseline,val,123,0.967635,0.000589,5
deep_gp,entropy_batch,warm,baseline,val,124,0.968121,0.000651,5
deep_gp,entropy_batch,warm,baseline,val,125,0.968068,0.000709,5
deep_gp,entropy_batch,warm,baseline,val,126,0.968150,0.000551,5
deep_gp,entropy_batch,warm,baseline,val,127,0.968533,0.000835,5
deep_gp,entropy_batch,warm,baseline,val,128,0.968080,0.000880,5
deep_gp,entropy_batch,warm,baseline,val,129,0.968718,0.000676,5
deep_gp,entropy_batch,warm,baseline,val,130,0.968510,0.000843,5
deep_gp,entropy_batch,warm,baseline,val,131,0.968643,0.000703,5
deep_gp,entropy_batch,warm,baseline,val,132,0.968634,0.000446,5
deep_gp,entropy_batch,warm,baseline,val,133,0.968202,0.000590,5
deep_gp,entropy_batch,warm,baseline,val,134,0.968260,0.000572,5
deep_gp,entropy_batch,warm,baseline,val,135,0.968765,0.000296,5
deep_gp,entropy_batch,warm,baseline,val,136,0.967981,0.001013,5
deep_gp,entropy_batch,warm,baseline,val,137,0.968524,0.000758,5
deep_gp,entropy_batch,warm,baseline,val,138,0.968832,0.000415,5
deep_gp,entropy_batch,warm,baseline,val,139,0.968612,0.000484,5
deep_gp,entropy_batch,warm,baseline,val,140,0.968777,0.000190,5
deep_gp,entropy_batch,warm,baseline,val,141,0.969296,0.000608,5
deep_gp,entropy_batch,warm,baseline,val,142,0.969198,0.000559,5
deep_gp,entropy_batch,warm,baseline,val,143,0.969311,0.000581,5
deep_gp,entropy_batch,warm,baseline,val,144,0.969369,0.000429,5
deep_gp,entropy_batch,warm,baseline,val,145,0.969563,0.001423,3
deep_gp,entropy_batch,warm,baseline,val,146,0.969809,0.000821,3
deep_gp,entropy_batch,warm,baseline,val,147,0.969589,0.001152,3
deep_gp,entropy_batch,warm,baseline,val,148,0.969081,0.000478,3
deep_gp,entropy_batch,warm,baseline,val,149,0.969287,0.000708,3
deep_gp,entropy_batch,warm,baseline,val,150,0.968498,0.000933,3
deep_gp,entropy_batch,warm,baseline,val,151,0.969487,0.001356,2
deep_gp,entropy_batch,warm,baseline,val,152,0.969177,0.001719,2
dnn,entropy_batch,cold,al,static_random,1,0.942852,0.001068,5
dnn,entropy_batch,cold,al,static_random,2,0.951142,0.000812,5
dnn,entropy_batch,cold,al,static_random,3,0.952990,0.001037,5
dnn,entropy_batch,cold,al,static_random,4,0.954430,0.000313,5
dnn,entropy_batch,cold,al,static_random,5,0.954550,0.001436,5
dnn,entropy_batch,cold,al,static_random,6,0.957602,0.000993,5
dnn,entropy_batch,cold,al,static_random,7,0.957412,0.001262,5
dnn,entropy_batch,cold,al,static_random,8,0.957494,0.000838,5
dnn,entropy_batch,cold,al,static_random,9,0.958970,0.002239,5
dnn,entropy_batch,cold,al,static_random,10,0.960222,0.000822,5
dnn,entropy_batch,cold,al,static_random,11,0.962136,0.001093,5
dnn,entropy_batch,cold,al,static_random,12,0.964620,0.000667,5
dnn,entropy_batch,cold,al,static_random,13,0.964060,0.001501,5
dnn,entropy_batch,cold,al,static_random,14,0.966370,0.001274,5
dnn,entropy_batch,cold,al,static_random,15,0.966774,0.000822,5
dnn,entropy_batch,cold,al,static_random,16,0.966344,0.001542,5
dnn,entropy_batch,cold,al,static_random,17,0.969718,0.000581,5
dnn,entropy_batch,cold,al,static_random,18,0.968680,0.001508,5
dnn,entropy_batch,cold,al,static_random,19,0.970880,0.000963,5
dnn,entropy_batch,cold,al,static_random,20,0.970146,0.000407,5
dnn,entropy_batch,cold,al,static_random,21,0.971530,0.000843,5
dnn,entropy_batch,cold,al,static_random,22,0.971096,0.002561,5
dnn,entropy_batch,cold,al,static_random,23,0.973074,0.000815,5
dnn,entropy_batch,cold,al,static_random,24,0.971792,0.001120,5
dnn,entropy_batch,cold,al,static_random,25,0.973594,0.000731,5
dnn,entropy_batch,cold,al,static_random,26,0.974618,0.000676,5
dnn,entropy_batch,cold,al,static_random,27,0.974524,0.000555,5
dnn,entropy_batch,cold,al,static_random,28,0.974482,0.001380,5
dnn,entropy_batch,cold,al,static_random,29,0.974904,0.000556,5
dnn,entropy_batch,cold,al,static_random,30,0.976588,0.000734,5
dnn,entropy_batch,cold,al,static_random,31,0.975352,0.000932,5
dnn,entropy_batch,cold,al,static_random,32,0.973916,0.000583,5
dnn,entropy_batch,cold,al,static_random,33,0.975900,0.000684,5
dnn,entropy_batch,cold,al,static_random,34,0.975580,0.001558,5
dnn,entropy_batch,cold,al,static_random,35,0.975076,0.001798,5
dnn,entropy_batch,cold,al,static_random,36,0.978166,0.000528,5
dnn,entropy_batch,cold,al,static_random,37,0.976476,0.000481,5
dnn,entropy_batch,cold,al,static_random,38,0.974318,0.002064,5
dnn,entropy_batch,cold,al,static_random,39,0.978700,0.000896,5
dnn,entropy_batch,cold,al,static_random,40,0.976978,0.000971,5
dnn,entropy_batch,cold,al,static_random,41,0.978958,0.000656,5
dnn,entropy_batch,cold,al,static_random,42,0.976544,0.001192,5
dnn,entropy_batch,cold,al,static_random,43,0.975872,0.002312,5
dnn,entropy_batch,cold,al,static_random,44,0.978586,0.000513,5
dnn,entropy_batch,cold,al,static_random,45,0.978422,0.001019,5
dnn,entropy_batch,cold,al,static_random,46,0.980114,0.000476,5
dnn,entropy_batch,cold,al,static_random,47,0.979210,0.000945,5
dnn,entropy_batch,cold,al,static_random,48,0.978958,0.000893,5
dnn,entropy_batch,cold,al,static_random,49,0.980302,0.000571,5
dnn,entropy_batch,cold,al,static_random,50,0.980562,0.000455,5
dnn,entropy_batch,cold,al,static_random,51,0.979616,0.000638,5
dnn,entropy_batch,cold,al,static_random,52,0.977174,0.001968,5
dnn,entropy_batch,cold,al,static_random,53,0.980086,0.000558,5
dnn,entropy_batch,cold,al,static_random,54,0.976954,0.003479,5
dnn,entropy_batch,cold,al,static_random,55,0.980294,0.000613,5
dnn,entropy_batch,cold,al,static_random,56,0.980420,0.000701,5
dnn,entropy_batch,cold,al,static_random,57,0.981528,0.000197,5
dnn,entropy_batch,cold,al,static_random,58,0.981592,0.000367,5
dnn,entropy_batch,cold,al,static_random,59,0.980440,0.000905,5
dnn,entropy_batch,cold,al,static_random,60,0.981850,0.000417,5
dnn,entropy_batch,cold,al,static_random,61,0.980718,0.000637,5
dnn,entropy_batch,cold,al,static_random,62,0.980740,0.000447,5
dnn,entropy_batch,cold,al,static_random,63,0.981542,0.000198,5
dnn,entropy_batch,cold,al,static_random,64,0.981374,0.000483,5
dnn,entropy_batch,cold,al,static_random,65,0.981554,0.000400,5
dnn,entropy_batch,cold,al,static_random,66,0.982310,0.000385,5
dnn,entropy_batch,cold,al,static_random,67,0.981522,0.000385,5
dnn,entropy_batch,cold,al,static_random,68,0.981056,0.001049,5
dnn,entropy_batch,cold,al,static_random,69,0.982088,0.000427,5
dnn,entropy_batch,cold,al,static_random,70,0.982388,0.000430,5
dnn,entropy_batch,cold,al,static_random,71,0.982408,0.000400,5
dnn,entropy_batch,cold,al,static_random,72,0.981344,0.000493,5
dnn,entropy_batch,cold,al,static_random,73,0.981946,0.000255,5
dnn,entropy_batch,cold,al,static_random,74,0.982210,0.000590,5
dnn,entropy_batch,cold,al,static_random,75,0.982470,0.000274,5
dnn,entropy_batch,cold,al,static_random,76,0.981900,0.000307,5
dnn,entropy_batch,cold,al,static_random,77,0.981446,0.000838,5
dnn,entropy_batch,cold,al,static_random,78,0.982972,0.000172,5
dnn,entropy_batch,cold,al,static_random,79,0.982446,0.000304,5
dnn,entropy_batch,cold,al,static_random,80,0.982522,0.000290,5
dnn,entropy_batch,cold,al,static_random,81,0.982816,0.000448,5
dnn,entropy_batch,cold,al,static_random,82,0.982916,0.000353,5
dnn,entropy_batch,cold,al,static_random,83,0.982000,0.000307,5
dnn,entropy_batch,cold,al,static_random,84,0.982674,0.000267,5
dnn,entropy_batch,cold,al,static_random,85,0.982166,0.000298,5
dnn,entropy_batch,cold,al,static_random,86,0.981834,0.000451,5
dnn,entropy_batch,cold,al,static_random,87,0.982518,0.000522,5
dnn,entropy_batch,cold,al,static_random,88,0.981680,0.000103,5
dnn,entropy_batch,cold,al,static_random,89,0.983072,0.000389,5
dnn,entropy_batch,cold,al,static_random,90,0.983108,0.000247,5
dnn,entropy_batch,cold,al,static_random,91,0.982362,0.000461,5
dnn,entropy_batch,cold,al,static_random,92,0.982356,0.000487,5
dnn,entropy_batch,cold,al,static_random,93,0.983320,0.000600,5
dnn,entropy_batch,cold,al,static_random,94,0.982318,0.000326,5
dnn,entropy_batch,cold,al,static_random,95,0.982996,0.000357,5
dnn,entropy_batch,cold,al,static_random,96,0.982578,0.000445,5
dnn,entropy_batch,cold,al,static_random,97,0.982618,0.000364,5
dnn,entropy_batch,cold,al,static_random,98,0.983394,0.000525,5
dnn,entropy_batch,cold,al,static_random,99,0.983004,0.000233,5
dnn,entropy_batch,cold,al,static_random,100,0.983272,0.000471,5
dnn,entropy_batch,cold,al,static_random,101,0.983332,0.000829,5
dnn,entropy_batch,cold,al,static_random,102,0.982778,0.000203,5
dnn,entropy_batch,cold,al,static_random,103,0.982764,0.000353,5
dnn,entropy_batch,cold,al,static_random,104,0.982934,0.000254,5
dnn,entropy_batch,cold,al,static_random,105,0.982274,0.000385,5
dnn,entropy_batch,cold,al,static_random,106,0.983090,0.000162,5
dnn,entropy_batch,cold,al,static_random,107,0.982348,0.000508,5
dnn,entropy_batch,cold,al,static_random,108,0.982756,0.000562,5
dnn,entropy_batch,cold,al,static_random,109,0.982322,0.000548,5
dnn,entropy_batch,cold,al,static_random,110,0.983556,0.000563,5
dnn,entropy_batch,cold,al,static_random,111,0.983506,0.000343,5
dnn,entropy_batch,cold,al,static_random,112,0.982316,0.000398,5
dnn,entropy_batch,cold,al,static_random,113,0.982670,0.000453,5
dnn,entropy_batch,cold,al,static_random,114,0.983106,0.000744,5
dnn,entropy_batch,cold,al,static_random,115,0.983790,0.000401,5
dnn,entropy_batch,cold,al,static_random,116,0.983762,0.000609,5
dnn,entropy_batch,cold,al,static_random,117,0.982882,0.000665,5
dnn,entropy_batch,cold,al,static_random,118,0.982756,0.000436,5
dnn,entropy_batch,cold,al,static_random,119,0.983510,0.000447,5
dnn,entropy_batch,cold,al,static_random,120,0.983096,0.000561,5
dnn,entropy_batch,cold,al,static_random,121,0.983528,0.000545,5
dnn,entropy_batch,cold,al,static_random,122,0.983198,0.000307,5
dnn,entropy_batch,cold,al,static_random,123,0.984004,0.000596,5
dnn,entropy_batch,cold,al,static_random,124,0.982794,0.000599,5
dnn,entropy_batch,cold,al,static_random,125,0.983018,0.000660,5
dnn,entropy_batch,cold,al,static_random,126,0.984432,0.000304,5
dnn,entropy_batch,cold,al,static_random,127,0.983948,0.000421,5
dnn,entropy_batch,cold,al,static_random,128,0.983446,0.000584,5
dnn,entropy_batch,cold,al,static_random,129,0.984012,0.000378,5
dnn,entropy_batch,cold,al,static_random,130,0.984226,0.000300,5
dnn,entropy_batch,cold,al,static_random,131,0.983224,0.000139,5
dnn,entropy_batch,cold,al,static_random,132,0.983728,0.000964,5
dnn,entropy_batch,cold,al,static_random,133,0.982988,0.000620,5
dnn,entropy_batch,cold,al,static_random,134,0.984200,0.000279,5
dnn,entropy_batch,cold,al,static_random,135,0.984630,0.000187,5
dnn,entropy_batch,cold,al,static_random,136,0.983560,0.000516,5
dnn,entropy_batch,cold,al,static_random,137,0.983772,0.000503,5
dnn,entropy_batch,cold,al,static_random,138,0.984540,0.000621,5
dnn,entropy_batch,cold,al,static_random,139,0.984000,0.000629,5
dnn,entropy_batch,cold,al,static_random,140,0.984398,0.000165,5
dnn,entropy_batch,cold,al,static_random,141,0.983738,0.000417,5
dnn,entropy_batch,cold,al,static_random,142,0.984482,0.000705,5
dnn,entropy_batch,cold,al,static_random,143,0.984336,0.000249,5
dnn,entropy_batch,cold,al,static_random,144,0.983574,0.000556,5
dnn,entropy_batch,cold,al,static_random,145,0.983904,0.000378,5
dnn,entropy_batch,cold,al,static_random,146,0.983286,0.000811,5
dnn,entropy_batch,cold,al,static_random,147,0.984706,0.000362,5
dnn,entropy_batch,cold,al,static_random,148,0.984364,0.000311,5
dnn,entropy_batch,cold,al,static_random,149,0.984350,0.000397,5
dnn,entropy_batch,cold,al,static_random,150,0.984004,0.000442,5
dnn,entropy_batch,cold,al,static_random,151,0.984602,0.000515,5
dnn,entropy_batch,cold,al,static_random,152,0.984986,0.000416,5
dnn,entropy_batch,cold,al,static_random,153,0.984992,0.000395,5
dnn,entropy_batch,cold,al,static_random,154,0.984268,0.000291,5
dnn,entropy_batch,cold,al,static_random,155,0.984710,0.000534,5
dnn,entropy_batch,cold,al,static_random,156,0.984014,0.000738,5
dnn,entropy_batch,cold,al,static_random,157,0.984140,0.000333,5
dnn,entropy_batch,cold,al,static_random,158,0.984182,0.000385,5
dnn,entropy_batch,cold,al,static_random,159,0.983808,0.000568,5
dnn,entropy_batch,cold,al,static_random,160,0.984612,0.000465,5
dnn,entropy_batch,cold,al,static_random,161,0.984156,0.000885,5
dnn,entropy_batch,cold,al,static_random,162,0.984082,0.000494,5
dnn,entropy_batch,cold,al,static_random,163,0.983790,0.001189,5
dnn,entropy_batch,cold,al,static_random,164,0.985008,0.000549,5
dnn,entropy_batch,cold,al,static_random,165,0.984100,0.000727,5
dnn,entropy_batch,cold,al,static_random,166,0.983780,0.000574,5
dnn,entropy_batch,cold,al,static_random,167,0.983038,0.000745,5
dnn,entropy_batch,cold,al,static_random,168,0.983576,0.000613,5
dnn,entropy_batch,cold,al,static_random,169,0.984836,0.000430,5
dnn,entropy_batch,cold,al,static_random,170,0.984102,0.000945,4
dnn,entropy_batch,cold,al,static_random,171,0.984702,0.000827,4
dnn,entropy_batch,cold,al,static_random,172,0.982530,0.001696,4
dnn,entropy_batch,cold,al,static_random,173,0.984980,0.001048,3
dnn,entropy_batch,cold,al,static_random,174,0.983810,0.000900,3
dnn,entropy_batch,cold,al,static_random,175,0.982540,0.001198,3
dnn,entropy_batch,cold,al,static_random,176,0.984555,0.002035,2
dnn,entropy_batch,cold,al,static_random,177,0.984640,0.001020,2
dnn,entropy_batch,cold,al,static_random,178,0.980170,,1
dnn,entropy_batch,cold,al,static_random,179,0.983660,,1
dnn,entropy_batch,cold,al,static_random,180,0.982540,,1
dnn,entropy_batch,cold,al,static_random,181,0.984560,,1
dnn,entropy_batch,cold,al,static_random,182,0.983790,,1
dnn,entropy_batch,cold,al,static_random,183,0.981600,,1
dnn,entropy_batch,cold,al,static_random,184,0.985240,,1
dnn,entropy_batch,cold,al,static_random,185,0.982960,,1
dnn,entropy_batch,cold,al,static_random,186,0.983580,,1
dnn,entropy_batch,cold,al,static_random,187,0.985380,,1
dnn,entropy_batch,cold,al,static_random,188,0.982030,,1
dnn,entropy_batch,cold,al,static_random,189,0.983380,,1
dnn,entropy_batch,cold,al,static_random,190,0.983910,,1
dnn,entropy_batch,cold,al,static_random,191,0.982520,,1
dnn,entropy_batch,cold,al,static_random,192,0.984530,,1
dnn,entropy_batch,cold,al,static_random,193,0.984920,,1
dnn,entropy_batch,cold,al,static_random,194,0.983960,,1
dnn,entropy_batch,cold,al,static_random,195,0.984780,,1
dnn,entropy_batch,cold,al,static_random,196,0.983940,,1
dnn,entropy_batch,cold,al,static_random,197,0.983130,,1
dnn,entropy_batch,cold,al,static_random,198,0.983970,,1
dnn,entropy_batch,cold,al,static_random,199,0.985980,,1
dnn,entropy_batch,cold,al,static_random,200,0.983970,,1
dnn,entropy_batch,cold,al,mcmc,1,0.544475,0.002122,5
dnn,entropy_batch,cold,al,mcmc,2,0.545530,0.002405,5
dnn,entropy_batch,cold,al,mcmc,3,0.542250,0.002008,5
dnn,entropy_batch,cold,al,mcmc,4,0.540638,0.001018,5
dnn,entropy_batch,cold,al,mcmc,5,0.541200,0.002453,5
dnn,entropy_batch,cold,al,mcmc,6,0.538729,0.001582,5
dnn,entropy_batch,cold,al,mcmc,7,0.540726,0.002859,5
dnn,entropy_batch,cold,al,mcmc,8,0.541252,0.003037,5
dnn,entropy_batch,cold,al,mcmc,9,0.542965,0.004074,5
dnn,entropy_batch,cold,al,mcmc,10,0.542852,0.002751,5
dnn,entropy_batch,cold,al,mcmc,11,0.549320,0.003781,5
dnn,entropy_batch,cold,al,mcmc,12,0.550482,0.002724,5
dnn,entropy_batch,cold,al,mcmc,13,0.551078,0.004258,5
dnn,entropy_batch,cold,al,mcmc,14,0.553789,0.003026,5
dnn,entropy_batch,cold,al,mcmc,15,0.557181,0.001393,5
dnn,entropy_batch,cold,al,mcmc,16,0.556780,0.004464,5
dnn,entropy_batch,cold,al,mcmc,17,0.562337,0.001266,5
dnn,entropy_batch,cold,al,mcmc,18,0.558784,0.004255,5
dnn,entropy_batch,cold,al,mcmc,19,0.562240,0.003863,5
dnn,entropy_batch,cold,al,mcmc,20,0.558064,0.002515,5
dnn,entropy_batch,cold,al,mcmc,21,0.565232,0.002610,5
dnn,entropy_batch,cold,al,mcmc,22,0.565557,0.005758,5
dnn,entropy_batch,cold,al,mcmc,23,0.565787,0.002834,5
dnn,entropy_batch,cold,al,mcmc,24,0.571390,0.005562,5
dnn,entropy_batch,cold,al,mcmc,25,0.570078,0.002367,5
dnn,entropy_batch,cold,al,mcmc,26,0.569518,0.003174,5
dnn,entropy_batch,cold,al,mcmc,27,0.578360,0.002602,5
dnn,entropy_batch,cold,al,mcmc,28,0.573411,0.007284,5
dnn,entropy_batch,cold,al,mcmc,29,0.572358,0.002825,5
dnn,entropy_batch,cold,al,mcmc,30,0.582984,0.005222,5
dnn,entropy_batch,cold,al,mcmc,31,0.565544,0.003892,5
dnn,entropy_batch,cold,al,mcmc,32,0.565865,0.004112,5
dnn,entropy_batch,cold,al,mcmc,33,0.568512,0.003130,5
dnn,entropy_batch,cold,al,mcmc,34,0.575930,0.003895,5
dnn,entropy_batch,cold,al,mcmc,35,0.581040,0.004953,5
dnn,entropy_batch,cold,al,mcmc,36,0.588805,0.005548,5
dnn,entropy_batch,cold,al,mcmc,37,0.574928,0.003782,5
dnn,entropy_batch,cold,al,mcmc,38,0.581187,0.006135,5
dnn,entropy_batch,cold,al,mcmc,39,0.586230,0.008697,5
dnn,entropy_batch,cold,al,mcmc,40,0.576672,0.008255,5
dnn,entropy_batch,cold,al,mcmc,41,0.590192,0.007798,5
dnn,entropy_batch,cold,al,mcmc,42,0.572028,0.005946,5
dnn,entropy_batch,cold,al,mcmc,43,0.578862,0.007630,5
dnn,entropy_batch,cold,al,mcmc,44,0.579576,0.003616,5
dnn,entropy_batch,cold,al,mcmc,45,0.579878,0.006818,5
dnn,entropy_batch,cold,al,mcmc,46,0.594060,0.003454,5
dnn,entropy_batch,cold,al,mcmc,47,0.587446,0.009077,5
dnn,entropy_batch,cold,al,mcmc,48,0.580785,0.006498,5
dnn,entropy_batch,cold,al,mcmc,49,0.592340,0.004747,5
dnn,entropy_batch,cold,al,mcmc,50,0.598304,0.007182,5
dnn,entropy_batch,cold,al,mcmc,51,0.586482,0.005230,5
dnn,entropy_batch,cold,al,mcmc,52,0.581592,0.005344,5
dnn,entropy_batch,cold,al,mcmc,53,0.584411,0.003105,5
dnn,entropy_batch,cold,al,mcmc,54,0.582294,0.011566,5
dnn,entropy_batch,cold,al,mcmc,55,0.589632,0.002929,5
dnn,entropy_batch,cold,al,mcmc,56,0.587346,0.004074,5
dnn,entropy_batch,cold,al,mcmc,57,0.598286,0.005696,5
dnn,entropy_batch,cold,al,mcmc,58,0.594171,0.005926,5
dnn,entropy_batch,cold,al,mcmc,59,0.588794,0.008146,5
dnn,entropy_batch,cold,al,mcmc,60,0.602046,0.003937,5
dnn,entropy_batch,cold,al,mcmc,61,0.592287,0.006277,5
dnn,entropy_batch,cold,al,mcmc,62,0.584480,0.002537,5
dnn,entropy_batch,cold,al,mcmc,63,0.597736,0.005377,5
dnn,entropy_batch,cold,al,mcmc,64,0.592888,0.006844,5
dnn,entropy_batch,cold,al,mcmc,65,0.589857,0.004317,5
dnn,entropy_batch,cold,al,mcmc,66,0.597386,0.004957,5
dnn,entropy_batch,cold,al,mcmc,67,0.597268,0.006641,5
dnn,entropy_batch,cold,al,mcmc,68,0.592354,0.007011,5
dnn,entropy_batch,cold,al,mcmc,69,0.602374,0.005395,5
dnn,entropy_batch,cold,al,mcmc,70,0.606576,0.003997,5
dnn,entropy_batch,cold,al,mcmc,71,0.602330,0.003674,5
dnn,entropy_batch,cold,al,mcmc,72,0.595140,0.002175,5
dnn,entropy_batch,cold,al,mcmc,73,0.593787,0.006367,5
dnn,entropy_batch,cold,al,mcmc,74,0.600830,0.008426,5
dnn,entropy_batch,cold,al,mcmc,75,0.609224,0.002172,5
dnn,entropy_batch,cold,al,mcmc,76,0.590048,0.004937,5
dnn,entropy_batch,cold,al,mcmc,77,0.598568,0.007455,5
dnn,entropy_batch,cold,al,mcmc,78,0.607574,0.006274,5
dnn,entropy_batch,cold,al,mcmc,79,0.602282,0.002839,5
dnn,entropy_batch,cold,al,mcmc,80,0.608729,0.004434,5
dnn,entropy_batch,cold,al,mcmc,81,0.606939,0.003642,5
dnn,entropy_batch,cold,al,mcmc,82,0.606606,0.007184,5
dnn,entropy_batch,cold,al,mcmc,83,0.590823,0.001596,5
dnn,entropy_batch,cold,al,mcmc,84,0.608346,0.004605,5
dnn,entropy_batch,cold,al,mcmc,85,0.594981,0.006124,5
dnn,entropy_batch,cold,al,mcmc,86,0.593756,0.007286,5
dnn,entropy_batch,cold,al,mcmc,87,0.600744,0.007459,5
dnn,entropy_batch,cold,al,mcmc,88,0.585642,0.005454,5
dnn,entropy_batch,cold,al,mcmc,89,0.605679,0.006429,5
dnn,entropy_batch,cold,al,mcmc,90,0.604303,0.004609,5
dnn,entropy_batch,cold,al,mcmc,91,0.601650,0.004187,5
dnn,entropy_batch,cold,al,mcmc,92,0.598276,0.007005,5
dnn,entropy_batch,cold,al,mcmc,93,0.613838,0.007742,5
dnn,entropy_batch,cold,al,mcmc,94,0.598483,0.005582,5
dnn,entropy_batch,cold,al,mcmc,95,0.600625,0.004933,5
dnn,entropy_batch,cold,al,mcmc,96,0.596326,0.007782,5
dnn,entropy_batch,cold,al,mcmc,97,0.594342,0.008945,5
dnn,entropy_batch,cold,al,mcmc,98,0.603176,0.009072,5
dnn,entropy_batch,cold,al,mcmc,99,0.605472,0.004547,5
dnn,entropy_batch,cold,al,mcmc,100,0.606735,0.006833,5
dnn,entropy_batch,cold,al,mcmc,101,0.609955,0.009352,5
dnn,entropy_batch,cold,al,mcmc,102,0.594057,0.003623,5
dnn,entropy_batch,cold,al,mcmc,103,0.594946,0.005064,5
dnn,entropy_batch,cold,al,mcmc,104,0.603721,0.004497,5
dnn,entropy_batch,cold,al,mcmc,105,0.593342,0.006189,5
dnn,entropy_batch,cold,al,mcmc,106,0.608713,0.003365,5
dnn,entropy_batch,cold,al,mcmc,107,0.592713,0.009539,5
dnn,entropy_batch,cold,al,mcmc,108,0.600598,0.007859,5
dnn,entropy_batch,cold,al,mcmc,109,0.594047,0.005151,5
dnn,entropy_batch,cold,al,mcmc,110,0.609782,0.006428,5
dnn,entropy_batch,cold,al,mcmc,111,0.605806,0.004552,5
dnn,entropy_batch,cold,al,mcmc,112,0.592121,0.006460,5
dnn,entropy_batch,cold,al,mcmc,113,0.595146,0.003739,5
dnn,entropy_batch,cold,al,mcmc,114,0.604539,0.009226,5
dnn,entropy_batch,cold,al,mcmc,115,0.607559,0.005273,5
dnn,entropy_batch,cold,al,mcmc,116,0.609467,0.008784,5
dnn,entropy_batch,cold,al,mcmc,117,0.605441,0.008945,5
dnn,entropy_batch,cold,al,mcmc,118,0.601239,0.008834,5
dnn,entropy_batch,cold,al,mcmc,119,0.608876,0.007681,5
dnn,entropy_batch,cold,al,mcmc,120,0.597571,0.008433,5
dnn,entropy_batch,cold,al,mcmc,121,0.603464,0.003308,5
dnn,entropy_batch,cold,al,mcmc,122,0.603773,0.003987,5
dnn,entropy_batch,cold,al,mcmc,123,0.620652,0.012064,5
dnn,entropy_batch,cold,al,mcmc,124,0.607397,0.006904,5
dnn,entropy_batch,cold,al,mcmc,125,0.602045,0.009922,5
dnn,entropy_batch,cold,al,mcmc,126,0.613504,0.005493,5
dnn,entropy_batch,cold,al,mcmc,127,0.611998,0.005872,5
dnn,entropy_batch,cold,al,mcmc,128,0.607580,0.006400,5
dnn,entropy_batch,cold,al,mcmc,129,0.617039,0.004790,5
dnn,entropy_batch,cold,al,mcmc,130,0.618882,0.007684,5
dnn,entropy_batch,cold,al,mcmc,131,0.595739,0.004659,5
dnn,entropy_batch,cold,al,mcmc,132,0.610212,0.010853,5
dnn,entropy_batch,cold,al,mcmc,133,0.593190,0.005217,5
dnn,entropy_batch,cold,al,mcmc,134,0.614066,0.004856,5
dnn,entropy_batch,cold,al,mcmc,135,0.619148,0.006589,5
dnn,entropy_batch,cold,al,mcmc,136,0.609724,0.007469,5
dnn,entropy_batch,cold,al,mcmc,137,0.604008,0.008695,5
dnn,entropy_batch,cold,al,mcmc,138,0.623989,0.009749,5
dnn,entropy_batch,cold,al,mcmc,139,0.614858,0.006801,5
dnn,entropy_batch,cold,al,mcmc,140,0.615016,0.005025,5
dnn,entropy_batch,cold,al,mcmc,141,0.616105,0.009292,5
dnn,entropy_batch,cold,al,mcmc,142,0.616113,0.009899,5
dnn,entropy_batch,cold,al,mcmc,143,0.621808,0.006210,5
dnn,entropy_batch,cold,al,mcmc,144,0.601686,0.005120,5
dnn,entropy_batch,cold,al,mcmc,145,0.612198,0.006603,5
dnn,entropy_batch,cold,al,mcmc,146,0.604154,0.010463,5
dnn,entropy_batch,cold,al,mcmc,147,0.623630,0.006935,5
dnn,entropy_batch,cold,al,mcmc,148,0.622425,0.004550,5
dnn,entropy_batch,cold,al,mcmc,149,0.621146,0.007462,5
dnn,entropy_batch,cold,al,mcmc,150,0.610128,0.007174,5
dnn,entropy_batch,cold,al,mcmc,151,0.617802,0.009461,5
dnn,entropy_batch,cold,al,mcmc,152,0.623838,0.007205,5
dnn,entropy_batch,cold,al,mcmc,153,0.622755,0.009088,5
dnn,entropy_batch,cold,al,mcmc,154,0.616835,0.008526,5
dnn,entropy_batch,cold,al,mcmc,155,0.623398,0.008336,5
dnn,entropy_batch,cold,al,mcmc,156,0.611957,0.010028,5
dnn,entropy_batch,cold,al,mcmc,157,0.617648,0.006600,5
dnn,entropy_batch,cold,al,mcmc,158,0.609434,0.008952,5
dnn,entropy_batch,cold,al,mcmc,159,0.608596,0.012252,5
dnn,entropy_batch,cold,al,mcmc,160,0.616912,0.006912,5
dnn,entropy_batch,cold,al,mcmc,161,0.619075,0.005295,5
dnn,entropy_batch,cold,al,mcmc,162,0.609344,0.005629,5
dnn,entropy_batch,cold,al,mcmc,163,0.604480,0.009746,5
dnn,entropy_batch,cold,al,mcmc,164,0.621188,0.007949,5
dnn,entropy_batch,cold,al,mcmc,165,0.616552,0.008992,5
dnn,entropy_batch,cold,al,mcmc,166,0.603645,0.006306,5
dnn,entropy_batch,cold,al,mcmc,167,0.591337,0.006474,5
dnn,entropy_batch,cold,al,mcmc,168,0.601743,0.003954,5
dnn,entropy_batch,cold,al,mcmc,169,0.615962,0.005833,5
dnn,entropy_batch,cold,al,mcmc,170,0.614286,0.011446,4
dnn,entropy_batch,cold,al,mcmc,171,0.617949,0.011848,4
dnn,entropy_batch,cold,al,mcmc,172,0.610646,0.007855,4
dnn,entropy_batch,cold,al,mcmc,173,0.622746,0.009110,3
dnn,entropy_batch,cold,al,mcmc,174,0.608484,0.010857,3
dnn,entropy_batch,cold,al,mcmc,175,0.595675,0.011530,3
dnn,entropy_batch,cold,al,mcmc,176,0.614128,0.025868,2
dnn,entropy_batch,cold,al,mcmc,177,0.611140,0.004502,2
dnn,entropy_batch,cold,al,mcmc,178,0.581402,,1
dnn,entropy_batch,cold,al,mcmc,179,0.607066,,1
dnn,entropy_batch,cold,al,mcmc,180,0.609504,,1
dnn,entropy_batch,cold,al,mcmc,181,0.627496,,1
dnn,entropy_batch,cold,al,mcmc,182,0.609752,,1
dnn,entropy_batch,cold,al,mcmc,183,0.594012,,1
dnn,entropy_batch,cold,al,mcmc,184,0.624226,,1
dnn,entropy_batch,cold,al,mcmc,185,0.594082,,1
dnn,entropy_batch,cold,al,mcmc,186,0.606216,,1
dnn,entropy_batch,cold,al,mcmc,187,0.626964,,1
dnn,entropy_batch,cold,al,mcmc,188,0.591970,,1
dnn,entropy_batch,cold,al,mcmc,189,0.602134,,1
dnn,entropy_batch,cold,al,mcmc,190,0.612436,,1
dnn,entropy_batch,cold,al,mcmc,191,0.602572,,1
dnn,entropy_batch,cold,al,mcmc,192,0.622408,,1
dnn,entropy_batch,cold,al,mcmc,193,0.613172,,1
dnn,entropy_batch,cold,al,mcmc,194,0.606480,,1
dnn,entropy_batch,cold,al,mcmc,195,0.624510,,1
dnn,entropy_batch,cold,al,mcmc,196,0.617588,,1
dnn,entropy_batch,cold,al,mcmc,197,0.601364,,1
dnn,entropy_batch,cold,al,mcmc,198,0.622660,,1
dnn,entropy_batch,cold,al,mcmc,199,0.648422,,1
dnn,entropy_batch,cold,al,mcmc,200,0.605186,,1
dnn,entropy_batch,cold,al,train,1,0.982250,0.005557,5
dnn,entropy_batch,cold,al,train,2,0.955820,0.006833,5
dnn,entropy_batch,cold,al,train,3,0.945701,0.006019,5
dnn,entropy_batch,cold,al,train,4,0.930529,0.006392,5
dnn,entropy_batch,cold,al,train,5,0.910579,0.002263,5
dnn,entropy_batch,cold,al,train,6,0.905347,0.003783,5
dnn,entropy_batch,cold,al,train,7,0.885723,0.007301,5
dnn,entropy_batch,cold,al,train,8,0.895081,0.018049,5
dnn,entropy_batch,cold,al,train,9,0.899983,0.013565,5
dnn,entropy_batch,cold,al,train,10,0.898866,0.013450,5
dnn,entropy_batch,cold,al,train,11,0.910105,0.010867,5
dnn,entropy_batch,cold,al,train,12,0.929931,0.014443,5
dnn,entropy_batch,cold,al,train,13,0.894414,0.008922,5
dnn,entropy_batch,cold,al,train,14,0.912850,0.020050,5
dnn,entropy_batch,cold,al,train,15,0.921781,0.006543,5
dnn,entropy_batch,cold,al,train,16,0.896656,0.020974,5
dnn,entropy_batch,cold,al,train,17,0.929822,0.006878,5
dnn,entropy_batch,cold,al,train,18,0.917800,0.019262,5
dnn,entropy_batch,cold,al,train,19,0.925979,0.004003,5
dnn,entropy_batch,cold,al,train,20,0.921643,0.008439,5
dnn,entropy_batch,cold,al,train,21,0.920911,0.006766,5
dnn,entropy_batch,cold,al,train,22,0.908376,0.028760,5
dnn,entropy_batch,cold,al,train,23,0.909566,0.011020,5
dnn,entropy_batch,cold,al,train,24,0.895018,0.019061,5
dnn,entropy_batch,cold,al,train,25,0.907418,0.004113,5
dnn,entropy_batch,cold,al,train,26,0.921642,0.009359,5
dnn,entropy_batch,cold,al,train,27,0.930221,0.004422,5
dnn,entropy_batch,cold,al,train,28,0.921627,0.011130,5
dnn,entropy_batch,cold,al,train,29,0.922051,0.006975,5
dnn,entropy_batch,cold,al,train,30,0.919010,0.011698,5
dnn,entropy_batch,cold,al,train,31,0.908983,0.009577,5
dnn,entropy_batch,cold,al,train,32,0.887132,0.016318,5
dnn,entropy_batch,cold,al,train,33,0.902701,0.011405,5
dnn,entropy_batch,cold,al,train,34,0.909276,0.009687,5
dnn,entropy_batch,cold,al,train,35,0.875255,0.026174,5
dnn,entropy_batch,cold,al,train,36,0.926422,0.004668,5
dnn,entropy_batch,cold,al,train,37,0.874890,0.013389,5
dnn,entropy_batch,cold,al,train,38,0.839813,0.032363,5
dnn,entropy_batch,cold,al,train,39,0.912864,0.005088,5
dnn,entropy_batch,cold,al,train,40,0.892033,0.013316,5
dnn,entropy_batch,cold,al,train,41,0.897883,0.011748,5
dnn,entropy_batch,cold,al,train,42,0.887829,0.015119,5
dnn,entropy_batch,cold,al,train,43,0.875972,0.030563,5
dnn,entropy_batch,cold,al,train,44,0.902944,0.003104,5
dnn,entropy_batch,cold,al,train,45,0.896613,0.011536,5
dnn,entropy_batch,cold,al,train,46,0.909851,0.003645,5
dnn,entropy_batch,cold,al,train,47,0.898779,0.013668,5
dnn,entropy_batch,cold,al,train,48,0.892407,0.007107,5
dnn,entropy_batch,cold,al,train,49,0.899066,0.007276,5
dnn,entropy_batch,cold,al,train,50,0.915417,0.005032,5
dnn,entropy_batch,cold,al,train,51,0.902382,0.007452,5
dnn,entropy_batch,cold,al,train,52,0.862018,0.032011,5
dnn,entropy_batch,cold,al,train,53,0.906195,0.005675,5
dnn,entropy_batch,cold,al,train,54,0.857882,0.043764,5
dnn,entropy_batch,cold,al,train,55,0.888557,0.013478,5
dnn,entropy_batch,cold,al,train,56,0.904657,0.006439,5
dnn,entropy_batch,cold,al,train,57,0.904252,0.007857,5
dnn,entropy_batch,cold,al,train,58,0.905380,0.008281,5
dnn,entropy_batch,cold,al,train,59,0.884527,0.012515,5
dnn,entropy_batch,cold,al,train,60,0.902549,0.007144,5
dnn,entropy_batch,cold,al,train,61,0.896853,0.006260,5
dnn,entropy_batch,cold,al,train,62,0.887340,0.008709,5
dnn,entropy_batch,cold,al,train,63,0.904299,0.007281,5
dnn,entropy_batch,cold,al,train,64,0.889509,0.009879,5
dnn,entropy_batch,cold,al,train,65,0.887063,0.009640,5
dnn,entropy_batch,cold,al,train,66,0.904172,0.005963,5
dnn,entropy_batch,cold,al,train,67,0.888902,0.008885,5
dnn,entropy_batch,cold,al,train,68,0.875757,0.014423,5
dnn,entropy_batch,cold,al,train,69,0.887174,0.009950,5
dnn,entropy_batch,cold,al,train,70,0.899404,0.004202,5
dnn,entropy_batch,cold,al,train,71,0.877739,0.013161,5
dnn,entropy_batch,cold,al,train,72,0.875751,0.009835,5
dnn,entropy_batch,cold,al,train,73,0.878966,0.011322,5
dnn,entropy_batch,cold,al,train,74,0.890800,0.010054,5
dnn,entropy_batch,cold,al,train,75,0.883331,0.007876,5
dnn,entropy_batch,cold,al,train,76,0.868664,0.010101,5
dnn,entropy_batch,cold,al,train,77,0.869860,0.011950,5
dnn,entropy_batch,cold,al,train,78,0.880179,0.009364,5
dnn,entropy_batch,cold,al,train,79,0.882415,0.005628,5
dnn,entropy_batch,cold,al,train,80,0.889712,0.004065,5
dnn,entropy_batch,cold,al,train,81,0.892133,0.006496,5
dnn,entropy_batch,cold,al,train,82,0.884456,0.007515,5
dnn,entropy_batch,cold,al,train,83,0.872195,0.011627,5
dnn,entropy_batch,cold,al,train,84,0.877705,0.011542,5
dnn,entropy_batch,cold,al,train,85,0.863914,0.012267,5
dnn,entropy_batch,cold,al,train,86,0.858401,0.014170,5
dnn,entropy_batch,cold,al,train,87,0.868940,0.011999,5
dnn,entropy_batch,cold,al,train,88,0.862940,0.009798,5
dnn,entropy_batch,cold,al,train,89,0.873100,0.009800,5
dnn,entropy_batch,cold,al,train,90,0.871336,0.010474,5
dnn,entropy_batch,cold,al,train,91,0.862873,0.011144,5
dnn,entropy_batch,cold,al,train,92,0.859085,0.013102,5
dnn,entropy_batch,cold,al,train,93,0.868815,0.013551,5
dnn,entropy_batch,cold,al,train,94,0.872026,0.009158,5
dnn,entropy_batch,cold,al,train,95,0.868335,0.008564,5
dnn,entropy_batch,cold,al,train,96,0.867788,0.013452,5
dnn,entropy_batch,cold,al,train,97,0.870499,0.006473,5
dnn,entropy_batch,cold,al,train,98,0.876625,0.007917,5
dnn,entropy_batch,cold,al,train,99,0.867381,0.008927,5
dnn,entropy_batch,cold,al,train,100,0.867588,0.010446,5
dnn,entropy_batch,cold,al,train,101,0.866128,0.012818,5
dnn,entropy_batch,cold,al,train,102,0.863350,0.010407,5
dnn,entropy_batch,cold,al,train,103,0.862540,0.011898,5
dnn,entropy_batch,cold,al,train,104,0.852389,0.011691,5
dnn,entropy_batch,cold,al,train,105,0.843435,0.013059,5
dnn,entropy_batch,cold,al,train,106,0.865335,0.011826,5
dnn,entropy_batch,cold,al,train,107,0.845355,0.013702,5
dnn,entropy_batch,cold,al,train,108,0.853225,0.014707,5
dnn,entropy_batch,cold,al,train,109,0.856563,0.009204,5
dnn,entropy_batch,cold,al,train,110,0.869384,0.010297,5
dnn,entropy_batch,cold,al,train,111,0.866922,0.007817,5
dnn,entropy_batch,cold,al,train,112,0.849233,0.013252,5
dnn,entropy_batch,cold,al,train,113,0.851792,0.013038,5
dnn,entropy_batch,cold,al,train,114,0.855087,0.012170,5
dnn,entropy_batch,cold,al,train,115,0.864486,0.010380,5
dnn,entropy_batch,cold,al,train,116,0.873454,0.009138,5
dnn,entropy_batch,cold,al,train,117,0.843694,0.016951,5
dnn,entropy_batch,cold,al,train,118,0.837345,0.015938,5
dnn,entropy_batch,cold,al,train,119,0.857847,0.012313,5
dnn,entropy_batch,cold,al,train,120,0.850167,0.012153,5
dnn,entropy_batch,cold,al,train,121,0.859961,0.015407,5
dnn,entropy_batch,cold,al,train,122,0.852979,0.012717,5
dnn,entropy_batch,cold,al,train,123,0.865361,0.009081,5
dnn,entropy_batch,cold,al,train,124,0.849894,0.016385,5
dnn,entropy_batch,cold,al,train,125,0.844091,0.014971,5
dnn,entropy_batch,cold,al,train,126,0.869896,0.007506,5
dnn,entropy_batch,cold,al,train,127,0.863858,0.009870,5
dnn,entropy_batch,cold,al,train,128,0.857900,0.010514,5
dnn,entropy_batch,cold,al,train,129,0.865524,0.010097,5
dnn,entropy_batch,cold,al,train,130,0.864355,0.009177,5
dnn,entropy_batch,cold,al,train,131,0.842255,0.012213,5
dnn,entropy_batch,cold,al,train,132,0.856585,0.016175,5
dnn,entropy_batch,cold,al,train,133,0.828730,0.017255,5
dnn,entropy_batch,cold,al,train,134,0.868320,0.007494,5
dnn,entropy_batch,cold,al,train,135,0.868207,0.008343,5
dnn,entropy_batch,cold,al,train,136,0.847317,0.018361,5
dnn,entropy_batch,cold,al,train,137,0.862181,0.014041,5
dnn,entropy_batch,cold,al,train,138,0.863458,0.013628,5
dnn,entropy_batch,cold,al,train,139,0.857020,0.012361,5
dnn,entropy_batch,cold,al,train,140,0.861031,0.008298,5
dnn,entropy_batch,cold,al,train,141,0.848141,0.013335,5
dnn,entropy_batch,cold,al,train,142,0.856899,0.011170,5
dnn,entropy_batch,cold,al,train,143,0.854520,0.012881,5
dnn,entropy_batch,cold,al,train,144,0.845991,0.014601,5
dnn,entropy_batch,cold,al,train,145,0.845420,0.015100,5
dnn,entropy_batch,cold,al,train,146,0.848485,0.010500,5
dnn,entropy_batch,cold,al,train,147,0.865689,0.006937,5
dnn,entropy_batch,cold,al,train,148,0.856811,0.011974,5
dnn,entropy_batch,cold,al,train,149,0.852901,0.010330,5
dnn,entropy_batch,cold,al,train,150,0.847364,0.015711,5
dnn,entropy_batch,cold,al,train,151,0.853192,0.008572,5
dnn,entropy_batch,cold,al,train,152,0.866725,0.007034,5
dnn,entropy_batch,cold,al,train,153,0.855787,0.008949,5
dnn,entropy_batch,cold,al,train,154,0.852544,0.010512,5
dnn,entropy_batch,cold,al,train,155,0.846326,0.011981,5
dnn,entropy_batch,cold,al,train,156,0.838610,0.017728,5
dnn,entropy_batch,cold,al,train,157,0.847660,0.012485,5
dnn,entropy_batch,cold,al,train,158,0.846206,0.010188,5
dnn,entropy_batch,cold,al,train,159,0.841451,0.013438,5
dnn,entropy_batch,cold,al,train,160,0.860308,0.011789,5
dnn,entropy_batch,cold,al,train,161,0.848037,0.017650,5
dnn,entropy_batch,cold,al,train,162,0.845609,0.008851,5
dnn,entropy_batch,cold,al,train,163,0.834750,0.019740,5
dnn,entropy_batch,cold,al,train,164,0.864233,0.008262,5
dnn,entropy_batch,cold,al,train,165,0.831292,0.019536,5
dnn,entropy_batch,cold,al,train,166,0.827606,0.011808,5
dnn,entropy_batch,cold,al,train,167,0.831950,0.010723,5
dnn,entropy_batch,cold,al,train,168,0.826950,0.012273,5
dnn,entropy_batch,cold,al,train,169,0.848863,0.009845,5
dnn,entropy_batch,cold,al,train,170,0.841913,0.006759,4
dnn,entropy_batch,cold,al,train,171,0.851890,0.010530,4
dnn,entropy_batch,cold,al,train,172,0.798861,0.021909,4
dnn,entropy_batch,cold,al,train,173,0.841372,0.012990,3
dnn,entropy_batch,cold,al,train,174,0.842313,0.010232,3
dnn,entropy_batch,cold,al,train,175,0.806234,0.021329,3
dnn,entropy_batch,cold,al,train,176,0.842627,0.013492,2
dnn,entropy_batch,cold,al,train,177,0.849118,0.008784,2
dnn,entropy_batch,cold,al,train,178,0.829484,,1
dnn,entropy_batch,cold,al,train,179,0.847045,,1
dnn,entropy_batch,cold,al,train,180,0.824238,,1
dnn,entropy_batch,cold,al,train,181,0.871517,,1
dnn,entropy_batch,cold,al,train,182,0.840021,,1
dnn,entropy_batch,cold,al,train,183,0.817762,,1
dnn,entropy_batch,cold,al,train,184,0.859414,,1
dnn,entropy_batch,cold,al,train,185,0.837943,,1
dnn,entropy_batch,cold,al,train,186,0.839252,,1
dnn,entropy_batch,cold,al,train,187,0.859800,,1
dnn,entropy_batch,cold,al,train,188,0.803726,,1
dnn,entropy_batch,cold,al,train,189,0.830558,,1
dnn,entropy_batch,cold,al,train,190,0.817421,,1
dnn,entropy_batch,cold,al,train,191,0.831482,,1
dnn,entropy_batch,cold,al,train,192,0.840543,,1
dnn,entropy_batch,cold,al,train,193,0.846797,,1
dnn,entropy_batch,cold,al,train,194,0.837857,,1
dnn,entropy_batch,cold,al,train,195,0.851704,,1
dnn,entropy_batch,cold,al,train,196,0.824227,,1
dnn,entropy_batch,cold,al,train,197,0.815209,,1
dnn,entropy_batch,cold,al,train,198,0.842289,,1
dnn,entropy_batch,cold,al,train,199,0.830231,,1
dnn,entropy_batch,cold,al,train,200,0.831864,,1
dnn,entropy_batch,cold,al,val,1,0.929000,0.002806,5
dnn,entropy_batch,cold,al,val,2,0.916077,0.003322,5
dnn,entropy_batch,cold,al,val,3,0.910011,0.008365,5
dnn,entropy_batch,cold,al,val,4,0.891145,0.008220,5
dnn,entropy_batch,cold,al,val,5,0.874983,0.005338,5
dnn,entropy_batch,cold,al,val,6,0.866242,0.009074,5
dnn,entropy_batch,cold,al,val,7,0.852646,0.010527,5
dnn,entropy_batch,cold,al,val,8,0.854860,0.006232,5
dnn,entropy_batch,cold,al,val,9,0.856067,0.003443,5
dnn,entropy_batch,cold,al,val,10,0.845024,0.004911,5
dnn,entropy_batch,cold,al,val,11,0.849294,0.006801,5
dnn,entropy_batch,cold,al,val,12,0.858020,0.009382,5
dnn,entropy_batch,cold,al,val,13,0.836820,0.007034,5
dnn,entropy_batch,cold,al,val,14,0.847166,0.010121,5
dnn,entropy_batch,cold,al,val,15,0.846591,0.009028,5
dnn,entropy_batch,cold,al,val,16,0.823550,0.009132,5
dnn,entropy_batch,cold,al,val,17,0.851040,0.005732,5
dnn,entropy_batch,cold,al,val,18,0.844712,0.009341,5
dnn,entropy_batch,cold,al,val,19,0.850795,0.003916,5
dnn,entropy_batch,cold,al,val,20,0.843333,0.009407,5
dnn,entropy_batch,cold,al,val,21,0.843032,0.005144,5
dnn,entropy_batch,cold,al,val,22,0.832038,0.014873,5
dnn,entropy_batch,cold,al,val,23,0.836992,0.005513,5
dnn,entropy_batch,cold,al,val,24,0.827596,0.011589,5
dnn,entropy_batch,cold,al,val,25,0.838771,0.009010,5
dnn,entropy_batch,cold,al,val,26,0.843735,0.002564,5
dnn,entropy_batch,cold,al,val,27,0.834259,0.005960,5
dnn,entropy_batch,cold,al,val,28,0.831282,0.008326,5
dnn,entropy_batch,cold,al,val,29,0.829844,0.003945,5
dnn,entropy_batch,cold,al,val,30,0.841062,0.006383,5
dnn,entropy_batch,cold,al,val,31,0.826339,0.005734,5
dnn,entropy_batch,cold,al,val,32,0.810330,0.008597,5
dnn,entropy_batch,cold,al,val,33,0.822651,0.008948,5
dnn,entropy_batch,cold,al,val,34,0.818573,0.015883,5
dnn,entropy_batch,cold,al,val,35,0.811653,0.017056,5
dnn,entropy_batch,cold,al,val,36,0.832030,0.004259,5
dnn,entropy_batch,cold,al,val,37,0.813437,0.007331,5
dnn,entropy_batch,cold,al,val,38,0.782500,0.022242,5
dnn,entropy_batch,cold,al,val,39,0.831371,0.010261,5
dnn,entropy_batch,cold,al,val,40,0.817334,0.008057,5
dnn,entropy_batch,cold,al,val,41,0.829039,0.010382,5
dnn,entropy_batch,cold,al,val,42,0.807176,0.012018,5
dnn,entropy_batch,cold,al,val,43,0.791822,0.021300,5
dnn,entropy_batch,cold,al,val,44,0.818965,0.002869,5
dnn,entropy_batch,cold,al,val,45,0.812815,0.012691,5
dnn,entropy_batch,cold,al,val,46,0.825716,0.006970,5
dnn,entropy_batch,cold,al,val,47,0.815980,0.011582,5
dnn,entropy_batch,cold,al,val,48,0.809883,0.008088,5
dnn,entropy_batch,cold,al,val,49,0.827356,0.008861,5
dnn,entropy_batch,cold,al,val,50,0.825886,0.008221,5
dnn,entropy_batch,cold,al,val,51,0.813355,0.008343,5
dnn,entropy_batch,cold,al,val,52,0.782370,0.024309,5
dnn,entropy_batch,cold,al,val,53,0.814544,0.006615,5
dnn,entropy_batch,cold,al,val,54,0.787963,0.028400,5
dnn,entropy_batch,cold,al,val,55,0.812007,0.007024,5
dnn,entropy_batch,cold,al,val,56,0.812646,0.007996,5
dnn,entropy_batch,cold,al,val,57,0.823834,0.003993,5
dnn,entropy_batch,cold,al,val,58,0.822059,0.008804,5
dnn,entropy_batch,cold,al,val,59,0.807630,0.008607,5
dnn,entropy_batch,cold,al,val,60,0.821342,0.009129,5
dnn,entropy_batch,cold,al,val,61,0.806399,0.010035,5
dnn,entropy_batch,cold,al,val,62,0.804367,0.007344,5
dnn,entropy_batch,cold,al,val,63,0.813343,0.003641,5
dnn,entropy_batch,cold,al,val,64,0.811136,0.005351,5
dnn,entropy_batch,cold,al,val,65,0.813031,0.004360,5
dnn,entropy_batch,cold,al,val,66,0.823132,0.006447,5
dnn,entropy_batch,cold,al,val,67,0.804424,0.003282,5
dnn,entropy_batch,cold,al,val,68,0.798296,0.011593,5
dnn,entropy_batch,cold,al,val,69,0.813258,0.006154,5
dnn,entropy_batch,cold,al,val,70,0.811473,0.007425,5
dnn,entropy_batch,cold,al,val,71,0.813721,0.008546,5
dnn,entropy_batch,cold,al,val,72,0.798339,0.004421,5
dnn,entropy_batch,cold,al,val,73,0.803465,0.005876,5
dnn,entropy_batch,cold,al,val,74,0.815255,0.009033,5
dnn,entropy_batch,cold,al,val,75,0.802762,0.005299,5
dnn,entropy_batch,cold,al,val,76,0.795283,0.004274,5
dnn,entropy_batch,cold,al,val,77,0.793512,0.008512,5
dnn,entropy_batch,cold,al,val,78,0.810414,0.005707,5
dnn,entropy_batch,cold,al,val,79,0.804955,0.006883,5
dnn,entropy_batch,cold,al,val,80,0.802025,0.007135,5
dnn,entropy_batch,cold,al,val,81,0.808614,0.008870,5
dnn,entropy_batch,cold,al,val,82,0.804158,0.005443,5
dnn,entropy_batch,cold,al,val,83,0.800110,0.004841,5
dnn,entropy_batch,cold,al,val,84,0.799612,0.005552,5
dnn,entropy_batch,cold,al,val,85,0.799132,0.004820,5
dnn,entropy_batch,cold,al,val,86,0.790849,0.004761,5
dnn,entropy_batch,cold,al,val,87,0.798979,0.009835,5
dnn,entropy_batch,cold,al,val,88,0.789810,0.004188,5
dnn,entropy_batch,cold,al,val,89,0.802516,0.007405,5
dnn,entropy_batch,cold,al,val,90,0.803967,0.004322,5
dnn,entropy_batch,cold,al,val,91,0.796880,0.006218,5
dnn,entropy_batch,cold,al,val,92,0.792192,0.003601,5
dnn,entropy_batch,cold,al,val,93,0.797733,0.009415,5
dnn,entropy_batch,cold,al,val,94,0.794899,0.006784,5
dnn,entropy_batch,cold,al,val,95,0.791348,0.004947,5
dnn,entropy_batch,cold,al,val,96,0.795277,0.006449,5
dnn,entropy_batch,cold,al,val,97,0.796878,0.007565,5
dnn,entropy_batch,cold,al,val,98,0.806295,0.008756,5
dnn,entropy_batch,cold,al,val,99,0.799083,0.008915,5
dnn,entropy_batch,cold,al,val,100,0.798866,0.008554,5
dnn,entropy_batch,cold,al,val,101,0.800247,0.010375,5
dnn,entropy_batch,cold,al,val,102,0.791964,0.004188,5
dnn,entropy_batch,cold,al,val,103,0.795159,0.009423,5
dnn,entropy_batch,cold,al,val,104,0.785251,0.004919,5
dnn,entropy_batch,cold,al,val,105,0.779890,0.003747,5
dnn,entropy_batch,cold,al,val,106,0.789583,0.004896,5
dnn,entropy_batch,cold,al,val,107,0.779894,0.005778,5
dnn,entropy_batch,cold,al,val,108,0.787029,0.006777,5
dnn,entropy_batch,cold,al,val,109,0.784196,0.004799,5
dnn,entropy_batch,cold,al,val,110,0.797214,0.009100,5
dnn,entropy_batch,cold,al,val,111,0.791331,0.005234,5
dnn,entropy_batch,cold,al,val,112,0.779587,0.005530,5
dnn,entropy_batch,cold,al,val,113,0.787059,0.004582,5
dnn,entropy_batch,cold,al,val,114,0.782203,0.007262,5
dnn,entropy_batch,cold,al,val,115,0.791812,0.007863,5
dnn,entropy_batch,cold,al,val,116,0.798409,0.012022,5
dnn,entropy_batch,cold,al,val,117,0.779123,0.011775,5
dnn,entropy_batch,cold,al,val,118,0.778574,0.003361,5
dnn,entropy_batch,cold,al,val,119,0.788045,0.007267,5
dnn,entropy_batch,cold,al,val,120,0.782106,0.007097,5
dnn,entropy_batch,cold,al,val,121,0.791187,0.009431,5
dnn,entropy_batch,cold,al,val,122,0.783628,0.005382,5
dnn,entropy_batch,cold,al,val,123,0.792212,0.010756,5
dnn,entropy_batch,cold,al,val,124,0.775409,0.007124,5
dnn,entropy_batch,cold,al,val,125,0.776821,0.007477,5
dnn,entropy_batch,cold,al,val,126,0.796452,0.008519,5
dnn,entropy_batch,cold,al,val,127,0.787284,0.009471,5
dnn,entropy_batch,cold,al,val,128,0.778924,0.008261,5
dnn,entropy_batch,cold,al,val,129,0.786800,0.005437,5
dnn,entropy_batch,cold,al,val,130,0.789080,0.006702,5
dnn,entropy_batch,cold,al,val,131,0.773765,0.002270,5
dnn,entropy_batch,cold,al,val,132,0.784156,0.013206,5
dnn,entropy_batch,cold,al,val,133,0.772329,0.009111,5
dnn,entropy_batch,cold,al,val,134,0.788948,0.007450,5
dnn,entropy_batch,cold,al,val,135,0.794630,0.006834,5
dnn,entropy_batch,cold,al,val,136,0.776291,0.008228,5
dnn,entropy_batch,cold,al,val,137,0.790091,0.009012,5
dnn,entropy_batch,cold,al,val,138,0.792852,0.012135,5
dnn,entropy_batch,cold,al,val,139,0.788748,0.010552,5
dnn,entropy_batch,cold,al,val,140,0.788818,0.008906,5
dnn,entropy_batch,cold,al,val,141,0.776529,0.007757,5
dnn,entropy_batch,cold,al,val,142,0.790027,0.011595,5
dnn,entropy_batch,cold,al,val,143,0.784204,0.007294,5
dnn,entropy_batch,cold,al,val,144,0.780041,0.009279,5
dnn,entropy_batch,cold,al,val,145,0.780831,0.009520,5
dnn,entropy_batch,cold,al,val,146,0.772437,0.010825,5
dnn,entropy_batch,cold,al,val,147,0.788755,0.009306,5
dnn,entropy_batch,cold,al,val,148,0.788569,0.009259,5
dnn,entropy_batch,cold,al,val,149,0.786343,0.008881,5
dnn,entropy_batch,cold,al,val,150,0.781364,0.010003,5
dnn,entropy_batch,cold,al,val,151,0.789968,0.011760,5
dnn,entropy_batch,cold,al,val,152,0.796591,0.009028,5
dnn,entropy_batch,cold,al,val,153,0.790732,0.009747,5
dnn,entropy_batch,cold,al,val,154,0.781811,0.009072,5
dnn,entropy_batch,cold,al,val,155,0.786867,0.010150,5
dnn,entropy_batch,cold,al,val,156,0.781069,0.012537,5
dnn,entropy_batch,cold,al,val,157,0.771068,0.008775,5
dnn,entropy_batch,cold,al,val,158,0.780964,0.008961,5
dnn,entropy_batch,cold,al,val,159,0.770459,0.007814,5
dnn,entropy_batch,cold,al,val,160,0.790655,0.011674,5
dnn,entropy_batch,cold,al,val,161,0.782833,0.015257,5
dnn,entropy_batch,cold,al,val,162,0.789433,0.008924,5
dnn,entropy_batch,cold,al,val,163,0.780399,0.017505,5
dnn,entropy_batch,cold,al,val,164,0.800816,0.006384,5
dnn,entropy_batch,cold,al,val,165,0.776089,0.011344,5
dnn,entropy_batch,cold,al,val,166,0.776188,0.007699,5
dnn,entropy_batch,cold,al,val,167,0.773881,0.009414,5
dnn,entropy_batch,cold,al,val,168,0.778231,0.007594,5
dnn,entropy_batch,cold,al,val,169,0.788666,0.009754,5
dnn,entropy_batch,cold,al,val,170,0.786475,0.009287,4
dnn,entropy_batch,cold,al,val,171,0.788365,0.014296,4
dnn,entropy_batch,cold,al,val,172,0.750564,0.021025,4
dnn,entropy_batch,cold,al,val,173,0.800020,0.009234,3
dnn,entropy_batch,cold,al,val,174,0.784747,0.007059,3
dnn,entropy_batch,cold,al,val,175,0.757279,0.022220,3
dnn,entropy_batch,cold,al,val,176,0.790300,0.009476,2
dnn,entropy_batch,cold,al,val,177,0.793312,0.012720,2
dnn,entropy_batch,cold,al,val,178,0.753146,,1
dnn,entropy_batch,cold,al,val,179,0.781428,,1
dnn,entropy_batch,cold,al,val,180,0.773762,,1
dnn,entropy_batch,cold,al,val,181,0.791700,,1
dnn,entropy_batch,cold,al,val,182,0.769461,,1
dnn,entropy_batch,cold,al,val,183,0.757079,,1
dnn,entropy_batch,cold,al,val,184,0.805263,,1
dnn,entropy_batch,cold,al,val,185,0.776251,,1
dnn,entropy_batch,cold,al,val,186,0.786409,,1
dnn,entropy_batch,cold,al,val,187,0.810502,,1
dnn,entropy_batch,cold,al,val,188,0.777007,,1
dnn,entropy_batch,cold,al,val,189,0.788987,,1
dnn,entropy_batch,cold,al,val,190,0.785671,,1
dnn,entropy_batch,cold,al,val,191,0.786701,,1
dnn,entropy_batch,cold,al,val,192,0.788601,,1
dnn,entropy_batch,cold,al,val,193,0.808939,,1
dnn,entropy_batch,cold,al,val,194,0.788137,,1
dnn,entropy_batch,cold,al,val,195,0.795125,,1
dnn,entropy_batch,cold,al,val,196,0.784087,,1
dnn,entropy_batch,cold,al,val,197,0.781735,,1
dnn,entropy_batch,cold,al,val,198,0.791878,,1
dnn,entropy_batch,cold,al,val,199,0.805156,,1
dnn,entropy_batch,cold,al,val,200,0.778361,,1
dnn,entropy_batch,cold,baseline,static_random,1,0.943106,0.001187,5
dnn,entropy_batch,cold,baseline,static_random,2,0.945292,0.001111,5
dnn,entropy_batch,cold,baseline,static_random,3,0.945868,0.001360,5
dnn,entropy_batch,cold,baseline,static_random,4,0.945386,0.001419,5
dnn,entropy_batch,cold,baseline,static_random,5,0.948440,0.001055,5
dnn,entropy_batch,cold,baseline,static_random,6,0.949120,0.001752,5
dnn,entropy_batch,cold,baseline,static_random,7,0.950100,0.000977,5
dnn,entropy_batch,cold,baseline,static_random,8,0.951542,0.000832,5
dnn,entropy_batch,cold,baseline,static_random,9,0.952150,0.001204,5
dnn,entropy_batch,cold,baseline,static_random,10,0.952398,0.001077,5
dnn,entropy_batch,cold,baseline,static_random,11,0.953270,0.000599,5
dnn,entropy_batch,cold,baseline,static_random,12,0.954264,0.000994,5
dnn,entropy_batch,cold,baseline,static_random,13,0.953730,0.000576,5
dnn,entropy_batch,cold,baseline,static_random,14,0.956136,0.000975,5
dnn,entropy_batch,cold,baseline,static_random,15,0.954014,0.000627,5
dnn,entropy_batch,cold,baseline,static_random,16,0.954318,0.001263,5
dnn,entropy_batch,cold,baseline,static_random,17,0.955338,0.001169,5
dnn,entropy_batch,cold,baseline,static_random,18,0.955386,0.000443,5
dnn,entropy_batch,cold,baseline,static_random,19,0.957504,0.000662,5
dnn,entropy_batch,cold,baseline,static_random,20,0.955198,0.000996,5
dnn,entropy_batch,cold,baseline,static_random,21,0.955906,0.000645,5
dnn,entropy_batch,cold,baseline,static_random,22,0.957328,0.000928,5
dnn,entropy_batch,cold,baseline,static_random,23,0.958130,0.000708,5
dnn,entropy_batch,cold,baseline,static_random,24,0.957034,0.000638,5
dnn,entropy_batch,cold,baseline,static_random,25,0.956214,0.001308,5
dnn,entropy_batch,cold,baseline,static_random,26,0.956156,0.001430,5
dnn,entropy_batch,cold,baseline,static_random,27,0.959060,0.001489,5
dnn,entropy_batch,cold,baseline,static_random,28,0.958276,0.000717,5
dnn,entropy_batch,cold,baseline,static_random,29,0.958308,0.000339,5
dnn,entropy_batch,cold,baseline,static_random,30,0.958560,0.001299,5
dnn,entropy_batch,cold,baseline,static_random,31,0.958038,0.000455,5
dnn,entropy_batch,cold,baseline,static_random,32,0.957800,0.000726,5
dnn,entropy_batch,cold,baseline,static_random,33,0.960708,0.000897,5
dnn,entropy_batch,cold,baseline,static_random,34,0.959050,0.000386,5
dnn,entropy_batch,cold,baseline,static_random,35,0.960490,0.000512,5
dnn,entropy_batch,cold,baseline,static_random,36,0.959710,0.000667,5
dnn,entropy_batch,cold,baseline,static_random,37,0.959874,0.000880,5
dnn,entropy_batch,cold,baseline,static_random,38,0.960252,0.000562,5
dnn,entropy_batch,cold,baseline,static_random,39,0.963016,0.000859,5
dnn,entropy_batch,cold,baseline,static_random,40,0.960348,0.001219,5
dnn,entropy_batch,cold,baseline,static_random,41,0.961420,0.001285,5
dnn,entropy_batch,cold,baseline,static_random,42,0.961484,0.001046,5
dnn,entropy_batch,cold,baseline,static_random,43,0.959998,0.000886,5
dnn,entropy_batch,cold,baseline,static_random,44,0.961574,0.000922,5
dnn,entropy_batch,cold,baseline,static_random,45,0.961746,0.000994,5
dnn,entropy_batch,cold,baseline,static_random,46,0.961186,0.000850,5
dnn,entropy_batch,cold,baseline,static_random,47,0.961042,0.001544,5
dnn,entropy_batch,cold,baseline,static_random,48,0.960912,0.001246,5
dnn,entropy_batch,cold,baseline,static_random,49,0.962510,0.000668,5
dnn,entropy_batch,cold,baseline,static_random,50,0.962264,0.000572,5
dnn,entropy_batch,cold,baseline,static_random,51,0.960720,0.000895,5
dnn,entropy_batch,cold,baseline,static_random,52,0.961732,0.001291,5
dnn,entropy_batch,cold,baseline,static_random,53,0.963078,0.000398,5
dnn,entropy_batch,cold,baseline,static_random,54,0.962826,0.000618,5
dnn,entropy_batch,cold,baseline,static_random,55,0.962250,0.000344,5
dnn,entropy_batch,cold,baseline,static_random,56,0.962160,0.001008,5
dnn,entropy_batch,cold,baseline,static_random,57,0.963286,0.000653,5
dnn,entropy_batch,cold,baseline,static_random,58,0.962892,0.000285,5
dnn,entropy_batch,cold,baseline,static_random,59,0.963056,0.001086,5
dnn,entropy_batch,cold,baseline,static_random,60,0.964072,0.001100,5
dnn,entropy_batch,cold,baseline,static_random,61,0.962470,0.000905,5
dnn,entropy_batch,cold,baseline,static_random,62,0.963892,0.000622,5
dnn,entropy_batch,cold,baseline,static_random,63,0.963990,0.000852,5
dnn,entropy_batch,cold,baseline,static_random,64,0.963352,0.001174,5
dnn,entropy_batch,cold,baseline,static_random,65,0.962270,0.000806,5
dnn,entropy_batch,cold,baseline,static_random,66,0.964442,0.000571,5
dnn,entropy_batch,cold,baseline,static_random,67,0.964042,0.000261,5
dnn,entropy_batch,cold,baseline,static_random,68,0.965474,0.000643,5
dnn,entropy_batch,cold,baseline,static_random,69,0.963724,0.001171,5
dnn,entropy_batch,cold,baseline,static_random,70,0.964096,0.000828,5
dnn,entropy_batch,cold,baseline,static_random,71,0.965034,0.000774,5
dnn,entropy_batch,cold,baseline,static_random,72,0.963096,0.001114,5
dnn,entropy_batch,cold,baseline,static_random,73,0.965036,0.000854,5
dnn,entropy_batch,cold,baseline,static_random,74,0.963540,0.000692,5
dnn,entropy_batch,cold,baseline,static_random,75,0.963410,0.000537,5
dnn,entropy_batch,cold,baseline,static_random,76,0.964332,0.000621,5
dnn,entropy_batch,cold,baseline,static_random,77,0.965188,0.000551,5
dnn,entropy_batch,cold,baseline,static_random,78,0.964572,0.000382,5
dnn,entropy_batch,cold,baseline,static_random,79,0.964036,0.000424,5
dnn,entropy_batch,cold,baseline,static_random,80,0.964914,0.000889,5
dnn,entropy_batch,cold,baseline,static_random,81,0.965988,0.000560,5
dnn,entropy_batch,cold,baseline,static_random,82,0.965596,0.000185,5
dnn,entropy_batch,cold,baseline,static_random,83,0.965476,0.000247,5
dnn,entropy_batch,cold,baseline,static_random,84,0.965668,0.000495,5
dnn,entropy_batch,cold,baseline,static_random,85,0.966918,0.000995,5
dnn,entropy_batch,cold,baseline,static_random,86,0.965980,0.000332,5
dnn,entropy_batch,cold,baseline,static_random,87,0.966022,0.000529,5
dnn,entropy_batch,cold,baseline,static_random,88,0.966188,0.000659,5
dnn,entropy_batch,cold,baseline,static_random,89,0.966938,0.000555,5
dnn,entropy_batch,cold,baseline,static_random,90,0.966176,0.001189,5
dnn,entropy_batch,cold,baseline,static_random,91,0.968076,0.000460,5
dnn,entropy_batch,cold,baseline,static_random,92,0.965274,0.000907,5
dnn,entropy_batch,cold,baseline,static_random,93,0.966698,0.000970,5
dnn,entropy_batch,cold,baseline,static_random,94,0.966850,0.000730,5
dnn,entropy_batch,cold,baseline,static_random,95,0.967750,0.000970,5
dnn,entropy_batch,cold,baseline,static_random,96,0.967086,0.000689,5
dnn,entropy_batch,cold,baseline,static_random,97,0.966694,0.001580,5
dnn,entropy_batch,cold,baseline,static_random,98,0.966956,0.000587,5
dnn,entropy_batch,cold,baseline,static_random,99,0.966990,0.000760,5
dnn,entropy_batch,cold,baseline,static_random,100,0.967390,0.000397,5
dnn,entropy_batch,cold,baseline,static_random,101,0.969410,0.000746,5
dnn,entropy_batch,cold,baseline,static_random,102,0.966510,0.000455,5
dnn,entropy_batch,cold,baseline,static_random,103,0.967842,0.000529,5
dnn,entropy_batch,cold,baseline,static_random,104,0.965690,0.000902,5
dnn,entropy_batch,cold,baseline,static_random,105,0.967572,0.000880,5
dnn,entropy_batch,cold,baseline,static_random,106,0.966060,0.001786,5
dnn,entropy_batch,cold,baseline,static_random,107,0.966318,0.000520,5
dnn,entropy_batch,cold,baseline,static_random,108,0.967646,0.000572,5
dnn,entropy_batch,cold,baseline,static_random,109,0.968164,0.000580,5
dnn,entropy_batch,cold,baseline,static_random,110,0.966428,0.000948,5
dnn,entropy_batch,cold,baseline,static_random,111,0.967632,0.000863,5
dnn,entropy_batch,cold,baseline,static_random,112,0.966714,0.000828,5
dnn,entropy_batch,cold,baseline,static_random,113,0.966726,0.000550,5
dnn,entropy_batch,cold,baseline,static_random,114,0.967358,0.000647,5
dnn,entropy_batch,cold,baseline,static_random,115,0.969106,0.000814,5
dnn,entropy_batch,cold,baseline,static_random,116,0.968182,0.000765,5
dnn,entropy_batch,cold,baseline,static_random,117,0.968668,0.000492,5
dnn,entropy_batch,cold,baseline,static_random,118,0.968054,0.000398,5
dnn,entropy_batch,cold,baseline,static_random,119,0.969268,0.000538,5
dnn,entropy_batch,cold,baseline,static_random,120,0.968148,0.000805,5
dnn,entropy_batch,cold,baseline,static_random,121,0.967538,0.000572,5
dnn,entropy_batch,cold,baseline,static_random,122,0.968400,0.000560,5
dnn,entropy_batch,cold,baseline,static_random,123,0.968840,0.000810,5
dnn,entropy_batch,cold,baseline,static_random,124,0.969028,0.000538,5
dnn,entropy_batch,cold,baseline,static_random,125,0.968104,0.000397,5
dnn,entropy_batch,cold,baseline,static_random,126,0.969242,0.000431,5
dnn,entropy_batch,cold,baseline,static_random,127,0.968378,0.000849,5
dnn,entropy_batch,cold,baseline,static_random,128,0.967898,0.000847,5
dnn,entropy_batch,cold,baseline,static_random,129,0.968908,0.000581,5
dnn,entropy_batch,cold,baseline,static_random,130,0.968854,0.000927,5
dnn,entropy_batch,cold,baseline,static_random,131,0.968988,0.000806,5
dnn,entropy_batch,cold,baseline,static_random,132,0.969512,0.000482,5
dnn,entropy_batch,cold,baseline,static_random,133,0.967592,0.000773,5
dnn,entropy_batch,cold,baseline,static_random,134,0.968932,0.000622,5
dnn,entropy_batch,cold,baseline,static_random,135,0.969134,0.000349,5
dnn,entropy_batch,cold,baseline,static_random,136,0.969020,0.000821,5
dnn,entropy_batch,cold,baseline,static_random,137,0.969988,0.000631,5
dnn,entropy_batch,cold,baseline,static_random,138,0.969192,0.000629,5
dnn,entropy_batch,cold,baseline,static_random,139,0.968026,0.000380,5
dnn,entropy_batch,cold,baseline,static_random,140,0.969016,0.000823,5
dnn,entropy_batch,cold,baseline,static_random,141,0.969144,0.000396,5
dnn,entropy_batch,cold,baseline,static_random,142,0.968236,0.000823,5
dnn,entropy_batch,cold,baseline,static_random,143,0.969392,0.000759,5
dnn,entropy_batch,cold,baseline,static_random,144,0.969576,0.000461,5
dnn,entropy_batch,cold,baseline,static_random,145,0.968952,0.000746,5
dnn,entropy_batch,cold,baseline,static_random,146,0.969064,0.000939,5
dnn,entropy_batch,cold,baseline,static_random,147,0.968122,0.001290,5
dnn,entropy_batch,cold,baseline,static_random,148,0.968288,0.000854,5
dnn,entropy_batch,cold,baseline,static_random,149,0.969394,0.000613,5
dnn,entropy_batch,cold,baseline,static_random,150,0.971070,0.000770,5
dnn,entropy_batch,cold,baseline,static_random,151,0.969066,0.000650,5
dnn,entropy_batch,cold,baseline,static_random,152,0.969704,0.000631,5
dnn,entropy_batch,cold,baseline,static_random,153,0.969484,0.000476,5
dnn,entropy_batch,cold,baseline,static_random,154,0.968432,0.000971,5
dnn,entropy_batch,cold,baseline,static_random,155,0.969902,0.000508,5
dnn,entropy_batch,cold,baseline,static_random,156,0.969970,0.000540,5
dnn,entropy_batch,cold,baseline,static_random,157,0.969654,0.000407,5
dnn,entropy_batch,cold,baseline,static_random,158,0.970144,0.000771,5
dnn,entropy_batch,cold,baseline,static_random,159,0.969076,0.000349,5
dnn,entropy_batch,cold,baseline,static_random,160,0.970550,0.000687,5
dnn,entropy_batch,cold,baseline,static_random,161,0.970740,0.000879,5
dnn,entropy_batch,cold,baseline,static_random,162,0.969716,0.000209,5
dnn,entropy_batch,cold,baseline,static_random,163,0.969550,0.000871,5
dnn,entropy_batch,cold,baseline,static_random,164,0.971222,0.000447,5
dnn,entropy_batch,cold,baseline,static_random,165,0.970986,0.000491,5
dnn,entropy_batch,cold,baseline,static_random,166,0.970612,0.000793,5
dnn,entropy_batch,cold,baseline,static_random,167,0.971058,0.000457,5
dnn,entropy_batch,cold,baseline,static_random,168,0.971352,0.000543,5
dnn,entropy_batch,cold,baseline,static_random,169,0.970390,0.000759,5
dnn,entropy_batch,cold,baseline,static_random,170,0.970840,0.000982,4
dnn,entropy_batch,cold,baseline,static_random,171,0.971168,0.000190,4
dnn,entropy_batch,cold,baseline,static_random,172,0.970893,0.000378,4
dnn,entropy_batch,cold,baseline,static_random,173,0.968690,0.000630,3
dnn,entropy_batch,cold,baseline,static_random,174,0.970993,0.000263,3
dnn,entropy_batch,cold,baseline,static_random,175,0.970500,0.000522,3
dnn,entropy_batch,cold,baseline,static_random,176,0.969130,0.001840,2
dnn,entropy_batch,cold,baseline,static_random,177,0.971295,0.000625,2
dnn,entropy_batch,cold,baseline,static_random,178,0.969170,,1
dnn,entropy_batch,cold,baseline,static_random,179,0.970790,,1
dnn,entropy_batch,cold,baseline,static_random,180,0.969570,,1
dnn,entropy_batch,cold,baseline,static_random,181,0.970870,,1
dnn,entropy_batch,cold,baseline,static_random,182,0.968490,,1
dnn,entropy_batch,cold,baseline,static_random,183,0.970450,,1
dnn,entropy_batch,cold,baseline,static_random,184,0.970800,,1
dnn,entropy_batch,cold,baseline,static_random,185,0.969590,,1
dnn,entropy_batch,cold,baseline,static_random,186,0.970830,,1
dnn,entropy_batch,cold,baseline,static_random,187,0.970450,,1
dnn,entropy_batch,cold,baseline,static_random,188,0.970150,,1
dnn,entropy_batch,cold,baseline,static_random,189,0.968970,,1
dnn,entropy_batch,cold,baseline,static_random,190,0.971430,,1
dnn,entropy_batch,cold,baseline,static_random,191,0.969090,,1
dnn,entropy_batch,cold,baseline,static_random,192,0.969880,,1
dnn,entropy_batch,cold,baseline,static_random,193,0.969910,,1
dnn,entropy_batch,cold,baseline,static_random,194,0.971210,,1
dnn,entropy_batch,cold,baseline,static_random,195,0.972350,,1
dnn,entropy_batch,cold,baseline,static_random,196,0.971640,,1
dnn,entropy_batch,cold,baseline,static_random,197,0.972240,,1
dnn,entropy_batch,cold,baseline,static_random,198,0.972520,,1
dnn,entropy_batch,cold,baseline,static_random,199,0.970880,,1
dnn,entropy_batch,cold,baseline,static_random,200,0.972150,,1
dnn,entropy_batch,cold,baseline,mcmc,1,0.544964,0.000717,5
dnn,entropy_batch,cold,baseline,mcmc,2,0.545694,0.001854,5
dnn,entropy_batch,cold,baseline,mcmc,3,0.546629,0.002441,5
dnn,entropy_batch,cold,baseline,mcmc,4,0.546259,0.001335,5
dnn,entropy_batch,cold,baseline,mcmc,5,0.548856,0.001076,5
dnn,entropy_batch,cold,baseline,mcmc,6,0.548384,0.001751,5
dnn,entropy_batch,cold,baseline,mcmc,7,0.546630,0.001098,5
dnn,entropy_batch,cold,baseline,mcmc,8,0.551024,0.001364,5
dnn,entropy_batch,cold,baseline,mcmc,9,0.549959,0.001772,5
dnn,entropy_batch,cold,baseline,mcmc,10,0.550219,0.002447,5
dnn,entropy_batch,cold,baseline,mcmc,11,0.549096,0.001453,5
dnn,entropy_batch,cold,baseline,mcmc,12,0.550287,0.003514,5
dnn,entropy_batch,cold,baseline,mcmc,13,0.549539,0.002623,5
dnn,entropy_batch,cold,baseline,mcmc,14,0.550144,0.003680,5
dnn,entropy_batch,cold,baseline,mcmc,15,0.546785,0.002132,5
dnn,entropy_batch,cold,baseline,mcmc,16,0.546690,0.002130,5
dnn,entropy_batch,cold,baseline,mcmc,17,0.547256,0.002677,5
dnn,entropy_batch,cold,baseline,mcmc,18,0.545449,0.001612,5
dnn,entropy_batch,cold,baseline,mcmc,19,0.554335,0.001433,5
dnn,entropy_batch,cold,baseline,mcmc,20,0.547636,0.001528,5
dnn,entropy_batch,cold,baseline,mcmc,21,0.548736,0.004110,5
dnn,entropy_batch,cold,baseline,mcmc,22,0.546743,0.002573,5
dnn,entropy_batch,cold,baseline,mcmc,23,0.547843,0.001701,5
dnn,entropy_batch,cold,baseline,mcmc,24,0.548624,0.001811,5
dnn,entropy_batch,cold,baseline,mcmc,25,0.547648,0.002637,5
dnn,entropy_batch,cold,baseline,mcmc,26,0.545917,0.000827,5
dnn,entropy_batch,cold,baseline,mcmc,27,0.550686,0.004044,5
dnn,entropy_batch,cold,baseline,mcmc,28,0.549336,0.002238,5
dnn,entropy_batch,cold,baseline,mcmc,29,0.548208,0.002043,5
dnn,entropy_batch,cold,baseline,mcmc,30,0.549102,0.002141,5
dnn,entropy_batch,cold,baseline,mcmc,31,0.546344,0.001038,5
dnn,entropy_batch,cold,baseline,mcmc,32,0.550934,0.002921,5
dnn,entropy_batch,cold,baseline,mcmc,33,0.548318,0.001022,5
dnn,entropy_batch,cold,baseline,mcmc,34,0.546002,0.001468,5
dnn,entropy_batch,cold,baseline,mcmc,35,0.547085,0.001278,5
dnn,entropy_batch,cold,baseline,mcmc,36,0.552031,0.004637,5
dnn,entropy_batch,cold,baseline,mcmc,37,0.545822,0.000807,5
dnn,entropy_batch,cold,baseline,mcmc,38,0.545713,0.000741,5
dnn,entropy_batch,cold,baseline,mcmc,39,0.548684,0.002280,5
dnn,entropy_batch,cold,baseline,mcmc,40,0.546687,0.001337,5
dnn,entropy_batch,cold,baseline,mcmc,41,0.552066,0.002426,5
dnn,entropy_batch,cold,baseline,mcmc,42,0.550799,0.007444,5
dnn,entropy_batch,cold,baseline,mcmc,43,0.544382,0.000897,5
dnn,entropy_batch,cold,baseline,mcmc,44,0.545750,0.002421,5
dnn,entropy_batch,cold,baseline,mcmc,45,0.550321,0.003565,5
dnn,entropy_batch,cold,baseline,mcmc,46,0.545932,0.001155,5
dnn,entropy_batch,cold,baseline,mcmc,47,0.545663,0.001217,5
dnn,entropy_batch,cold,baseline,mcmc,48,0.545445,0.000970,5
dnn,entropy_batch,cold,baseline,mcmc,49,0.545492,0.001402,5
dnn,entropy_batch,cold,baseline,mcmc,50,0.544778,0.001991,5
dnn,entropy_batch,cold,baseline,mcmc,51,0.548070,0.003435,5
dnn,entropy_batch,cold,baseline,mcmc,52,0.547582,0.002461,5
dnn,entropy_batch,cold,baseline,mcmc,53,0.547212,0.002332,5
dnn,entropy_batch,cold,baseline,mcmc,54,0.547475,0.002167,5
dnn,entropy_batch,cold,baseline,mcmc,55,0.545356,0.001429,5
dnn,entropy_batch,cold,baseline,mcmc,56,0.550130,0.006526,5
dnn,entropy_batch,cold,baseline,mcmc,57,0.547116,0.001776,5
dnn,entropy_batch,cold,baseline,mcmc,58,0.545892,0.001799,5
dnn,entropy_batch,cold,baseline,mcmc,59,0.549104,0.002751,5
dnn,entropy_batch,cold,baseline,mcmc,60,0.555035,0.006786,5
dnn,entropy_batch,cold,baseline,mcmc,61,0.550024,0.003556,5
dnn,entropy_batch,cold,baseline,mcmc,62,0.546637,0.001535,5
dnn,entropy_batch,cold,baseline,mcmc,63,0.546741,0.001457,5
dnn,entropy_batch,cold,baseline,mcmc,64,0.544803,0.000761,5
dnn,entropy_batch,cold,baseline,mcmc,65,0.551548,0.005210,5
dnn,entropy_batch,cold,baseline,mcmc,66,0.546584,0.002260,5
dnn,entropy_batch,cold,baseline,mcmc,67,0.545595,0.001360,5
dnn,entropy_batch,cold,baseline,mcmc,68,0.547693,0.001698,5
dnn,entropy_batch,cold,baseline,mcmc,69,0.547014,0.001300,5
dnn,entropy_batch,cold,baseline,mcmc,70,0.546810,0.001697,5
dnn,entropy_batch,cold,baseline,mcmc,71,0.547077,0.001586,5
dnn,entropy_batch,cold,baseline,mcmc,72,0.544517,0.000994,5
dnn,entropy_batch,cold,baseline,mcmc,73,0.547039,0.001637,5
dnn,entropy_batch,cold,baseline,mcmc,74,0.545691,0.001041,5
dnn,entropy_batch,cold,baseline,mcmc,75,0.545552,0.001060,5
dnn,entropy_batch,cold,baseline,mcmc,76,0.547439,0.001904,5
dnn,entropy_batch,cold,baseline,mcmc,77,0.544468,0.000777,5
dnn,entropy_batch,cold,baseline,mcmc,78,0.547516,0.000876,5
dnn,entropy_batch,cold,baseline,mcmc,79,0.546308,0.001431,5
dnn,entropy_batch,cold,baseline,mcmc,80,0.548522,0.001100,5
dnn,entropy_batch,cold,baseline,mcmc,81,0.550504,0.002961,5
dnn,entropy_batch,cold,baseline,mcmc,82,0.548924,0.002547,5
dnn,entropy_batch,cold,baseline,mcmc,83,0.546760,0.001046,5
dnn,entropy_batch,cold,baseline,mcmc,84,0.547168,0.002042,5
dnn,entropy_batch,cold,baseline,mcmc,85,0.546518,0.000683,5
dnn,entropy_batch,cold,baseline,mcmc,86,0.544594,0.000626,5
dnn,entropy_batch,cold,baseline,mcmc,87,0.549154,0.002234,5
dnn,entropy_batch,cold,baseline,mcmc,88,0.548213,0.001002,5
dnn,entropy_batch,cold,baseline,mcmc,89,0.548404,0.001935,5
dnn,entropy_batch,cold,baseline,mcmc,90,0.548090,0.001564,5
dnn,entropy_batch,cold,baseline,mcmc,91,0.548622,0.000967,5
dnn,entropy_batch,cold,baseline,mcmc,92,0.546216,0.000977,5
dnn,entropy_batch,cold,baseline,mcmc,93,0.548369,0.001342,5
dnn,entropy_batch,cold,baseline,mcmc,94,0.548559,0.002476,5
dnn,entropy_batch,cold,baseline,mcmc,95,0.547706,0.001005,5
dnn,entropy_batch,cold,baseline,mcmc,96,0.547792,0.001005,5
dnn,entropy_batch,cold,baseline,mcmc,97,0.547020,0.000750,5
dnn,entropy_batch,cold,baseline,mcmc,98,0.546507,0.001079,5
dnn,entropy_batch,cold,baseline,mcmc,99,0.544959,0.000967,5
dnn,entropy_batch,cold,baseline,mcmc,100,0.546493,0.001355,5
dnn,entropy_batch,cold,baseline,mcmc,101,0.549520,0.001989,5
dnn,entropy_batch,cold,baseline,mcmc,102,0.547168,0.001468,5
dnn,entropy_batch,cold,baseline,mcmc,103,0.545515,0.001764,5
dnn,entropy_batch,cold,baseline,mcmc,104,0.547418,0.001149,5
dnn,entropy_batch,cold,baseline,mcmc,105,0.546496,0.000723,5
dnn,entropy_batch,cold,baseline,mcmc,106,0.549613,0.002489,5
dnn,entropy_batch,cold,baseline,mcmc,107,0.547344,0.002126,5
dnn,entropy_batch,cold,baseline,mcmc,108,0.546776,0.000938,5
dnn,entropy_batch,cold,baseline,mcmc,109,0.546689,0.000929,5
dnn,entropy_batch,cold,baseline,mcmc,110,0.549355,0.001856,5
dnn,entropy_batch,cold,baseline,mcmc,111,0.546716,0.001041,5
dnn,entropy_batch,cold,baseline,mcmc,112,0.548095,0.001646,5
dnn,entropy_batch,cold,baseline,mcmc,113,0.549214,0.001562,5
dnn,entropy_batch,cold,baseline,mcmc,114,0.548026,0.002222,5
dnn,entropy_batch,cold,baseline,mcmc,115,0.547712,0.000813,5
dnn,entropy_batch,cold,baseline,mcmc,116,0.547088,0.000992,5
dnn,entropy_batch,cold,baseline,mcmc,117,0.548986,0.000857,5
dnn,entropy_batch,cold,baseline,mcmc,118,0.548678,0.000749,5
dnn,entropy_batch,cold,baseline,mcmc,119,0.551119,0.003083,5
dnn,entropy_batch,cold,baseline,mcmc,120,0.547073,0.001117,5
dnn,entropy_batch,cold,baseline,mcmc,121,0.546012,0.000976,5
dnn,entropy_batch,cold,baseline,mcmc,122,0.549604,0.002087,5
dnn,entropy_batch,cold,baseline,mcmc,123,0.548504,0.001330,5
dnn,entropy_batch,cold,baseline,mcmc,124,0.547425,0.001207,5
dnn,entropy_batch,cold,baseline,mcmc,125,0.548156,0.000624,5
dnn,entropy_batch,cold,baseline,mcmc,126,0.549366,0.001380,5
dnn,entropy_batch,cold,baseline,mcmc,127,0.549785,0.002603,5
dnn,entropy_batch,cold,baseline,mcmc,128,0.547420,0.001261,5
dnn,entropy_batch,cold,baseline,mcmc,129,0.550702,0.002573,5
dnn,entropy_batch,cold,baseline,mcmc,130,0.547803,0.002063,5
dnn,entropy_batch,cold,baseline,mcmc,131,0.546099,0.001247,5
dnn,entropy_batch,cold,baseline,mcmc,132,0.549270,0.000722,5
dnn,entropy_batch,cold,baseline,mcmc,133,0.547336,0.001778,5
dnn,entropy_batch,cold,baseline,mcmc,134,0.548104,0.000539,5
dnn,entropy_batch,cold,baseline,mcmc,135,0.548741,0.001411,5
dnn,entropy_batch,cold,baseline,mcmc,136,0.550411,0.002294,5
dnn,entropy_batch,cold,baseline,mcmc,137,0.548570,0.001471,5
dnn,entropy_batch,cold,baseline,mcmc,138,0.551210,0.004475,5
dnn,entropy_batch,cold,baseline,mcmc,139,0.547229,0.001160,5
dnn,entropy_batch,cold,baseline,mcmc,140,0.548301,0.001458,5
dnn,entropy_batch,cold,baseline,mcmc,141,0.548934,0.000501,5
dnn,entropy_batch,cold,baseline,mcmc,142,0.549226,0.000852,5
dnn,entropy_batch,cold,baseline,mcmc,143,0.549892,0.001348,5
dnn,entropy_batch,cold,baseline,mcmc,144,0.550372,0.001444,5
dnn,entropy_batch,cold,baseline,mcmc,145,0.548195,0.001677,5
dnn,entropy_batch,cold,baseline,mcmc,146,0.549977,0.001805,5
dnn,entropy_batch,cold,baseline,mcmc,147,0.548159,0.001270,5
dnn,entropy_batch,cold,baseline,mcmc,148,0.548676,0.001189,5
dnn,entropy_batch,cold,baseline,mcmc,149,0.548818,0.001456,5
dnn,entropy_batch,cold,baseline,mcmc,150,0.551191,0.001746,5
dnn,entropy_batch,cold,baseline,mcmc,151,0.549256,0.001201,5
dnn,entropy_batch,cold,baseline,mcmc,152,0.550345,0.000725,5
dnn,entropy_batch,cold,baseline,mcmc,153,0.549944,0.001795,5
dnn,entropy_batch,cold,baseline,mcmc,154,0.550500,0.000919,5
dnn,entropy_batch,cold,baseline,mcmc,155,0.553559,0.003508,5
dnn,entropy_batch,cold,baseline,mcmc,156,0.549508,0.001837,5
dnn,entropy_batch,cold,baseline,mcmc,157,0.547688,0.001820,5
dnn,entropy_batch,cold,baseline,mcmc,158,0.548901,0.001743,5
dnn,entropy_batch,cold,baseline,mcmc,159,0.550026,0.001147,5
dnn,entropy_batch,cold,baseline,mcmc,160,0.549977,0.001355,5
dnn,entropy_batch,cold,baseline,mcmc,161,0.550226,0.000937,5
dnn,entropy_batch,cold,baseline,mcmc,162,0.549722,0.001824,5
dnn,entropy_batch,cold,baseline,mcmc,163,0.552015,0.001783,5
dnn,entropy_batch,cold,baseline,mcmc,164,0.555018,0.002939,5
dnn,entropy_batch,cold,baseline,mcmc,165,0.551620,0.000586,5
dnn,entropy_batch,cold,baseline,mcmc,166,0.551772,0.000875,5
dnn,entropy_batch,cold,baseline,mcmc,167,0.551904,0.000404,5
dnn,entropy_batch,cold,baseline,mcmc,168,0.551512,0.000863,5
dnn,entropy_batch,cold,baseline,mcmc,169,0.552222,0.001054,5
dnn,entropy_batch,cold,baseline,mcmc,170,0.552043,0.001341,4
dnn,entropy_batch,cold,baseline,mcmc,171,0.552004,0.000814,4
dnn,entropy_batch,cold,baseline,mcmc,172,0.552525,0.001246,4
dnn,entropy_batch,cold,baseline,mcmc,173,0.549171,0.001092,3
dnn,entropy_batch,cold,baseline,mcmc,174,0.552203,0.000367,3
dnn,entropy_batch,cold,baseline,mcmc,175,0.549443,0.002374,3
dnn,entropy_batch,cold,baseline,mcmc,176,0.550502,0.000678,2
dnn,entropy_batch,cold,baseline,mcmc,177,0.553663,0.000271,2
dnn,entropy_batch,cold,baseline,mcmc,178,0.549994,,1
dnn,entropy_batch,cold,baseline,mcmc,179,0.552588,,1
dnn,entropy_batch,cold,baseline,mcmc,180,0.550804,,1
dnn,entropy_batch,cold,baseline,mcmc,181,0.549468,,1
dnn,entropy_batch,cold,baseline,mcmc,182,0.549634,,1
dnn,entropy_batch,cold,baseline,mcmc,183,0.550462,,1
dnn,entropy_batch,cold,baseline,mcmc,184,0.553382,,1
dnn,entropy_batch,cold,baseline,mcmc,185,0.549922,,1
dnn,entropy_batch,cold,baseline,mcmc,186,0.549424,,1
dnn,entropy_batch,cold,baseline,mcmc,187,0.549678,,1
dnn,entropy_batch,cold,baseline,mcmc,188,0.551140,,1
dnn,entropy_batch,cold,baseline,mcmc,189,0.550912,,1
dnn,entropy_batch,cold,baseline,mcmc,190,0.553698,,1
dnn,entropy_batch,cold,baseline,mcmc,191,0.552812,,1
dnn,entropy_batch,cold,baseline,mcmc,192,0.551708,,1
dnn,entropy_batch,cold,baseline,mcmc,193,0.547820,,1
dnn,entropy_batch,cold,baseline,mcmc,194,0.548864,,1
dnn,entropy_batch,cold,baseline,mcmc,195,0.551414,,1
dnn,entropy_batch,cold,baseline,mcmc,196,0.553466,,1
dnn,entropy_batch,cold,baseline,mcmc,197,0.554820,,1
dnn,entropy_batch,cold,baseline,mcmc,198,0.551802,,1
dnn,entropy_batch,cold,baseline,mcmc,199,0.552616,,1
dnn,entropy_batch,cold,baseline,mcmc,200,0.555264,,1
dnn,entropy_batch,cold,baseline,train,1,0.979000,0.005026,5
dnn,entropy_batch,cold,baseline,train,2,0.968512,0.006238,5
dnn,entropy_batch,cold,baseline,train,3,0.979660,0.006823,5
dnn,entropy_batch,cold,baseline,train,4,0.968836,0.005934,5
dnn,entropy_batch,cold,baseline,train,5,0.977781,0.003622,5
dnn,entropy_batch,cold,baseline,train,6,0.972636,0.002474,5
dnn,entropy_batch,cold,baseline,train,7,0.971099,0.002830,5
dnn,entropy_batch,cold,baseline,train,8,0.970692,0.005113,5
dnn,entropy_batch,cold,baseline,train,9,0.964407,0.002179,5
dnn,entropy_batch,cold,baseline,train,10,0.966547,0.004050,5
dnn,entropy_batch,cold,baseline,train,11,0.964541,0.003282,5
dnn,entropy_batch,cold,baseline,train,12,0.969794,0.002651,5
dnn,entropy_batch,cold,baseline,train,13,0.965867,0.001061,5
dnn,entropy_batch,cold,baseline,train,14,0.970092,0.002817,5
dnn,entropy_batch,cold,baseline,train,15,0.967006,0.002901,5
dnn,entropy_batch,cold,baseline,train,16,0.970086,0.003474,5
dnn,entropy_batch,cold,baseline,train,17,0.970991,0.002530,5
dnn,entropy_batch,cold,baseline,train,18,0.967235,0.003194,5
dnn,entropy_batch,cold,baseline,train,19,0.965897,0.002256,5
dnn,entropy_batch,cold,baseline,train,20,0.966205,0.003483,5
dnn,entropy_batch,cold,baseline,train,21,0.966271,0.002407,5
dnn,entropy_batch,cold,baseline,train,22,0.966958,0.002073,5
dnn,entropy_batch,cold,baseline,train,23,0.967839,0.001938,5
dnn,entropy_batch,cold,baseline,train,24,0.966773,0.003153,5
dnn,entropy_batch,cold,baseline,train,25,0.963751,0.002042,5
dnn,entropy_batch,cold,baseline,train,26,0.966259,0.004078,5
dnn,entropy_batch,cold,baseline,train,27,0.967265,0.001134,5
dnn,entropy_batch,cold,baseline,train,28,0.965699,0.002440,5
dnn,entropy_batch,cold,baseline,train,29,0.966800,0.002559,5
dnn,entropy_batch,cold,baseline,train,30,0.964638,0.000736,5
dnn,entropy_batch,cold,baseline,train,31,0.964089,0.001499,5
dnn,entropy_batch,cold,baseline,train,32,0.964234,0.002790,5
dnn,entropy_batch,cold,baseline,train,33,0.967283,0.002104,5
dnn,entropy_batch,cold,baseline,train,34,0.963442,0.001844,5
dnn,entropy_batch,cold,baseline,train,35,0.968148,0.002310,5
dnn,entropy_batch,cold,baseline,train,36,0.965193,0.001431,5
dnn,entropy_batch,cold,baseline,train,37,0.968443,0.003348,5
dnn,entropy_batch,cold,baseline,train,38,0.966970,0.002950,5
dnn,entropy_batch,cold,baseline,train,39,0.968399,0.001068,5
dnn,entropy_batch,cold,baseline,train,40,0.965760,0.001802,5
dnn,entropy_batch,cold,baseline,train,41,0.966436,0.000818,5
dnn,entropy_batch,cold,baseline,train,42,0.967521,0.002804,5
dnn,entropy_batch,cold,baseline,train,43,0.965283,0.001972,5
dnn,entropy_batch,cold,baseline,train,44,0.968015,0.002196,5
dnn,entropy_batch,cold,baseline,train,45,0.968238,0.002141,5
dnn,entropy_batch,cold,baseline,train,46,0.967372,0.002550,5
dnn,entropy_batch,cold,baseline,train,47,0.965540,0.002580,5
dnn,entropy_batch,cold,baseline,train,48,0.966791,0.003525,5
dnn,entropy_batch,cold,baseline,train,49,0.971471,0.002840,5
dnn,entropy_batch,cold,baseline,train,50,0.969069,0.002367,5
dnn,entropy_batch,cold,baseline,train,51,0.966719,0.004214,5
dnn,entropy_batch,cold,baseline,train,52,0.968814,0.004225,5
dnn,entropy_batch,cold,baseline,train,53,0.971390,0.003913,5
dnn,entropy_batch,cold,baseline,train,54,0.971425,0.003877,5
dnn,entropy_batch,cold,baseline,train,55,0.971110,0.003829,5
dnn,entropy_batch,cold,baseline,train,56,0.971009,0.003931,5
dnn,entropy_batch,cold,baseline,train,57,0.971149,0.003643,5
dnn,entropy_batch,cold,baseline,train,58,0.971530,0.003895,5
dnn,entropy_batch,cold,baseline,train,59,0.972591,0.004385,5
dnn,entropy_batch,cold,baseline,train,60,0.971820,0.003978,5
dnn,entropy_batch,cold,baseline,train,61,0.970985,0.004395,5
dnn,entropy_batch,cold,baseline,train,62,0.973061,0.003712,5
dnn,entropy_batch,cold,baseline,train,63,0.972311,0.004111,5
dnn,entropy_batch,cold,baseline,train,64,0.972810,0.004752,5
dnn,entropy_batch,cold,baseline,train,65,0.970078,0.004688,5
dnn,entropy_batch,cold,baseline,train,66,0.974008,0.003467,5
dnn,entropy_batch,cold,baseline,train,67,0.972659,0.003770,5
dnn,entropy_batch,cold,baseline,train,68,0.973911,0.003610,5
dnn,entropy_batch,cold,baseline,train,69,0.971579,0.004663,5
dnn,entropy_batch,cold,baseline,train,70,0.971815,0.003737,5
dnn,entropy_batch,cold,baseline,train,71,0.973006,0.004022,5
dnn,entropy_batch,cold,baseline,train,72,0.970277,0.004247,5
dnn,entropy_batch,cold,baseline,train,73,0.972328,0.003997,5
dnn,entropy_batch,cold,baseline,train,74,0.970031,0.004488,5
dnn,entropy_batch,cold,baseline,train,75,0.970999,0.004449,5
dnn,entropy_batch,cold,baseline,train,76,0.973026,0.003913,5
dnn,entropy_batch,cold,baseline,train,77,0.973574,0.003414,5
dnn,entropy_batch,cold,baseline,train,78,0.973133,0.004053,5
dnn,entropy_batch,cold,baseline,train,79,0.972285,0.003975,5
dnn,entropy_batch,cold,baseline,train,80,0.972816,0.004000,5
dnn,entropy_batch,cold,baseline,train,81,0.974022,0.003655,5
dnn,entropy_batch,cold,baseline,train,82,0.972920,0.003794,5
dnn,entropy_batch,cold,baseline,train,83,0.973928,0.003449,5
dnn,entropy_batch,cold,baseline,train,84,0.973540,0.003801,5
dnn,entropy_batch,cold,baseline,train,85,0.974590,0.003842,5
dnn,entropy_batch,cold,baseline,train,86,0.974842,0.003413,5
dnn,entropy_batch,cold,baseline,train,87,0.972420,0.004048,5
dnn,entropy_batch,cold,baseline,train,88,0.974509,0.003074,5
dnn,entropy_batch,cold,baseline,train,89,0.974324,0.003374,5
dnn,entropy_batch,cold,baseline,train,90,0.972987,0.003918,5
dnn,entropy_batch,cold,baseline,train,91,0.974873,0.003301,5
dnn,entropy_batch,cold,baseline,train,92,0.972852,0.004146,5
dnn,entropy_batch,cold,baseline,train,93,0.973817,0.003792,5
dnn,entropy_batch,cold,baseline,train,94,0.974678,0.003151,5
dnn,entropy_batch,cold,baseline,train,95,0.975582,0.003324,5
dnn,entropy_batch,cold,baseline,train,96,0.974484,0.003524,5
dnn,entropy_batch,cold,baseline,train,97,0.973924,0.004299,5
dnn,entropy_batch,cold,baseline,train,98,0.973725,0.003463,5
dnn,entropy_batch,cold,baseline,train,99,0.974806,0.003203,5
dnn,entropy_batch,cold,baseline,train,100,0.974392,0.003652,5
dnn,entropy_batch,cold,baseline,train,101,0.976630,0.003126,5
dnn,entropy_batch,cold,baseline,train,102,0.974259,0.003113,5
dnn,entropy_batch,cold,baseline,train,103,0.974227,0.003669,5
dnn,entropy_batch,cold,baseline,train,104,0.971660,0.004058,5
dnn,entropy_batch,cold,baseline,train,105,0.974899,0.003138,5
dnn,entropy_batch,cold,baseline,train,106,0.972813,0.004133,5
dnn,entropy_batch,cold,baseline,train,107,0.972016,0.003886,5
dnn,entropy_batch,cold,baseline,train,108,0.974709,0.003161,5
dnn,entropy_batch,cold,baseline,train,109,0.974975,0.003063,5
dnn,entropy_batch,cold,baseline,train,110,0.972719,0.003910,5
dnn,entropy_batch,cold,baseline,train,111,0.974149,0.003366,5
dnn,entropy_batch,cold,baseline,train,112,0.973716,0.003838,5
dnn,entropy_batch,cold,baseline,train,113,0.973520,0.003705,5
dnn,entropy_batch,cold,baseline,train,114,0.974153,0.003580,5
dnn,entropy_batch,cold,baseline,train,115,0.976098,0.003205,5
dnn,entropy_batch,cold,baseline,train,116,0.975582,0.002966,5
dnn,entropy_batch,cold,baseline,train,117,0.974752,0.003193,5
dnn,entropy_batch,cold,baseline,train,118,0.974484,0.003811,5
dnn,entropy_batch,cold,baseline,train,119,0.976125,0.003133,5
dnn,entropy_batch,cold,baseline,train,120,0.974596,0.003294,5
dnn,entropy_batch,cold,baseline,train,121,0.974464,0.003306,5
dnn,entropy_batch,cold,baseline,train,122,0.974778,0.003217,5
dnn,entropy_batch,cold,baseline,train,123,0.975745,0.002931,5
dnn,entropy_batch,cold,baseline,train,124,0.975365,0.003028,5
dnn,entropy_batch,cold,baseline,train,125,0.974710,0.003303,5
dnn,entropy_batch,cold,baseline,train,126,0.975812,0.003068,5
dnn,entropy_batch,cold,baseline,train,127,0.973873,0.003386,5
dnn,entropy_batch,cold,baseline,train,128,0.974405,0.003206,5
dnn,entropy_batch,cold,baseline,train,129,0.975568,0.002816,5
dnn,entropy_batch,cold,baseline,train,130,0.975688,0.002535,5
dnn,entropy_batch,cold,baseline,train,131,0.975061,0.002778,5
dnn,entropy_batch,cold,baseline,train,132,0.975909,0.002954,5
dnn,entropy_batch,cold,baseline,train,133,0.974583,0.003139,5
dnn,entropy_batch,cold,baseline,train,134,0.974785,0.003158,5
dnn,entropy_batch,cold,baseline,train,135,0.975148,0.003229,5
dnn,entropy_batch,cold,baseline,train,136,0.974777,0.003105,5
dnn,entropy_batch,cold,baseline,train,137,0.977292,0.002981,5
dnn,entropy_batch,cold,baseline,train,138,0.974845,0.002892,5
dnn,entropy_batch,cold,baseline,train,139,0.974097,0.003060,5
dnn,entropy_batch,cold,baseline,train,140,0.974171,0.002842,5
dnn,entropy_batch,cold,baseline,train,141,0.974886,0.003234,5
dnn,entropy_batch,cold,baseline,train,142,0.974083,0.003168,5
dnn,entropy_batch,cold,baseline,train,143,0.976795,0.002566,5
dnn,entropy_batch,cold,baseline,train,144,0.975783,0.002751,5
dnn,entropy_batch,cold,baseline,train,145,0.977451,0.002042,5
dnn,entropy_batch,cold,baseline,train,146,0.975898,0.002527,5
dnn,entropy_batch,cold,baseline,train,147,0.972816,0.003441,5
dnn,entropy_batch,cold,baseline,train,148,0.979294,0.002185,5
dnn,entropy_batch,cold,baseline,train,149,0.977465,0.002707,5
dnn,entropy_batch,cold,baseline,train,150,0.977803,0.002634,5
dnn,entropy_batch,cold,baseline,train,151,0.976836,0.002768,5
dnn,entropy_batch,cold,baseline,train,152,0.975524,0.003114,5
dnn,entropy_batch,cold,baseline,train,153,0.980003,0.001685,5
dnn,entropy_batch,cold,baseline,train,154,0.975757,0.002953,5
dnn,entropy_batch,cold,baseline,train,155,0.976311,0.002388,5
dnn,entropy_batch,cold,baseline,train,156,0.977242,0.002156,5
dnn,entropy_batch,cold,baseline,train,157,0.976243,0.002813,5
dnn,entropy_batch,cold,baseline,train,158,0.978375,0.002262,5
dnn,entropy_batch,cold,baseline,train,159,0.977752,0.002685,5
dnn,entropy_batch,cold,baseline,train,160,0.976558,0.002462,5
dnn,entropy_batch,cold,baseline,train,161,0.976973,0.000435,5
dnn,entropy_batch,cold,baseline,train,162,0.974887,0.001738,5
dnn,entropy_batch,cold,baseline,train,163,0.976418,0.002154,5
dnn,entropy_batch,cold,baseline,train,164,0.976391,0.001014,5
dnn,entropy_batch,cold,baseline,train,165,0.976145,0.001674,5
dnn,entropy_batch,cold,baseline,train,166,0.977771,0.001954,5
dnn,entropy_batch,cold,baseline,train,167,0.978089,0.001080,5
dnn,entropy_batch,cold,baseline,train,168,0.979133,0.000776,5
dnn,entropy_batch,cold,baseline,train,169,0.975701,0.000662,5
dnn,entropy_batch,cold,baseline,train,170,0.977308,0.001560,4
dnn,entropy_batch,cold,baseline,train,171,0.976512,0.001109,4
dnn,entropy_batch,cold,baseline,train,172,0.977749,0.000865,4
dnn,entropy_batch,cold,baseline,train,173,0.975105,0.001027,3
dnn,entropy_batch,cold,baseline,train,174,0.975374,0.001106,3
dnn,entropy_batch,cold,baseline,train,175,0.975259,0.000778,3
dnn,entropy_batch,cold,baseline,train,176,0.973943,0.002515,2
dnn,entropy_batch,cold,baseline,train,177,0.975611,0.000413,2
dnn,entropy_batch,cold,baseline,train,178,0.974158,,1
dnn,entropy_batch,cold,baseline,train,179,0.978254,,1
dnn,entropy_batch,cold,baseline,train,180,0.974580,,1
dnn,entropy_batch,cold,baseline,train,181,0.974610,,1
dnn,entropy_batch,cold,baseline,train,182,0.977383,,1
dnn,entropy_batch,cold,baseline,train,183,0.977934,,1
dnn,entropy_batch,cold,baseline,train,184,0.977509,,1
dnn,entropy_batch,cold,baseline,train,185,0.976411,,1
dnn,entropy_batch,cold,baseline,train,186,0.977780,,1
dnn,entropy_batch,cold,baseline,train,187,0.975596,,1
dnn,entropy_batch,cold,baseline,train,188,0.978684,,1
dnn,entropy_batch,cold,baseline,train,189,0.975495,,1
dnn,entropy_batch,cold,baseline,train,190,0.977732,,1
dnn,entropy_batch,cold,baseline,train,191,0.980748,,1
dnn,entropy_batch,cold,baseline,train,192,0.980522,,1
dnn,entropy_batch,cold,baseline,train,193,0.978631,,1
dnn,entropy_batch,cold,baseline,train,194,0.977307,,1
dnn,entropy_batch,cold,baseline,train,195,0.978073,,1
dnn,entropy_batch,cold,baseline,train,196,0.979059,,1
dnn,entropy_batch,cold,baseline,train,197,0.983398,,1
dnn,entropy_batch,cold,baseline,train,198,0.978607,,1
dnn,entropy_batch,cold,baseline,train,199,0.978140,,1
dnn,entropy_batch,cold,baseline,train,200,0.978543,,1
dnn,entropy_batch,cold,baseline,val,1,0.930500,0.004062,5
dnn,entropy_batch,cold,baseline,val,2,0.933942,0.004593,5
dnn,entropy_batch,cold,baseline,val,3,0.934783,0.003555,5
dnn,entropy_batch,cold,baseline,val,4,0.939999,0.004238,5
dnn,entropy_batch,cold,baseline,val,5,0.944731,0.004216,5
dnn,entropy_batch,cold,baseline,val,6,0.943886,0.002622,5
dnn,entropy_batch,cold,baseline,val,7,0.944605,0.002744,5
dnn,entropy_batch,cold,baseline,val,8,0.945156,0.003273,5
dnn,entropy_batch,cold,baseline,val,9,0.945601,0.002746,5
dnn,entropy_batch,cold,baseline,val,10,0.947051,0.004667,5
dnn,entropy_batch,cold,baseline,val,11,0.949268,0.002592,5
dnn,entropy_batch,cold,baseline,val,12,0.951585,0.003928,5
dnn,entropy_batch,cold,baseline,val,13,0.950406,0.002453,5
dnn,entropy_batch,cold,baseline,val,14,0.954526,0.002654,5
dnn,entropy_batch,cold,baseline,val,15,0.953078,0.002154,5
dnn,entropy_batch,cold,baseline,val,16,0.951515,0.001539,5
dnn,entropy_batch,cold,baseline,val,17,0.953310,0.002300,5
dnn,entropy_batch,cold,baseline,val,18,0.952248,0.002179,5
dnn,entropy_batch,cold,baseline,val,19,0.956978,0.002280,5
dnn,entropy_batch,cold,baseline,val,20,0.950119,0.002693,5
dnn,entropy_batch,cold,baseline,val,21,0.952596,0.001865,5
dnn,entropy_batch,cold,baseline,val,22,0.955804,0.001262,5
dnn,entropy_batch,cold,baseline,val,23,0.957589,0.003562,5
dnn,entropy_batch,cold,baseline,val,24,0.955067,0.002602,5
dnn,entropy_batch,cold,baseline,val,25,0.952707,0.002689,5
dnn,entropy_batch,cold,baseline,val,26,0.952723,0.003160,5
dnn,entropy_batch,cold,baseline,val,27,0.958751,0.001940,5
dnn,entropy_batch,cold,baseline,val,28,0.956222,0.001304,5
dnn,entropy_batch,cold,baseline,val,29,0.956664,0.001800,5
dnn,entropy_batch,cold,baseline,val,30,0.957204,0.001720,5
dnn,entropy_batch,cold,baseline,val,31,0.956344,0.001250,5
dnn,entropy_batch,cold,baseline,val,32,0.954241,0.002603,5
dnn,entropy_batch,cold,baseline,val,33,0.957759,0.000756,5
dnn,entropy_batch,cold,baseline,val,34,0.956584,0.001224,5
dnn,entropy_batch,cold,baseline,val,35,0.958915,0.001694,5
dnn,entropy_batch,cold,baseline,val,36,0.955443,0.001526,5
dnn,entropy_batch,cold,baseline,val,37,0.958118,0.002692,5
dnn,entropy_batch,cold,baseline,val,38,0.960821,0.001439,5
dnn,entropy_batch,cold,baseline,val,39,0.962176,0.001477,5
dnn,entropy_batch,cold,baseline,val,40,0.959555,0.001697,5
dnn,entropy_batch,cold,baseline,val,41,0.959656,0.002708,5
dnn,entropy_batch,cold,baseline,val,42,0.959624,0.001937,5
dnn,entropy_batch,cold,baseline,val,43,0.957605,0.001232,5
dnn,entropy_batch,cold,baseline,val,44,0.960582,0.002016,5
dnn,entropy_batch,cold,baseline,val,45,0.961103,0.002708,5
dnn,entropy_batch,cold,baseline,val,46,0.959668,0.001658,5
dnn,entropy_batch,cold,baseline,val,47,0.958636,0.001823,5
dnn,entropy_batch,cold,baseline,val,48,0.959128,0.000928,5
dnn,entropy_batch,cold,baseline,val,49,0.960820,0.001076,5
dnn,entropy_batch,cold,baseline,val,50,0.961198,0.001614,5
dnn,entropy_batch,cold,baseline,val,51,0.959014,0.001545,5
dnn,entropy_batch,cold,baseline,val,52,0.960422,0.001636,5
dnn,entropy_batch,cold,baseline,val,53,0.961734,0.001138,5
dnn,entropy_batch,cold,baseline,val,54,0.960082,0.001811,5
dnn,entropy_batch,cold,baseline,val,55,0.959545,0.001378,5
dnn,entropy_batch,cold,baseline,val,56,0.960640,0.001567,5
dnn,entropy_batch,cold,baseline,val,57,0.960888,0.000770,5
dnn,entropy_batch,cold,baseline,val,58,0.961468,0.001081,5
dnn,entropy_batch,cold,baseline,val,59,0.960796,0.001796,5
dnn,entropy_batch,cold,baseline,val,60,0.962427,0.002890,5
dnn,entropy_batch,cold,baseline,val,61,0.960664,0.001714,5
dnn,entropy_batch,cold,baseline,val,62,0.962026,0.001408,5
dnn,entropy_batch,cold,baseline,val,63,0.961568,0.001889,5
dnn,entropy_batch,cold,baseline,val,64,0.962245,0.001662,5
dnn,entropy_batch,cold,baseline,val,65,0.960940,0.001293,5
dnn,entropy_batch,cold,baseline,val,66,0.962640,0.001350,5
dnn,entropy_batch,cold,baseline,val,67,0.963104,0.001182,5
dnn,entropy_batch,cold,baseline,val,68,0.965460,0.001746,5
dnn,entropy_batch,cold,baseline,val,69,0.961870,0.001470,5
dnn,entropy_batch,cold,baseline,val,70,0.963444,0.001849,5
dnn,entropy_batch,cold,baseline,val,71,0.963846,0.001344,5
dnn,entropy_batch,cold,baseline,val,72,0.962242,0.001401,5
dnn,entropy_batch,cold,baseline,val,73,0.963988,0.001618,5
dnn,entropy_batch,cold,baseline,val,74,0.961669,0.001404,5
dnn,entropy_batch,cold,baseline,val,75,0.961930,0.001036,5
dnn,entropy_batch,cold,baseline,val,76,0.962551,0.001579,5
dnn,entropy_batch,cold,baseline,val,77,0.963732,0.001592,5
dnn,entropy_batch,cold,baseline,val,78,0.962387,0.001098,5
dnn,entropy_batch,cold,baseline,val,79,0.962754,0.000971,5
dnn,entropy_batch,cold,baseline,val,80,0.963380,0.001056,5
dnn,entropy_batch,cold,baseline,val,81,0.964656,0.001046,5
dnn,entropy_batch,cold,baseline,val,82,0.964711,0.001099,5
dnn,entropy_batch,cold,baseline,val,83,0.963525,0.001058,5
dnn,entropy_batch,cold,baseline,val,84,0.964442,0.001332,5
dnn,entropy_batch,cold,baseline,val,85,0.965811,0.001515,5
dnn,entropy_batch,cold,baseline,val,86,0.965806,0.001034,5
dnn,entropy_batch,cold,baseline,val,87,0.964299,0.000745,5
dnn,entropy_batch,cold,baseline,val,88,0.965267,0.000795,5
dnn,entropy_batch,cold,baseline,val,89,0.965839,0.001369,5
dnn,entropy_batch,cold,baseline,val,90,0.964104,0.001663,5
dnn,entropy_batch,cold,baseline,val,91,0.966930,0.000971,5
dnn,entropy_batch,cold,baseline,val,92,0.963783,0.001183,5
dnn,entropy_batch,cold,baseline,val,93,0.965710,0.001261,5
dnn,entropy_batch,cold,baseline,val,94,0.964860,0.001278,5
dnn,entropy_batch,cold,baseline,val,95,0.967043,0.001302,5
dnn,entropy_batch,cold,baseline,val,96,0.965557,0.001005,5
dnn,entropy_batch,cold,baseline,val,97,0.965818,0.001930,5
dnn,entropy_batch,cold,baseline,val,98,0.965046,0.000731,5
dnn,entropy_batch,cold,baseline,val,99,0.964861,0.001377,5
dnn,entropy_batch,cold,baseline,val,100,0.965184,0.000579,5
dnn,entropy_batch,cold,baseline,val,101,0.967913,0.001641,5
dnn,entropy_batch,cold,baseline,val,102,0.965187,0.001015,5
dnn,entropy_batch,cold,baseline,val,103,0.967214,0.001232,5
dnn,entropy_batch,cold,baseline,val,104,0.964627,0.001840,5
dnn,entropy_batch,cold,baseline,val,105,0.966448,0.001031,5
dnn,entropy_batch,cold,baseline,val,106,0.964199,0.002594,5
dnn,entropy_batch,cold,baseline,val,107,0.965541,0.000436,5
dnn,entropy_batch,cold,baseline,val,108,0.966612,0.000986,5
dnn,entropy_batch,cold,baseline,val,109,0.967106,0.000391,5
dnn,entropy_batch,cold,baseline,val,110,0.965641,0.001040,5
dnn,entropy_batch,cold,baseline,val,111,0.966489,0.000393,5
dnn,entropy_batch,cold,baseline,val,112,0.966092,0.001207,5
dnn,entropy_batch,cold,baseline,val,113,0.966513,0.000548,5
dnn,entropy_batch,cold,baseline,val,114,0.967461,0.000776,5
dnn,entropy_batch,cold,baseline,val,115,0.968658,0.001704,5
dnn,entropy_batch,cold,baseline,val,116,0.967131,0.001302,5
dnn,entropy_batch,cold,baseline,val,117,0.968631,0.000943,5
dnn,entropy_batch,cold,baseline,val,118,0.967189,0.001040,5
dnn,entropy_batch,cold,baseline,val,119,0.968370,0.000618,5
dnn,entropy_batch,cold,baseline,val,120,0.968727,0.001342,5
dnn,entropy_batch,cold,baseline,val,121,0.966445,0.000890,5
dnn,entropy_batch,cold,baseline,val,122,0.968192,0.000938,5
dnn,entropy_batch,cold,baseline,val,123,0.968813,0.001368,5
dnn,entropy_batch,cold,baseline,val,124,0.968989,0.000627,5
dnn,entropy_batch,cold,baseline,val,125,0.967387,0.001079,5
dnn,entropy_batch,cold,baseline,val,126,0.968559,0.001001,5
dnn,entropy_batch,cold,baseline,val,127,0.968385,0.000538,5
dnn,entropy_batch,cold,baseline,val,128,0.967935,0.000895,5
dnn,entropy_batch,cold,baseline,val,129,0.969657,0.001016,5
dnn,entropy_batch,cold,baseline,val,130,0.968583,0.001139,5
dnn,entropy_batch,cold,baseline,val,131,0.968796,0.000967,5
dnn,entropy_batch,cold,baseline,val,132,0.968675,0.001270,5
dnn,entropy_batch,cold,baseline,val,133,0.967311,0.001311,5
dnn,entropy_batch,cold,baseline,val,134,0.968131,0.000965,5
dnn,entropy_batch,cold,baseline,val,135,0.968923,0.001101,5
dnn,entropy_batch,cold,baseline,val,136,0.967679,0.000652,5
dnn,entropy_batch,cold,baseline,val,137,0.968919,0.000930,5
dnn,entropy_batch,cold,baseline,val,138,0.968441,0.000917,5
dnn,entropy_batch,cold,baseline,val,139,0.967414,0.000926,5
dnn,entropy_batch,cold,baseline,val,140,0.968334,0.000923,5
dnn,entropy_batch,cold,baseline,val,141,0.968566,0.000805,5
dnn,entropy_batch,cold,baseline,val,142,0.967143,0.001449,5
dnn,entropy_batch,cold,baseline,val,143,0.968921,0.001644,5
dnn,entropy_batch,cold,baseline,val,144,0.968219,0.001127,5
dnn,entropy_batch,cold,baseline,val,145,0.968528,0.001032,5
dnn,entropy_batch,cold,baseline,val,146,0.967952,0.001088,5
dnn,entropy_batch,cold,baseline,val,147,0.966573,0.001394,5
dnn,entropy_batch,cold,baseline,val,148,0.967360,0.001445,5
dnn,entropy_batch,cold,baseline,val,149,0.968261,0.001016,5
dnn,entropy_batch,cold,baseline,val,150,0.970023,0.001537,5
dnn,entropy_batch,cold,baseline,val,151,0.968805,0.001262,5
dnn,entropy_batch,cold,baseline,val,152,0.969054,0.001136,5
dnn,entropy_batch,cold,baseline,val,153,0.969093,0.001096,5
dnn,entropy_batch,cold,baseline,val,154,0.967886,0.001032,5
dnn,entropy_batch,cold,baseline,val,155,0.969911,0.001098,5
dnn,entropy_batch,cold,baseline,val,156,0.969182,0.001303,5
dnn,entropy_batch,cold,baseline,val,157,0.969512,0.001119,5
dnn,entropy_batch,cold,baseline,val,158,0.969115,0.001279,5
dnn,entropy_batch,cold,baseline,val,159,0.968626,0.000941,5
dnn,entropy_batch,cold,baseline,val,160,0.970482,0.001093,5
dnn,entropy_batch,cold,baseline,val,161,0.969871,0.001033,5
dnn,entropy_batch,cold,baseline,val,162,0.969660,0.000334,5
dnn,entropy_batch,cold,baseline,val,163,0.969907,0.000638,5
dnn,entropy_batch,cold,baseline,val,164,0.971183,0.000561,5
dnn,entropy_batch,cold,baseline,val,165,0.970216,0.000497,5
dnn,entropy_batch,cold,baseline,val,166,0.970682,0.000329,5
dnn,entropy_batch,cold,baseline,val,167,0.971653,0.000529,5
dnn,entropy_batch,cold,baseline,val,168,0.971450,0.000593,5
dnn,entropy_batch,cold,baseline,val,169,0.970445,0.000984,5
dnn,entropy_batch,cold,baseline,val,170,0.971483,0.001454,4
dnn,entropy_batch,cold,baseline,val,171,0.970655,0.000255,4
dnn,entropy_batch,cold,baseline,val,172,0.971326,0.000599,4
dnn,entropy_batch,cold,baseline,val,173,0.968377,0.001478,3
dnn,entropy_batch,cold,baseline,val,174,0.971533,0.000396,3
dnn,entropy_batch,cold,baseline,val,175,0.970351,0.000680,3
dnn,entropy_batch,cold,baseline,val,176,0.970312,0.000912,2
dnn,entropy_batch,cold,baseline,val,177,0.971871,0.000276,2
dnn,entropy_batch,cold,baseline,val,178,0.970555,,1
dnn,entropy_batch,cold,baseline,val,179,0.970756,,1
dnn,entropy_batch,cold,baseline,val,180,0.970466,,1
dnn,entropy_batch,cold,baseline,val,181,0.971091,,1
dnn,entropy_batch,cold,baseline,val,182,0.968405,,1
dnn,entropy_batch,cold,baseline,val,183,0.969174,,1
dnn,entropy_batch,cold,baseline,val,184,0.971031,,1
dnn,entropy_batch,cold,baseline,val,185,0.969965,,1
dnn,entropy_batch,cold,baseline,val,186,0.971537,,1
dnn,entropy_batch,cold,baseline,val,187,0.971100,,1
dnn,entropy_batch,cold,baseline,val,188,0.969734,,1
dnn,entropy_batch,cold,baseline,val,189,0.970646,,1
dnn,entropy_batch,cold,baseline,val,190,0.971493,,1
dnn,entropy_batch,cold,baseline,val,191,0.969454,,1
dnn,entropy_batch,cold,baseline,val,192,0.970494,,1
dnn,entropy_batch,cold,baseline,val,193,0.970251,,1
dnn,entropy_batch,cold,baseline,val,194,0.971342,,1
dnn,entropy_batch,cold,baseline,val,195,0.972310,,1
dnn,entropy_batch,cold,baseline,val,196,0.972892,,1
dnn,entropy_batch,cold,baseline,val,197,0.972253,,1
dnn,entropy_batch,cold,baseline,val,198,0.973242,,1
dnn,entropy_batch,cold,baseline,val,199,0.972268,,1
dnn,entropy_batch,cold,baseline,val,200,0.972753,,1
dnn_match_trafo,entropy_batch,cold,al,static_random,1,0.941796,0.001374,5
dnn_match_trafo,entropy_batch,cold,al,static_random,2,0.946906,0.000739,5
dnn_match_trafo,entropy_batch,cold,al,static_random,3,0.951140,0.000794,5
dnn_match_trafo,entropy_batch,cold,al,static_random,4,0.954494,0.001143,5
dnn_match_trafo,entropy_batch,cold,al,static_random,5,0.954928,0.000949,5
dnn_match_trafo,entropy_batch,cold,al,static_random,6,0.956424,0.001144,5
dnn_match_trafo,entropy_batch,cold,al,static_random,7,0.958622,0.001127,5
dnn_match_trafo,entropy_batch,cold,al,static_random,8,0.959698,0.001084,5
dnn_match_trafo,entropy_batch,cold,al,static_random,9,0.960020,0.001382,5
dnn_match_trafo,entropy_batch,cold,al,static_random,10,0.961878,0.001724,5
dnn_match_trafo,entropy_batch,cold,al,static_random,11,0.962806,0.000672,5
dnn_match_trafo,entropy_batch,cold,al,static_random,12,0.964174,0.001097,5
dnn_match_trafo,entropy_batch,cold,al,static_random,13,0.964224,0.000887,5
dnn_match_trafo,entropy_batch,cold,al,static_random,14,0.965434,0.001569,5
dnn_match_trafo,entropy_batch,cold,al,static_random,15,0.966496,0.000851,5
dnn_match_trafo,entropy_batch,cold,al,static_random,16,0.967884,0.000877,5
dnn_match_trafo,entropy_batch,cold,al,static_random,17,0.966770,0.000802,5
dnn_match_trafo,entropy_batch,cold,al,static_random,18,0.969080,0.001043,5
dnn_match_trafo,entropy_batch,cold,al,static_random,19,0.969954,0.001521,5
dnn_match_trafo,entropy_batch,cold,al,static_random,20,0.970090,0.001243,5
dnn_match_trafo,entropy_batch,cold,al,static_random,21,0.969768,0.001308,5
dnn_match_trafo,entropy_batch,cold,al,static_random,22,0.971498,0.000906,5
dnn_match_trafo,entropy_batch,cold,al,static_random,23,0.971242,0.000844,5
dnn_match_trafo,entropy_batch,cold,al,static_random,24,0.972616,0.000856,5
dnn_match_trafo,entropy_batch,cold,al,static_random,25,0.969178,0.001772,5
dnn_match_trafo,entropy_batch,cold,al,static_random,26,0.971910,0.001102,5
dnn_match_trafo,entropy_batch,cold,al,static_random,27,0.970288,0.001742,5
dnn_match_trafo,entropy_batch,cold,al,static_random,28,0.970802,0.000926,5
dnn_match_trafo,entropy_batch,cold,al,static_random,29,0.970458,0.001322,5
dnn_match_trafo,entropy_batch,cold,al,static_random,30,0.970782,0.001409,5
dnn_match_trafo,entropy_batch,cold,al,static_random,31,0.973698,0.000694,5
dnn_match_trafo,entropy_batch,cold,al,static_random,32,0.973572,0.001166,5
dnn_match_trafo,entropy_batch,cold,al,static_random,33,0.969232,0.001415,5
dnn_match_trafo,entropy_batch,cold,al,static_random,34,0.972264,0.002942,5
dnn_match_trafo,entropy_batch,cold,al,static_random,35,0.973700,0.001211,5
dnn_match_trafo,entropy_batch,cold,al,static_random,36,0.974490,0.001265,5
dnn_match_trafo,entropy_batch,cold,al,static_random,37,0.974166,0.001619,5
dnn_match_trafo,entropy_batch,cold,al,static_random,38,0.973944,0.001098,5
dnn_match_trafo,entropy_batch,cold,al,static_random,39,0.972322,0.001859,5
dnn_match_trafo,entropy_batch,cold,al,static_random,40,0.972922,0.001617,5
dnn_match_trafo,entropy_batch,cold,al,static_random,41,0.972940,0.001155,5
dnn_match_trafo,entropy_batch,cold,al,static_random,42,0.973468,0.000986,5
dnn_match_trafo,entropy_batch,cold,al,static_random,43,0.973786,0.001551,5
dnn_match_trafo,entropy_batch,cold,al,static_random,44,0.972494,0.001444,5
dnn_match_trafo,entropy_batch,cold,al,static_random,45,0.974644,0.001594,5
dnn_match_trafo,entropy_batch,cold,al,static_random,46,0.973460,0.001072,5
dnn_match_trafo,entropy_batch,cold,al,static_random,47,0.976294,0.001264,5
dnn_match_trafo,entropy_batch,cold,al,static_random,48,0.973998,0.001688,5
dnn_match_trafo,entropy_batch,cold,al,static_random,49,0.976204,0.001344,5
dnn_match_trafo,entropy_batch,cold,al,static_random,50,0.974104,0.002043,5
dnn_match_trafo,entropy_batch,cold,al,static_random,51,0.975990,0.001500,5
dnn_match_trafo,entropy_batch,cold,al,static_random,52,0.972964,0.002083,5
dnn_match_trafo,entropy_batch,cold,al,static_random,53,0.974242,0.002406,5
dnn_match_trafo,entropy_batch,cold,al,static_random,54,0.976256,0.001655,5
dnn_match_trafo,entropy_batch,cold,al,static_random,55,0.974840,0.002276,5
dnn_match_trafo,entropy_batch,cold,al,static_random,56,0.975032,0.001929,5
dnn_match_trafo,entropy_batch,cold,al,static_random,57,0.977232,0.001227,5
dnn_match_trafo,entropy_batch,cold,al,static_random,58,0.978178,0.000597,5
dnn_match_trafo,entropy_batch,cold,al,static_random,59,0.978868,0.000850,5
dnn_match_trafo,entropy_batch,cold,al,static_random,60,0.978972,0.000713,5
dnn_match_trafo,entropy_batch,cold,al,static_random,61,0.979636,0.000597,5
dnn_match_trafo,entropy_batch,cold,al,static_random,62,0.980192,0.000709,5
dnn_match_trafo,entropy_batch,cold,al,static_random,63,0.980094,0.000641,5
dnn_match_trafo,entropy_batch,cold,al,static_random,64,0.979142,0.000443,5
dnn_match_trafo,entropy_batch,cold,al,static_random,65,0.980200,0.000658,5
dnn_match_trafo,entropy_batch,cold,al,static_random,66,0.980208,0.000781,5
dnn_match_trafo,entropy_batch,cold,al,static_random,67,0.980278,0.000787,5
dnn_match_trafo,entropy_batch,cold,al,static_random,68,0.980980,0.000721,5
dnn_match_trafo,entropy_batch,cold,al,static_random,69,0.979578,0.001167,5
dnn_match_trafo,entropy_batch,cold,al,static_random,70,0.980672,0.000771,5
dnn_match_trafo,entropy_batch,cold,al,static_random,71,0.980812,0.000617,5
dnn_match_trafo,entropy_batch,cold,al,static_random,72,0.978696,0.000750,5
dnn_match_trafo,entropy_batch,cold,al,static_random,73,0.980702,0.000758,5
dnn_match_trafo,entropy_batch,cold,al,static_random,74,0.980442,0.001000,5
dnn_match_trafo,entropy_batch,cold,al,static_random,75,0.980256,0.000717,5
dnn_match_trafo,entropy_batch,cold,al,static_random,76,0.980666,0.000515,5
dnn_match_trafo,entropy_batch,cold,al,static_random,77,0.981770,0.000818,5
dnn_match_trafo,entropy_batch,cold,al,static_random,78,0.980782,0.001097,5
dnn_match_trafo,entropy_batch,cold,al,static_random,79,0.979254,0.001849,5
dnn_match_trafo,entropy_batch,cold,al,static_random,80,0.980806,0.000722,5
dnn_match_trafo,entropy_batch,cold,al,static_random,81,0.981710,0.000609,5
dnn_match_trafo,entropy_batch,cold,al,static_random,82,0.980224,0.000327,5
dnn_match_trafo,entropy_batch,cold,al,static_random,83,0.981720,0.000496,5
dnn_match_trafo,entropy_batch,cold,al,static_random,84,0.979718,0.001921,5
dnn_match_trafo,entropy_batch,cold,al,static_random,85,0.981576,0.000863,5
dnn_match_trafo,entropy_batch,cold,al,static_random,86,0.980118,0.001326,5
dnn_match_trafo,entropy_batch,cold,al,static_random,87,0.981802,0.000487,5
dnn_match_trafo,entropy_batch,cold,al,static_random,88,0.980434,0.001094,5
dnn_match_trafo,entropy_batch,cold,al,static_random,89,0.981814,0.000763,5
dnn_match_trafo,entropy_batch,cold,al,static_random,90,0.981518,0.000582,5
dnn_match_trafo,entropy_batch,cold,al,static_random,91,0.982054,0.000391,5
dnn_match_trafo,entropy_batch,cold,al,static_random,92,0.982006,0.000527,5
dnn_match_trafo,entropy_batch,cold,al,static_random,93,0.982030,0.000396,5
dnn_match_trafo,entropy_batch,cold,al,static_random,94,0.981264,0.000356,5
dnn_match_trafo,entropy_batch,cold,al,static_random,95,0.982070,0.000704,5
dnn_match_trafo,entropy_batch,cold,al,static_random,96,0.982326,0.000300,5
dnn_match_trafo,entropy_batch,cold,al,static_random,97,0.981734,0.000368,5
dnn_match_trafo,entropy_batch,cold,al,static_random,98,0.981502,0.000536,5
dnn_match_trafo,entropy_batch,cold,al,static_random,99,0.982714,0.000340,5
dnn_match_trafo,entropy_batch,cold,al,static_random,100,0.981868,0.000413,5
dnn_match_trafo,entropy_batch,cold,al,static_random,101,0.981676,0.000606,5
dnn_match_trafo,entropy_batch,cold,al,static_random,102,0.982144,0.000512,5
dnn_match_trafo,entropy_batch,cold,al,static_random,103,0.982288,0.000518,5
dnn_match_trafo,entropy_batch,cold,al,static_random,104,0.982524,0.000350,5
dnn_match_trafo,entropy_batch,cold,al,static_random,105,0.982176,0.000464,5
dnn_match_trafo,entropy_batch,cold,al,static_random,106,0.982876,0.000319,5
dnn_match_trafo,entropy_batch,cold,al,static_random,107,0.983150,0.000255,5
dnn_match_trafo,entropy_batch,cold,al,static_random,108,0.982376,0.000562,5
dnn_match_trafo,entropy_batch,cold,al,static_random,109,0.982624,0.000296,5
dnn_match_trafo,entropy_batch,cold,al,static_random,110,0.982238,0.000323,5
dnn_match_trafo,entropy_batch,cold,al,static_random,111,0.982290,0.000627,5
dnn_match_trafo,entropy_batch,cold,al,static_random,112,0.982316,0.000536,5
dnn_match_trafo,entropy_batch,cold,al,static_random,113,0.982674,0.000366,5
dnn_match_trafo,entropy_batch,cold,al,static_random,114,0.982640,0.000419,5
dnn_match_trafo,entropy_batch,cold,al,static_random,115,0.982690,0.000673,5
dnn_match_trafo,entropy_batch,cold,al,static_random,116,0.982730,0.000529,5
dnn_match_trafo,entropy_batch,cold,al,static_random,117,0.982528,0.000687,5
dnn_match_trafo,entropy_batch,cold,al,static_random,118,0.982344,0.000719,5
dnn_match_trafo,entropy_batch,cold,al,static_random,119,0.981900,0.000849,5
dnn_match_trafo,entropy_batch,cold,al,static_random,120,0.982264,0.000903,5
dnn_match_trafo,entropy_batch,cold,al,static_random,121,0.982928,0.000386,5
dnn_match_trafo,entropy_batch,cold,al,static_random,122,0.983034,0.000349,5
dnn_match_trafo,entropy_batch,cold,al,static_random,123,0.983850,0.000195,5
dnn_match_trafo,entropy_batch,cold,al,static_random,124,0.983364,0.000309,5
dnn_match_trafo,entropy_batch,cold,al,static_random,125,0.983236,0.000529,5
dnn_match_trafo,entropy_batch,cold,al,static_random,126,0.983266,0.000441,5
dnn_match_trafo,entropy_batch,cold,al,static_random,127,0.983414,0.000463,5
dnn_match_trafo,entropy_batch,cold,al,static_random,128,0.982534,0.000327,5
dnn_match_trafo,entropy_batch,cold,al,static_random,129,0.983428,0.000220,5
dnn_match_trafo,entropy_batch,cold,al,static_random,130,0.982990,0.000222,5
dnn_match_trafo,entropy_batch,cold,al,static_random,131,0.982986,0.000288,5
dnn_match_trafo,entropy_batch,cold,al,static_random,132,0.983280,0.000142,5
dnn_match_trafo,entropy_batch,cold,al,static_random,133,0.982956,0.000179,5
dnn_match_trafo,entropy_batch,cold,al,static_random,134,0.983600,0.000334,5
dnn_match_trafo,entropy_batch,cold,al,static_random,135,0.983908,0.000380,5
dnn_match_trafo,entropy_batch,cold,al,static_random,136,0.983674,0.000391,5
dnn_match_trafo,entropy_batch,cold,al,static_random,137,0.984254,0.000282,5
dnn_match_trafo,entropy_batch,cold,al,static_random,138,0.983786,0.000231,5
dnn_match_trafo,entropy_batch,cold,al,static_random,139,0.983886,0.000393,5
dnn_match_trafo,entropy_batch,cold,al,static_random,140,0.983910,0.000219,5
dnn_match_trafo,entropy_batch,cold,al,static_random,141,0.983812,0.000266,5
dnn_match_trafo,entropy_batch,cold,al,static_random,142,0.982898,0.000483,5
dnn_match_trafo,entropy_batch,cold,al,static_random,143,0.983714,0.000288,5
dnn_match_trafo,entropy_batch,cold,al,static_random,144,0.983500,0.000676,5
dnn_match_trafo,entropy_batch,cold,al,static_random,145,0.983558,0.000504,5
dnn_match_trafo,entropy_batch,cold,al,static_random,146,0.983138,0.000250,5
dnn_match_trafo,entropy_batch,cold,al,static_random,147,0.983120,0.000475,5
dnn_match_trafo,entropy_batch,cold,al,static_random,148,0.983884,0.000329,5
dnn_match_trafo,entropy_batch,cold,al,static_random,149,0.983290,0.001133,5
dnn_match_trafo,entropy_batch,cold,al,static_random,150,0.983636,0.000423,5
dnn_match_trafo,entropy_batch,cold,al,static_random,151,0.984380,0.000323,5
dnn_match_trafo,entropy_batch,cold,al,static_random,152,0.983584,0.000225,5
dnn_match_trafo,entropy_batch,cold,al,static_random,153,0.983390,0.000432,5
dnn_match_trafo,entropy_batch,cold,al,static_random,154,0.983716,0.000845,5
dnn_match_trafo,entropy_batch,cold,al,static_random,155,0.983300,0.000993,5
dnn_match_trafo,entropy_batch,cold,al,static_random,156,0.983672,0.000476,5
dnn_match_trafo,entropy_batch,cold,al,static_random,157,0.983928,0.000380,5
dnn_match_trafo,entropy_batch,cold,al,static_random,158,0.983656,0.000315,5
dnn_match_trafo,entropy_batch,cold,al,static_random,159,0.983702,0.000139,5
dnn_match_trafo,entropy_batch,cold,al,static_random,160,0.984174,0.000335,5
dnn_match_trafo,entropy_batch,cold,al,static_random,161,0.984216,0.000423,5
dnn_match_trafo,entropy_batch,cold,al,static_random,162,0.983970,0.000531,5
dnn_match_trafo,entropy_batch,cold,al,static_random,163,0.983020,0.000278,5
dnn_match_trafo,entropy_batch,cold,al,static_random,164,0.983470,0.000556,5
dnn_match_trafo,entropy_batch,cold,al,static_random,165,0.983964,0.000615,5
dnn_match_trafo,entropy_batch,cold,al,static_random,166,0.984414,0.000381,5
dnn_match_trafo,entropy_batch,cold,al,static_random,167,0.983868,0.000437,5
dnn_match_trafo,entropy_batch,cold,al,static_random,168,0.983860,0.000255,5
dnn_match_trafo,entropy_batch,cold,al,static_random,169,0.983798,0.000686,5
dnn_match_trafo,entropy_batch,cold,al,static_random,170,0.983862,0.000490,5
dnn_match_trafo,entropy_batch,cold,al,static_random,171,0.982536,0.000356,5
dnn_match_trafo,entropy_batch,cold,al,static_random,172,0.983984,0.000449,5
dnn_match_trafo,entropy_batch,cold,al,static_random,173,0.983858,0.000341,5
dnn_match_trafo,entropy_batch,cold,al,static_random,174,0.983868,0.000339,5
dnn_match_trafo,entropy_batch,cold,al,static_random,175,0.984506,0.000512,5
dnn_match_trafo,entropy_batch,cold,al,static_random,176,0.983818,0.000291,5
dnn_match_trafo,entropy_batch,cold,al,static_random,177,0.984390,0.000095,5
dnn_match_trafo,entropy_batch,cold,al,static_random,178,0.984568,0.000271,5
dnn_match_trafo,entropy_batch,cold,al,static_random,179,0.983672,0.000490,4
dnn_match_trafo,entropy_batch,cold,al,static_random,180,0.984727,0.000264,4
dnn_match_trafo,entropy_batch,cold,al,static_random,181,0.984825,0.000555,4
dnn_match_trafo,entropy_batch,cold,al,static_random,182,0.984375,0.000546,4
dnn_match_trafo,entropy_batch,cold,al,static_random,183,0.983900,0.000722,3
dnn_match_trafo,entropy_batch,cold,al,static_random,184,0.985037,0.000238,3
dnn_match_trafo,entropy_batch,cold,al,static_random,185,0.984987,0.000278,3
dnn_match_trafo,entropy_batch,cold,al,static_random,186,0.983937,0.000215,3
dnn_match_trafo,entropy_batch,cold,al,static_random,187,0.985865,0.000165,2
dnn_match_trafo,entropy_batch,cold,al,static_random,188,0.985230,0.000240,2
dnn_match_trafo,entropy_batch,cold,al,static_random,189,0.985850,0.000310,2
dnn_match_trafo,entropy_batch,cold,al,static_random,190,0.984575,0.000685,2
dnn_match_trafo,entropy_batch,cold,al,static_random,191,0.985140,0.000160,2
dnn_match_trafo,entropy_batch,cold,al,static_random,192,0.984895,0.000415,2
dnn_match_trafo,entropy_batch,cold,al,static_random,193,0.985780,0.000400,2
dnn_match_trafo,entropy_batch,cold,al,static_random,194,0.985045,0.000005,2
dnn_match_trafo,entropy_batch,cold,al,static_random,195,0.983955,0.000535,2
dnn_match_trafo,entropy_batch,cold,al,static_random,196,0.984330,0.000470,2
dnn_match_trafo,entropy_batch,cold,al,static_random,197,0.985090,,1
dnn_match_trafo,entropy_batch,cold,al,static_random,198,0.985160,,1
dnn_match_trafo,entropy_batch,cold,al,static_random,199,0.985570,,1
dnn_match_trafo,entropy_batch,cold,al,static_random,200,0.985610,,1
dnn_match_trafo,entropy_batch,cold,al,mcmc,1,0.544632,0.001753,5
dnn_match_trafo,entropy_batch,cold,al,mcmc,2,0.544453,0.001691,5
dnn_match_trafo,entropy_batch,cold,al,mcmc,3,0.544266,0.002265,5
dnn_match_trafo,entropy_batch,cold,al,mcmc,4,0.545598,0.002947,5
dnn_match_trafo,entropy_batch,cold,al,mcmc,5,0.542170,0.001397,5
dnn_match_trafo,entropy_batch,cold,al,mcmc,6,0.545083,0.003226,5
dnn_match_trafo,entropy_batch,cold,al,mcmc,7,0.546718,0.003426,5
dnn_match_trafo,entropy_batch,cold,al,mcmc,8,0.545485,0.002507,5
dnn_match_trafo,entropy_batch,cold,al,mcmc,9,0.545990,0.004196,5
dnn_match_trafo,entropy_batch,cold,al,mcmc,10,0.546172,0.004408,5
dnn_match_trafo,entropy_batch,cold,al,mcmc,11,0.546586,0.001758,5
dnn_match_trafo,entropy_batch,cold,al,mcmc,12,0.549978,0.003814,5
dnn_match_trafo,entropy_batch,cold,al,mcmc,13,0.550637,0.003616,5
dnn_match_trafo,entropy_batch,cold,al,mcmc,14,0.551567,0.003986,5
dnn_match_trafo,entropy_batch,cold,al,mcmc,15,0.551779,0.004816,5
dnn_match_trafo,entropy_batch,cold,al,mcmc,16,0.555613,0.002055,5
dnn_match_trafo,entropy_batch,cold,al,mcmc,17,0.553181,0.003567,5
dnn_match_trafo,entropy_batch,cold,al,mcmc,18,0.556657,0.003278,5
dnn_match_trafo,entropy_batch,cold,al,mcmc,19,0.561111,0.003152,5
dnn_match_trafo,entropy_batch,cold,al,mcmc,20,0.558785,0.003233,5
dnn_match_trafo,entropy_batch,cold,al,mcmc,21,0.563053,0.005304,5
dnn_match_trafo,entropy_batch,cold,al,mcmc,22,0.561894,0.003076,5
dnn_match_trafo,entropy_batch,cold,al,mcmc,23,0.560362,0.000880,5
dnn_match_trafo,entropy_batch,cold,al,mcmc,24,0.566427,0.001565,5
dnn_match_trafo,entropy_batch,cold,al,mcmc,25,0.561877,0.004093,5
dnn_match_trafo,entropy_batch,cold,al,mcmc,26,0.567705,0.002094,5
dnn_match_trafo,entropy_batch,cold,al,mcmc,27,0.564396,0.004455,5
dnn_match_trafo,entropy_batch,cold,al,mcmc,28,0.562956,0.002279,5
dnn_match_trafo,entropy_batch,cold,al,mcmc,29,0.561701,0.003236,5
dnn_match_trafo,entropy_batch,cold,al,mcmc,30,0.559688,0.006224,5
dnn_match_trafo,entropy_batch,cold,al,mcmc,31,0.567986,0.001966,5
dnn_match_trafo,entropy_batch,cold,al,mcmc,32,0.570661,0.002260,5
dnn_match_trafo,entropy_batch,cold,al,mcmc,33,0.560950,0.003885,5
dnn_match_trafo,entropy_batch,cold,al,mcmc,34,0.566278,0.005926,5
dnn_match_trafo,entropy_batch,cold,al,mcmc,35,0.568043,0.001901,5
dnn_match_trafo,entropy_batch,cold,al,mcmc,36,0.568168,0.002426,5
dnn_match_trafo,entropy_batch,cold,al,mcmc,37,0.575772,0.002582,5
dnn_match_trafo,entropy_batch,cold,al,mcmc,38,0.570049,0.002766,5
dnn_match_trafo,entropy_batch,cold,al,mcmc,39,0.567915,0.002913,5
dnn_match_trafo,entropy_batch,cold,al,mcmc,40,0.567837,0.004208,5
dnn_match_trafo,entropy_batch,cold,al,mcmc,41,0.569595,0.002674,5
dnn_match_trafo,entropy_batch,cold,al,mcmc,42,0.565956,0.002271,5
dnn_match_trafo,entropy_batch,cold,al,mcmc,43,0.572566,0.004071,5
dnn_match_trafo,entropy_batch,cold,al,mcmc,44,0.572814,0.002698,5
dnn_match_trafo,entropy_batch,cold,al,mcmc,45,0.574323,0.003532,5
dnn_match_trafo,entropy_batch,cold,al,mcmc,46,0.572099,0.003144,5
dnn_match_trafo,entropy_batch,cold,al,mcmc,47,0.578536,0.003047,5
dnn_match_trafo,entropy_batch,cold,al,mcmc,48,0.573485,0.005018,5
dnn_match_trafo,entropy_batch,cold,al,mcmc,49,0.576081,0.006248,5
dnn_match_trafo,entropy_batch,cold,al,mcmc,50,0.577015,0.006593,5
dnn_match_trafo,entropy_batch,cold,al,mcmc,51,0.579321,0.003965,5
dnn_match_trafo,entropy_batch,cold,al,mcmc,52,0.568789,0.005164,5
dnn_match_trafo,entropy_batch,cold,al,mcmc,53,0.572479,0.007702,5
dnn_match_trafo,entropy_batch,cold,al,mcmc,54,0.573881,0.004001,5
dnn_match_trafo,entropy_batch,cold,al,mcmc,55,0.582388,0.006012,5
dnn_match_trafo,entropy_batch,cold,al,mcmc,56,0.578845,0.004937,5
dnn_match_trafo,entropy_batch,cold,al,mcmc,57,0.581385,0.004233,5
dnn_match_trafo,entropy_batch,cold,al,mcmc,58,0.584668,0.003601,5
dnn_match_trafo,entropy_batch,cold,al,mcmc,59,0.586832,0.004993,5
dnn_match_trafo,entropy_batch,cold,al,mcmc,60,0.583603,0.003875,5
dnn_match_trafo,entropy_batch,cold,al,mcmc,61,0.588989,0.001611,5
dnn_match_trafo,entropy_batch,cold,al,mcmc,62,0.591767,0.001388,5
dnn_match_trafo,entropy_batch,cold,al,mcmc,63,0.586886,0.002952,5
dnn_match_trafo,entropy_batch,cold,al,mcmc,64,0.585580,0.003301,5
dnn_match_trafo,entropy_batch,cold,al,mcmc,65,0.587666,0.001674,5
dnn_match_trafo,entropy_batch,cold,al,mcmc,66,0.590447,0.004584,5
dnn_match_trafo,entropy_batch,cold,al,mcmc,67,0.591170,0.005605,5
dnn_match_trafo,entropy_batch,cold,al,mcmc,68,0.593489,0.005185,5
dnn_match_trafo,entropy_batch,cold,al,mcmc,69,0.591409,0.003748,5
dnn_match_trafo,entropy_batch,cold,al,mcmc,70,0.593462,0.004736,5
dnn_match_trafo,entropy_batch,cold,al,mcmc,71,0.593604,0.002036,5
dnn_match_trafo,entropy_batch,cold,al,mcmc,72,0.583567,0.005366,5
dnn_match_trafo,entropy_batch,cold,al,mcmc,73,0.592013,0.005968,5
dnn_match_trafo,entropy_batch,cold,al,mcmc,74,0.592534,0.003387,5
dnn_match_trafo,entropy_batch,cold,al,mcmc,75,0.591359,0.002952,5
dnn_match_trafo,entropy_batch,cold,al,mcmc,76,0.590363,0.004565,5
dnn_match_trafo,entropy_batch,cold,al,mcmc,77,0.599076,0.005250,5
dnn_match_trafo,entropy_batch,cold,al,mcmc,78,0.596422,0.004148,5
dnn_match_trafo,entropy_batch,cold,al,mcmc,79,0.590407,0.004932,5
dnn_match_trafo,entropy_batch,cold,al,mcmc,80,0.588387,0.007012,5
dnn_match_trafo,entropy_batch,cold,al,mcmc,81,0.597382,0.003956,5
dnn_match_trafo,entropy_batch,cold,al,mcmc,82,0.590986,0.004898,5
dnn_match_trafo,entropy_batch,cold,al,mcmc,83,0.590980,0.005004,5
dnn_match_trafo,entropy_batch,cold,al,mcmc,84,0.592861,0.009185,5
dnn_match_trafo,entropy_batch,cold,al,mcmc,85,0.597387,0.006284,5
dnn_match_trafo,entropy_batch,cold,al,mcmc,86,0.593763,0.004342,5
dnn_match_trafo,entropy_batch,cold,al,mcmc,87,0.595474,0.003986,5
dnn_match_trafo,entropy_batch,cold,al,mcmc,88,0.594274,0.006181,5
dnn_match_trafo,entropy_batch,cold,al,mcmc,89,0.597869,0.008312,5
dnn_match_trafo,entropy_batch,cold,al,mcmc,90,0.598892,0.006900,5
dnn_match_trafo,entropy_batch,cold,al,mcmc,91,0.597435,0.004770,5
dnn_match_trafo,entropy_batch,cold,al,mcmc,92,0.596439,0.004544,5
dnn_match_trafo,entropy_batch,cold,al,mcmc,93,0.599605,0.003660,5
dnn_match_trafo,entropy_batch,cold,al,mcmc,94,0.589968,0.002938,5
dnn_match_trafo,entropy_batch,cold,al,mcmc,95,0.598060,0.004635,5
dnn_match_trafo,entropy_batch,cold,al,mcmc,96,0.598562,0.004222,5
dnn_match_trafo,entropy_batch,cold,al,mcmc,97,0.594724,0.004514,5
dnn_match_trafo,entropy_batch,cold,al,mcmc,98,0.599878,0.002029,5
dnn_match_trafo,entropy_batch,cold,al,mcmc,99,0.600621,0.004405,5
dnn_match_trafo,entropy_batch,cold,al,mcmc,100,0.601819,0.003121,5
dnn_match_trafo,entropy_batch,cold,al,mcmc,101,0.599861,0.006050,5
dnn_match_trafo,entropy_batch,cold,al,mcmc,102,0.596462,0.004028,5
dnn_match_trafo,entropy_batch,cold,al,mcmc,103,0.603225,0.005035,5
dnn_match_trafo,entropy_batch,cold,al,mcmc,104,0.605498,0.002725,5
dnn_match_trafo,entropy_batch,cold,al,mcmc,105,0.595781,0.005995,5
dnn_match_trafo,entropy_batch,cold,al,mcmc,106,0.608381,0.002488,5
dnn_match_trafo,entropy_batch,cold,al,mcmc,107,0.604697,0.003752,5
dnn_match_trafo,entropy_batch,cold,al,mcmc,108,0.601265,0.008191,5
dnn_match_trafo,entropy_batch,cold,al,mcmc,109,0.606344,0.001880,5
dnn_match_trafo,entropy_batch,cold,al,mcmc,110,0.600736,0.002771,5
dnn_match_trafo,entropy_batch,cold,al,mcmc,111,0.598356,0.001554,5
dnn_match_trafo,entropy_batch,cold,al,mcmc,112,0.598340,0.005901,5
dnn_match_trafo,entropy_batch,cold,al,mcmc,113,0.609052,0.005021,5
dnn_match_trafo,entropy_batch,cold,al,mcmc,114,0.605233,0.004507,5
dnn_match_trafo,entropy_batch,cold,al,mcmc,115,0.606795,0.004009,5
dnn_match_trafo,entropy_batch,cold,al,mcmc,116,0.604903,0.004573,5
dnn_match_trafo,entropy_batch,cold,al,mcmc,117,0.602270,0.007356,5
dnn_match_trafo,entropy_batch,cold,al,mcmc,118,0.597570,0.007044,5
dnn_match_trafo,entropy_batch,cold,al,mcmc,119,0.597084,0.006410,5
dnn_match_trafo,entropy_batch,cold,al,mcmc,120,0.600417,0.005448,5
dnn_match_trafo,entropy_batch,cold,al,mcmc,121,0.608161,0.004024,5
dnn_match_trafo,entropy_batch,cold,al,mcmc,122,0.604073,0.002462,5
dnn_match_trafo,entropy_batch,cold,al,mcmc,123,0.609730,0.003607,5
dnn_match_trafo,entropy_batch,cold,al,mcmc,124,0.606632,0.003591,5
dnn_match_trafo,entropy_batch,cold,al,mcmc,125,0.609860,0.003391,5
dnn_match_trafo,entropy_batch,cold,al,mcmc,126,0.608164,0.004036,5
dnn_match_trafo,entropy_batch,cold,al,mcmc,127,0.605916,0.006507,5
dnn_match_trafo,entropy_batch,cold,al,mcmc,128,0.602502,0.003063,5
dnn_match_trafo,entropy_batch,cold,al,mcmc,129,0.608201,0.003084,5
dnn_match_trafo,entropy_batch,cold,al,mcmc,130,0.601080,0.004730,5
dnn_match_trafo,entropy_batch,cold,al,mcmc,131,0.601443,0.001842,5
dnn_match_trafo,entropy_batch,cold,al,mcmc,132,0.610810,0.002699,5
dnn_match_trafo,entropy_batch,cold,al,mcmc,133,0.601266,0.001657,5
dnn_match_trafo,entropy_batch,cold,al,mcmc,134,0.609456,0.004606,5
dnn_match_trafo,entropy_batch,cold,al,mcmc,135,0.612797,0.003329,5
dnn_match_trafo,entropy_batch,cold,al,mcmc,136,0.613006,0.004615,5
dnn_match_trafo,entropy_batch,cold,al,mcmc,137,0.615637,0.002129,5
dnn_match_trafo,entropy_batch,cold,al,mcmc,138,0.609411,0.002539,5
dnn_match_trafo,entropy_batch,cold,al,mcmc,139,0.619458,0.009139,5
dnn_match_trafo,entropy_batch,cold,al,mcmc,140,0.618415,0.005649,5
dnn_match_trafo,entropy_batch,cold,al,mcmc,141,0.610469,0.003318,5
dnn_match_trafo,entropy_batch,cold,al,mcmc,142,0.609002,0.003588,5
dnn_match_trafo,entropy_batch,cold,al,mcmc,143,0.615619,0.006494,5
dnn_match_trafo,entropy_batch,cold,al,mcmc,144,0.612437,0.006849,5
dnn_match_trafo,entropy_batch,cold,al,mcmc,145,0.608897,0.006702,5
dnn_match_trafo,entropy_batch,cold,al,mcmc,146,0.605151,0.002584,5
dnn_match_trafo,entropy_batch,cold,al,mcmc,147,0.603390,0.002632,5
dnn_match_trafo,entropy_batch,cold,al,mcmc,148,0.611058,0.002596,5
dnn_match_trafo,entropy_batch,cold,al,mcmc,149,0.615364,0.004902,5
dnn_match_trafo,entropy_batch,cold,al,mcmc,150,0.613141,0.005335,5
dnn_match_trafo,entropy_batch,cold,al,mcmc,151,0.614746,0.004504,5
dnn_match_trafo,entropy_batch,cold,al,mcmc,152,0.608876,0.004104,5
dnn_match_trafo,entropy_batch,cold,al,mcmc,153,0.605045,0.003089,5
dnn_match_trafo,entropy_batch,cold,al,mcmc,154,0.609834,0.005802,5
dnn_match_trafo,entropy_batch,cold,al,mcmc,155,0.612646,0.005505,5
dnn_match_trafo,entropy_batch,cold,al,mcmc,156,0.609736,0.004365,5
dnn_match_trafo,entropy_batch,cold,al,mcmc,157,0.610713,0.004067,5
dnn_match_trafo,entropy_batch,cold,al,mcmc,158,0.610233,0.004455,5
dnn_match_trafo,entropy_batch,cold,al,mcmc,159,0.606038,0.004722,5
dnn_match_trafo,entropy_batch,cold,al,mcmc,160,0.615109,0.002808,5
dnn_match_trafo,entropy_batch,cold,al,mcmc,161,0.617918,0.004685,5
dnn_match_trafo,entropy_batch,cold,al,mcmc,162,0.613232,0.007545,5
dnn_match_trafo,entropy_batch,cold,al,mcmc,163,0.610100,0.004700,5
dnn_match_trafo,entropy_batch,cold,al,mcmc,164,0.608356,0.005278,5
dnn_match_trafo,entropy_batch,cold,al,mcmc,165,0.614449,0.003490,5
dnn_match_trafo,entropy_batch,cold,al,mcmc,166,0.617907,0.007874,5
dnn_match_trafo,entropy_batch,cold,al,mcmc,167,0.609242,0.005928,5
dnn_match_trafo,entropy_batch,cold,al,mcmc,168,0.610958,0.002327,5
dnn_match_trafo,entropy_batch,cold,al,mcmc,169,0.610446,0.007458,5
dnn_match_trafo,entropy_batch,cold,al,mcmc,170,0.611293,0.006805,5
dnn_match_trafo,entropy_batch,cold,al,mcmc,171,0.600679,0.004316,5
dnn_match_trafo,entropy_batch,cold,al,mcmc,172,0.612646,0.006985,5
dnn_match_trafo,entropy_batch,cold,al,mcmc,173,0.614085,0.002636,5
dnn_match_trafo,entropy_batch,cold,al,mcmc,174,0.611193,0.003877,5
dnn_match_trafo,entropy_batch,cold,al,mcmc,175,0.620345,0.005798,5
dnn_match_trafo,entropy_batch,cold,al,mcmc,176,0.610593,0.006629,5
dnn_match_trafo,entropy_batch,cold,al,mcmc,177,0.617889,0.003359,5
dnn_match_trafo,entropy_batch,cold,al,mcmc,178,0.614104,0.006945,5
dnn_match_trafo,entropy_batch,cold,al,mcmc,179,0.607670,0.007566,4
dnn_match_trafo,entropy_batch,cold,al,mcmc,180,0.623403,0.002860,4
dnn_match_trafo,entropy_batch,cold,al,mcmc,181,0.622797,0.005277,4
dnn_match_trafo,entropy_batch,cold,al,mcmc,182,0.614250,0.007904,4
dnn_match_trafo,entropy_batch,cold,al,mcmc,183,0.610163,0.007813,3
dnn_match_trafo,entropy_batch,cold,al,mcmc,184,0.608660,0.003819,3
dnn_match_trafo,entropy_batch,cold,al,mcmc,185,0.621209,0.007866,3
dnn_match_trafo,entropy_batch,cold,al,mcmc,186,0.614704,0.004198,3
dnn_match_trafo,entropy_batch,cold,al,mcmc,187,0.637345,0.001291,2
dnn_match_trafo,entropy_batch,cold,al,mcmc,188,0.619330,0.003610,2
dnn_match_trafo,entropy_batch,cold,al,mcmc,189,0.629329,0.004995,2
dnn_match_trafo,entropy_batch,cold,al,mcmc,190,0.617606,0.001568,2
dnn_match_trafo,entropy_batch,cold,al,mcmc,191,0.621630,0.000938,2
dnn_match_trafo,entropy_batch,cold,al,mcmc,192,0.614037,0.010031,2
dnn_match_trafo,entropy_batch,cold,al,mcmc,193,0.636225,0.000979,2
dnn_match_trafo,entropy_batch,cold,al,mcmc,194,0.623070,0.000238,2
dnn_match_trafo,entropy_batch,cold,al,mcmc,195,0.612956,0.007778,2
dnn_match_trafo,entropy_batch,cold,al,mcmc,196,0.622963,0.003913,2
dnn_match_trafo,entropy_batch,cold,al,mcmc,197,0.612852,,1
dnn_match_trafo,entropy_batch,cold,al,mcmc,198,0.621066,,1
dnn_match_trafo,entropy_batch,cold,al,mcmc,199,0.629432,,1
dnn_match_trafo,entropy_batch,cold,al,mcmc,200,0.631406,,1
dnn_match_trafo,entropy_batch,cold,al,train,1,0.969000,0.008767,5
dnn_match_trafo,entropy_batch,cold,al,train,2,0.965662,0.008635,5
dnn_match_trafo,entropy_batch,cold,al,train,3,0.934176,0.006867,5
dnn_match_trafo,entropy_batch,cold,al,train,4,0.930670,0.008053,5
dnn_match_trafo,entropy_batch,cold,al,train,5,0.917935,0.008374,5
dnn_match_trafo,entropy_batch,cold,al,train,6,0.912506,0.011485,5
dnn_match_trafo,entropy_batch,cold,al,train,7,0.910755,0.010769,5
dnn_match_trafo,entropy_batch,cold,al,train,8,0.909074,0.011361,5
dnn_match_trafo,entropy_batch,cold,al,train,9,0.905473,0.013304,5
dnn_match_trafo,entropy_batch,cold,al,train,10,0.899244,0.019330,5
dnn_match_trafo,entropy_batch,cold,al,train,11,0.906499,0.023477,5
dnn_match_trafo,entropy_batch,cold,al,train,12,0.906019,0.013545,5
dnn_match_trafo,entropy_batch,cold,al,train,13,0.909488,0.011931,5
dnn_match_trafo,entropy_batch,cold,al,train,14,0.892079,0.016551,5
dnn_match_trafo,entropy_batch,cold,al,train,15,0.905528,0.007341,5
dnn_match_trafo,entropy_batch,cold,al,train,16,0.937849,0.017045,5
dnn_match_trafo,entropy_batch,cold,al,train,17,0.899502,0.020962,5
dnn_match_trafo,entropy_batch,cold,al,train,18,0.928793,0.013694,5
dnn_match_trafo,entropy_batch,cold,al,train,19,0.940377,0.014970,5
dnn_match_trafo,entropy_batch,cold,al,train,20,0.932295,0.013137,5
dnn_match_trafo,entropy_batch,cold,al,train,21,0.925622,0.023417,5
dnn_match_trafo,entropy_batch,cold,al,train,22,0.924309,0.023327,5
dnn_match_trafo,entropy_batch,cold,al,train,23,0.895320,0.015249,5
dnn_match_trafo,entropy_batch,cold,al,train,24,0.949977,0.007174,5
dnn_match_trafo,entropy_batch,cold,al,train,25,0.883897,0.032050,5
dnn_match_trafo,entropy_batch,cold,al,train,26,0.925611,0.023232,5
dnn_match_trafo,entropy_batch,cold,al,train,27,0.894043,0.028886,5
dnn_match_trafo,entropy_batch,cold,al,train,28,0.924237,0.015614,5
dnn_match_trafo,entropy_batch,cold,al,train,29,0.872528,0.020246,5
dnn_match_trafo,entropy_batch,cold,al,train,30,0.880349,0.024321,5
dnn_match_trafo,entropy_batch,cold,al,train,31,0.926008,0.012491,5
dnn_match_trafo,entropy_batch,cold,al,train,32,0.913361,0.020602,5
dnn_match_trafo,entropy_batch,cold,al,train,33,0.847297,0.033095,5
dnn_match_trafo,entropy_batch,cold,al,train,34,0.901701,0.036056,5
dnn_match_trafo,entropy_batch,cold,al,train,35,0.902778,0.024970,5
dnn_match_trafo,entropy_batch,cold,al,train,36,0.919986,0.014134,5
dnn_match_trafo,entropy_batch,cold,al,train,37,0.898427,0.025752,5
dnn_match_trafo,entropy_batch,cold,al,train,38,0.896248,0.019118,5
dnn_match_trafo,entropy_batch,cold,al,train,39,0.855467,0.032287,5
dnn_match_trafo,entropy_batch,cold,al,train,40,0.859318,0.037105,5
dnn_match_trafo,entropy_batch,cold,al,train,41,0.854838,0.030567,5
dnn_match_trafo,entropy_batch,cold,al,train,42,0.897755,0.016599,5
dnn_match_trafo,entropy_batch,cold,al,train,43,0.889429,0.021365,5
dnn_match_trafo,entropy_batch,cold,al,train,44,0.854894,0.029340,5
dnn_match_trafo,entropy_batch,cold,al,train,45,0.908059,0.012778,5
dnn_match_trafo,entropy_batch,cold,al,train,46,0.867611,0.024983,5
dnn_match_trafo,entropy_batch,cold,al,train,47,0.907641,0.011555,5
dnn_match_trafo,entropy_batch,cold,al,train,48,0.870453,0.030615,5
dnn_match_trafo,entropy_batch,cold,al,train,49,0.909477,0.011046,5
dnn_match_trafo,entropy_batch,cold,al,train,50,0.875571,0.033081,5
dnn_match_trafo,entropy_batch,cold,al,train,51,0.903835,0.015219,5
dnn_match_trafo,entropy_batch,cold,al,train,52,0.843338,0.039976,5
dnn_match_trafo,entropy_batch,cold,al,train,53,0.888596,0.023542,5
dnn_match_trafo,entropy_batch,cold,al,train,54,0.905406,0.012173,5
dnn_match_trafo,entropy_batch,cold,al,train,55,0.861512,0.038434,5
dnn_match_trafo,entropy_batch,cold,al,train,56,0.883526,0.030078,5
dnn_match_trafo,entropy_batch,cold,al,train,57,0.904345,0.026633,5
dnn_match_trafo,entropy_batch,cold,al,train,58,0.933626,0.006650,5
dnn_match_trafo,entropy_batch,cold,al,train,59,0.923403,0.010494,5
dnn_match_trafo,entropy_batch,cold,al,train,60,0.925028,0.009172,5
dnn_match_trafo,entropy_batch,cold,al,train,61,0.919413,0.011430,5
dnn_match_trafo,entropy_batch,cold,al,train,62,0.929036,0.007974,5
dnn_match_trafo,entropy_batch,cold,al,train,63,0.932055,0.005972,5
dnn_match_trafo,entropy_batch,cold,al,train,64,0.910560,0.011237,5
dnn_match_trafo,entropy_batch,cold,al,train,65,0.927207,0.004356,5
dnn_match_trafo,entropy_batch,cold,al,train,66,0.925120,0.008672,5
dnn_match_trafo,entropy_batch,cold,al,train,67,0.923688,0.009109,5
dnn_match_trafo,entropy_batch,cold,al,train,68,0.918108,0.011972,5
dnn_match_trafo,entropy_batch,cold,al,train,69,0.903046,0.016508,5
dnn_match_trafo,entropy_batch,cold,al,train,70,0.915920,0.010700,5
dnn_match_trafo,entropy_batch,cold,al,train,71,0.915253,0.009464,5
dnn_match_trafo,entropy_batch,cold,al,train,72,0.894858,0.017168,5
dnn_match_trafo,entropy_batch,cold,al,train,73,0.910400,0.011885,5
dnn_match_trafo,entropy_batch,cold,al,train,74,0.896248,0.015900,5
dnn_match_trafo,entropy_batch,cold,al,train,75,0.903303,0.017750,5
dnn_match_trafo,entropy_batch,cold,al,train,76,0.912533,0.010640,5
dnn_match_trafo,entropy_batch,cold,al,train,77,0.905546,0.009511,5
dnn_match_trafo,entropy_batch,cold,al,train,78,0.912286,0.013915,5
dnn_match_trafo,entropy_batch,cold,al,train,79,0.891756,0.023339,5
dnn_match_trafo,entropy_batch,cold,al,train,80,0.907295,0.009599,5
dnn_match_trafo,entropy_batch,cold,al,train,81,0.907096,0.012331,5
dnn_match_trafo,entropy_batch,cold,al,train,82,0.886827,0.018070,5
dnn_match_trafo,entropy_batch,cold,al,train,83,0.895735,0.016040,5
dnn_match_trafo,entropy_batch,cold,al,train,84,0.880276,0.025911,5
dnn_match_trafo,entropy_batch,cold,al,train,85,0.902944,0.018220,5
dnn_match_trafo,entropy_batch,cold,al,train,86,0.873113,0.021524,5
dnn_match_trafo,entropy_batch,cold,al,train,87,0.904905,0.010401,5
dnn_match_trafo,entropy_batch,cold,al,train,88,0.896521,0.019348,5
dnn_match_trafo,entropy_batch,cold,al,train,89,0.890260,0.015920,5
dnn_match_trafo,entropy_batch,cold,al,train,90,0.896123,0.012793,5
dnn_match_trafo,entropy_batch,cold,al,train,91,0.893964,0.018659,5
dnn_match_trafo,entropy_batch,cold,al,train,92,0.903500,0.010578,5
dnn_match_trafo,entropy_batch,cold,al,train,93,0.891636,0.014442,5
dnn_match_trafo,entropy_batch,cold,al,train,94,0.887605,0.013600,5
dnn_match_trafo,entropy_batch,cold,al,train,95,0.893062,0.015956,5
dnn_match_trafo,entropy_batch,cold,al,train,96,0.887501,0.014180,5
dnn_match_trafo,entropy_batch,cold,al,train,97,0.904643,0.011105,5
dnn_match_trafo,entropy_batch,cold,al,train,98,0.888337,0.020220,5
dnn_match_trafo,entropy_batch,cold,al,train,99,0.899624,0.011101,5
dnn_match_trafo,entropy_batch,cold,al,train,100,0.886894,0.016410,5
dnn_match_trafo,entropy_batch,cold,al,train,101,0.897350,0.015568,5
dnn_match_trafo,entropy_batch,cold,al,train,102,0.888342,0.013503,5
dnn_match_trafo,entropy_batch,cold,al,train,103,0.892123,0.014398,5
dnn_match_trafo,entropy_batch,cold,al,train,104,0.890048,0.015138,5
dnn_match_trafo,entropy_batch,cold,al,train,105,0.890828,0.014972,5
dnn_match_trafo,entropy_batch,cold,al,train,106,0.898156,0.013869,5
dnn_match_trafo,entropy_batch,cold,al,train,107,0.904657,0.011807,5
dnn_match_trafo,entropy_batch,cold,al,train,108,0.888973,0.014947,5
dnn_match_trafo,entropy_batch,cold,al,train,109,0.892561,0.013464,5
dnn_match_trafo,entropy_batch,cold,al,train,110,0.881754,0.016587,5
dnn_match_trafo,entropy_batch,cold,al,train,111,0.889094,0.014822,5
dnn_match_trafo,entropy_batch,cold,al,train,112,0.876801,0.015898,5
dnn_match_trafo,entropy_batch,cold,al,train,113,0.885778,0.014301,5
dnn_match_trafo,entropy_batch,cold,al,train,114,0.887689,0.015766,5
dnn_match_trafo,entropy_batch,cold,al,train,115,0.874259,0.016904,5
dnn_match_trafo,entropy_batch,cold,al,train,116,0.880135,0.014401,5
dnn_match_trafo,entropy_batch,cold,al,train,117,0.883910,0.015336,5
dnn_match_trafo,entropy_batch,cold,al,train,118,0.873868,0.018972,5
dnn_match_trafo,entropy_batch,cold,al,train,119,0.867592,0.018125,5
dnn_match_trafo,entropy_batch,cold,al,train,120,0.874882,0.017217,5
dnn_match_trafo,entropy_batch,cold,al,train,121,0.890690,0.016714,5
dnn_match_trafo,entropy_batch,cold,al,train,122,0.876271,0.014366,5
dnn_match_trafo,entropy_batch,cold,al,train,123,0.886955,0.012710,5
dnn_match_trafo,entropy_batch,cold,al,train,124,0.880544,0.015782,5
dnn_match_trafo,entropy_batch,cold,al,train,125,0.881322,0.015265,5
dnn_match_trafo,entropy_batch,cold,al,train,126,0.883043,0.015839,5
dnn_match_trafo,entropy_batch,cold,al,train,127,0.890715,0.011816,5
dnn_match_trafo,entropy_batch,cold,al,train,128,0.870815,0.017357,5
dnn_match_trafo,entropy_batch,cold,al,train,129,0.881070,0.012897,5
dnn_match_trafo,entropy_batch,cold,al,train,130,0.862387,0.016818,5
dnn_match_trafo,entropy_batch,cold,al,train,131,0.873572,0.017590,5
dnn_match_trafo,entropy_batch,cold,al,train,132,0.876708,0.011798,5
dnn_match_trafo,entropy_batch,cold,al,train,133,0.872587,0.017321,5
dnn_match_trafo,entropy_batch,cold,al,train,134,0.871155,0.016576,5
dnn_match_trafo,entropy_batch,cold,al,train,135,0.882634,0.011937,5
dnn_match_trafo,entropy_batch,cold,al,train,136,0.884752,0.017380,5
dnn_match_trafo,entropy_batch,cold,al,train,137,0.889623,0.014612,5
dnn_match_trafo,entropy_batch,cold,al,train,138,0.886332,0.012573,5
dnn_match_trafo,entropy_batch,cold,al,train,139,0.883010,0.015805,5
dnn_match_trafo,entropy_batch,cold,al,train,140,0.886568,0.009180,5
dnn_match_trafo,entropy_batch,cold,al,train,141,0.872659,0.012221,5
dnn_match_trafo,entropy_batch,cold,al,train,142,0.858600,0.016860,5
dnn_match_trafo,entropy_batch,cold,al,train,143,0.878263,0.014873,5
dnn_match_trafo,entropy_batch,cold,al,train,144,0.872949,0.018313,5
dnn_match_trafo,entropy_batch,cold,al,train,145,0.874776,0.014874,5
dnn_match_trafo,entropy_batch,cold,al,train,146,0.860906,0.016654,5
dnn_match_trafo,entropy_batch,cold,al,train,147,0.862459,0.015353,5
dnn_match_trafo,entropy_batch,cold,al,train,148,0.864189,0.014869,5
dnn_match_trafo,entropy_batch,cold,al,train,149,0.858460,0.025266,5
dnn_match_trafo,entropy_batch,cold,al,train,150,0.855238,0.017566,5
dnn_match_trafo,entropy_batch,cold,al,train,151,0.885997,0.018609,5
dnn_match_trafo,entropy_batch,cold,al,train,152,0.870639,0.012189,5
dnn_match_trafo,entropy_batch,cold,al,train,153,0.866801,0.013498,5
dnn_match_trafo,entropy_batch,cold,al,train,154,0.867409,0.013083,5
dnn_match_trafo,entropy_batch,cold,al,train,155,0.857316,0.022374,5
dnn_match_trafo,entropy_batch,cold,al,train,156,0.866902,0.014532,5
dnn_match_trafo,entropy_batch,cold,al,train,157,0.877529,0.011712,5
dnn_match_trafo,entropy_batch,cold,al,train,158,0.866584,0.012967,5
dnn_match_trafo,entropy_batch,cold,al,train,159,0.874158,0.012001,5
dnn_match_trafo,entropy_batch,cold,al,train,160,0.875338,0.016406,5
dnn_match_trafo,entropy_batch,cold,al,train,161,0.870188,0.010161,5
dnn_match_trafo,entropy_batch,cold,al,train,162,0.857457,0.011749,5
dnn_match_trafo,entropy_batch,cold,al,train,163,0.842039,0.004984,5
dnn_match_trafo,entropy_batch,cold,al,train,164,0.855290,0.018193,5
dnn_match_trafo,entropy_batch,cold,al,train,165,0.877769,0.011451,5
dnn_match_trafo,entropy_batch,cold,al,train,166,0.879101,0.010995,5
dnn_match_trafo,entropy_batch,cold,al,train,167,0.854073,0.013938,5
dnn_match_trafo,entropy_batch,cold,al,train,168,0.849931,0.014660,5
dnn_match_trafo,entropy_batch,cold,al,train,169,0.856292,0.013785,5
dnn_match_trafo,entropy_batch,cold,al,train,170,0.848293,0.006651,5
dnn_match_trafo,entropy_batch,cold,al,train,171,0.832798,0.008090,5
dnn_match_trafo,entropy_batch,cold,al,train,172,0.867394,0.014195,5
dnn_match_trafo,entropy_batch,cold,al,train,173,0.853368,0.009777,5
dnn_match_trafo,entropy_batch,cold,al,train,174,0.852763,0.009341,5
dnn_match_trafo,entropy_batch,cold,al,train,175,0.871838,0.010702,5
dnn_match_trafo,entropy_batch,cold,al,train,176,0.864134,0.016078,5
dnn_match_trafo,entropy_batch,cold,al,train,177,0.868921,0.014611,5
dnn_match_trafo,entropy_batch,cold,al,train,178,0.872072,0.008664,5
dnn_match_trafo,entropy_batch,cold,al,train,179,0.852934,0.014804,4
dnn_match_trafo,entropy_batch,cold,al,train,180,0.870283,0.009452,4
dnn_match_trafo,entropy_batch,cold,al,train,181,0.875051,0.013788,4
dnn_match_trafo,entropy_batch,cold,al,train,182,0.855201,0.019105,4
dnn_match_trafo,entropy_batch,cold,al,train,183,0.867729,0.009224,3
dnn_match_trafo,entropy_batch,cold,al,train,184,0.878931,0.011790,3
dnn_match_trafo,entropy_batch,cold,al,train,185,0.888849,0.008465,3
dnn_match_trafo,entropy_batch,cold,al,train,186,0.860980,0.012080,3
dnn_match_trafo,entropy_batch,cold,al,train,187,0.905520,0.009063,2
dnn_match_trafo,entropy_batch,cold,al,train,188,0.893395,0.020311,2
dnn_match_trafo,entropy_batch,cold,al,train,189,0.875338,0.016948,2
dnn_match_trafo,entropy_batch,cold,al,train,190,0.849518,0.022123,2
dnn_match_trafo,entropy_batch,cold,al,train,191,0.868081,0.011265,2
dnn_match_trafo,entropy_batch,cold,al,train,192,0.855862,0.031272,2
dnn_match_trafo,entropy_batch,cold,al,train,193,0.889412,0.021870,2
dnn_match_trafo,entropy_batch,cold,al,train,194,0.885171,0.017040,2
dnn_match_trafo,entropy_batch,cold,al,train,195,0.864454,0.019158,2
dnn_match_trafo,entropy_batch,cold,al,train,196,0.848235,0.029441,2
dnn_match_trafo,entropy_batch,cold,al,train,197,0.892275,,1
dnn_match_trafo,entropy_batch,cold,al,train,198,0.902039,,1
dnn_match_trafo,entropy_batch,cold,al,train,199,0.897705,,1
dnn_match_trafo,entropy_batch,cold,al,train,200,0.906790,,1
dnn_match_trafo,entropy_batch,cold,al,val,1,0.926500,0.004912,5
dnn_match_trafo,entropy_batch,cold,al,val,2,0.915506,0.003292,5
dnn_match_trafo,entropy_batch,cold,al,val,3,0.899863,0.005826,5
dnn_match_trafo,entropy_batch,cold,al,val,4,0.894687,0.003925,5
dnn_match_trafo,entropy_batch,cold,al,val,5,0.884394,0.005434,5
dnn_match_trafo,entropy_batch,cold,al,val,6,0.869701,0.006009,5
dnn_match_trafo,entropy_batch,cold,al,val,7,0.870391,0.008107,5
dnn_match_trafo,entropy_batch,cold,al,val,8,0.860359,0.006186,5
dnn_match_trafo,entropy_batch,cold,al,val,9,0.858317,0.006861,5
dnn_match_trafo,entropy_batch,cold,al,val,10,0.856902,0.007063,5
dnn_match_trafo,entropy_batch,cold,al,val,11,0.850824,0.013139,5
dnn_match_trafo,entropy_batch,cold,al,val,12,0.842300,0.002940,5
dnn_match_trafo,entropy_batch,cold,al,val,13,0.840493,0.005477,5
dnn_match_trafo,entropy_batch,cold,al,val,14,0.837436,0.005135,5
dnn_match_trafo,entropy_batch,cold,al,val,15,0.843292,0.008805,5
dnn_match_trafo,entropy_batch,cold,al,val,16,0.860887,0.010886,5
dnn_match_trafo,entropy_batch,cold,al,val,17,0.831750,0.009515,5
dnn_match_trafo,entropy_batch,cold,al,val,18,0.853858,0.006854,5
dnn_match_trafo,entropy_batch,cold,al,val,19,0.850456,0.012831,5
dnn_match_trafo,entropy_batch,cold,al,val,20,0.844119,0.013523,5
dnn_match_trafo,entropy_batch,cold,al,val,21,0.832849,0.009397,5
dnn_match_trafo,entropy_batch,cold,al,val,22,0.843381,0.014603,5
dnn_match_trafo,entropy_batch,cold,al,val,23,0.836321,0.016842,5
dnn_match_trafo,entropy_batch,cold,al,val,24,0.854618,0.016784,5
dnn_match_trafo,entropy_batch,cold,al,val,25,0.808018,0.017472,5
dnn_match_trafo,entropy_batch,cold,al,val,26,0.832500,0.013886,5
dnn_match_trafo,entropy_batch,cold,al,val,27,0.806492,0.013737,5
dnn_match_trafo,entropy_batch,cold,al,val,28,0.816529,0.014118,5
dnn_match_trafo,entropy_batch,cold,al,val,29,0.802496,0.011726,5
dnn_match_trafo,entropy_batch,cold,al,val,30,0.807829,0.011727,5
dnn_match_trafo,entropy_batch,cold,al,val,31,0.831113,0.014112,5
dnn_match_trafo,entropy_batch,cold,al,val,32,0.821493,0.017025,5
dnn_match_trafo,entropy_batch,cold,al,val,33,0.789538,0.015646,5
dnn_match_trafo,entropy_batch,cold,al,val,34,0.816570,0.023403,5
dnn_match_trafo,entropy_batch,cold,al,val,35,0.813943,0.018692,5
dnn_match_trafo,entropy_batch,cold,al,val,36,0.828377,0.013494,5
dnn_match_trafo,entropy_batch,cold,al,val,37,0.811357,0.015265,5
dnn_match_trafo,entropy_batch,cold,al,val,38,0.802388,0.010922,5
dnn_match_trafo,entropy_batch,cold,al,val,39,0.789824,0.017757,5
dnn_match_trafo,entropy_batch,cold,al,val,40,0.780120,0.018394,5
dnn_match_trafo,entropy_batch,cold,al,val,41,0.789363,0.013352,5
dnn_match_trafo,entropy_batch,cold,al,val,42,0.789157,0.010399,5
dnn_match_trafo,entropy_batch,cold,al,val,43,0.795793,0.011465,5
dnn_match_trafo,entropy_batch,cold,al,val,44,0.763902,0.015610,5
dnn_match_trafo,entropy_batch,cold,al,val,45,0.798546,0.015702,5
dnn_match_trafo,entropy_batch,cold,al,val,46,0.774495,0.015691,5
dnn_match_trafo,entropy_batch,cold,al,val,47,0.806831,0.013627,5
dnn_match_trafo,entropy_batch,cold,al,val,48,0.781761,0.016521,5
dnn_match_trafo,entropy_batch,cold,al,val,49,0.804911,0.013796,5
dnn_match_trafo,entropy_batch,cold,al,val,50,0.782569,0.020273,5
dnn_match_trafo,entropy_batch,cold,al,val,51,0.797122,0.020021,5
dnn_match_trafo,entropy_batch,cold,al,val,52,0.767993,0.021189,5
dnn_match_trafo,entropy_batch,cold,al,val,53,0.784509,0.026497,5
dnn_match_trafo,entropy_batch,cold,al,val,54,0.801299,0.017619,5
dnn_match_trafo,entropy_batch,cold,al,val,55,0.771600,0.023255,5
dnn_match_trafo,entropy_batch,cold,al,val,56,0.782497,0.025330,5
dnn_match_trafo,entropy_batch,cold,al,val,57,0.802242,0.016154,5
dnn_match_trafo,entropy_batch,cold,al,val,58,0.816069,0.010502,5
dnn_match_trafo,entropy_batch,cold,al,val,59,0.818624,0.007537,5
dnn_match_trafo,entropy_batch,cold,al,val,60,0.826529,0.006709,5
dnn_match_trafo,entropy_batch,cold,al,val,61,0.829918,0.004598,5
dnn_match_trafo,entropy_batch,cold,al,val,62,0.835020,0.007321,5
dnn_match_trafo,entropy_batch,cold,al,val,63,0.831728,0.004988,5
dnn_match_trafo,entropy_batch,cold,al,val,64,0.811681,0.010223,5
dnn_match_trafo,entropy_batch,cold,al,val,65,0.826125,0.003493,5
dnn_match_trafo,entropy_batch,cold,al,val,66,0.818989,0.008525,5
dnn_match_trafo,entropy_batch,cold,al,val,67,0.824932,0.009028,5
dnn_match_trafo,entropy_batch,cold,al,val,68,0.833107,0.007021,5
dnn_match_trafo,entropy_batch,cold,al,val,69,0.816345,0.015040,5
dnn_match_trafo,entropy_batch,cold,al,val,70,0.824089,0.008162,5
dnn_match_trafo,entropy_batch,cold,al,val,71,0.823118,0.003982,5
dnn_match_trafo,entropy_batch,cold,al,val,72,0.798488,0.009730,5
dnn_match_trafo,entropy_batch,cold,al,val,73,0.820532,0.008087,5
dnn_match_trafo,entropy_batch,cold,al,val,74,0.821083,0.008918,5
dnn_match_trafo,entropy_batch,cold,al,val,75,0.815324,0.009132,5
dnn_match_trafo,entropy_batch,cold,al,val,76,0.816411,0.004445,5
dnn_match_trafo,entropy_batch,cold,al,val,77,0.824466,0.005980,5
dnn_match_trafo,entropy_batch,cold,al,val,78,0.817285,0.012132,5
dnn_match_trafo,entropy_batch,cold,al,val,79,0.799354,0.019976,5
dnn_match_trafo,entropy_batch,cold,al,val,80,0.818396,0.004617,5
dnn_match_trafo,entropy_batch,cold,al,val,81,0.819320,0.005724,5
dnn_match_trafo,entropy_batch,cold,al,val,82,0.803854,0.008347,5
dnn_match_trafo,entropy_batch,cold,al,val,83,0.824922,0.007724,5
dnn_match_trafo,entropy_batch,cold,al,val,84,0.797967,0.014688,5
dnn_match_trafo,entropy_batch,cold,al,val,85,0.817393,0.010866,5
dnn_match_trafo,entropy_batch,cold,al,val,86,0.797042,0.016223,5
dnn_match_trafo,entropy_batch,cold,al,val,87,0.816549,0.005111,5
dnn_match_trafo,entropy_batch,cold,al,val,88,0.795969,0.012964,5
dnn_match_trafo,entropy_batch,cold,al,val,89,0.817784,0.008059,5
dnn_match_trafo,entropy_batch,cold,al,val,90,0.810453,0.005087,5
dnn_match_trafo,entropy_batch,cold,al,val,91,0.815203,0.004415,5
dnn_match_trafo,entropy_batch,cold,al,val,92,0.816943,0.003557,5
dnn_match_trafo,entropy_batch,cold,al,val,93,0.817152,0.003900,5
dnn_match_trafo,entropy_batch,cold,al,val,94,0.806121,0.004988,5
dnn_match_trafo,entropy_batch,cold,al,val,95,0.816706,0.007027,5
dnn_match_trafo,entropy_batch,cold,al,val,96,0.814772,0.004878,5
dnn_match_trafo,entropy_batch,cold,al,val,97,0.813365,0.003847,5
dnn_match_trafo,entropy_batch,cold,al,val,98,0.805358,0.007506,5
dnn_match_trafo,entropy_batch,cold,al,val,99,0.821360,0.003772,5
dnn_match_trafo,entropy_batch,cold,al,val,100,0.800986,0.007794,5
dnn_match_trafo,entropy_batch,cold,al,val,101,0.801686,0.009515,5
dnn_match_trafo,entropy_batch,cold,al,val,102,0.809631,0.004298,5
dnn_match_trafo,entropy_batch,cold,al,val,103,0.812778,0.008464,5
dnn_match_trafo,entropy_batch,cold,al,val,104,0.807492,0.005523,5
dnn_match_trafo,entropy_batch,cold,al,val,105,0.812763,0.006409,5
dnn_match_trafo,entropy_batch,cold,al,val,106,0.821115,0.004045,5
dnn_match_trafo,entropy_batch,cold,al,val,107,0.823347,0.003621,5
dnn_match_trafo,entropy_batch,cold,al,val,108,0.810105,0.005170,5
dnn_match_trafo,entropy_batch,cold,al,val,109,0.806652,0.003425,5
dnn_match_trafo,entropy_batch,cold,al,val,110,0.807131,0.004952,5
dnn_match_trafo,entropy_batch,cold,al,val,111,0.804315,0.011215,5
dnn_match_trafo,entropy_batch,cold,al,val,112,0.804464,0.006446,5
dnn_match_trafo,entropy_batch,cold,al,val,113,0.807701,0.006586,5
dnn_match_trafo,entropy_batch,cold,al,val,114,0.808431,0.006682,5
dnn_match_trafo,entropy_batch,cold,al,val,115,0.804287,0.008924,5
dnn_match_trafo,entropy_batch,cold,al,val,116,0.806915,0.004966,5
dnn_match_trafo,entropy_batch,cold,al,val,117,0.810302,0.003981,5
dnn_match_trafo,entropy_batch,cold,al,val,118,0.800189,0.006950,5
dnn_match_trafo,entropy_batch,cold,al,val,119,0.793456,0.011068,5
dnn_match_trafo,entropy_batch,cold,al,val,120,0.800540,0.009944,5
dnn_match_trafo,entropy_batch,cold,al,val,121,0.805936,0.006035,5
dnn_match_trafo,entropy_batch,cold,al,val,122,0.798698,0.008127,5
dnn_match_trafo,entropy_batch,cold,al,val,123,0.815591,0.001806,5
dnn_match_trafo,entropy_batch,cold,al,val,124,0.808477,0.003210,5
dnn_match_trafo,entropy_batch,cold,al,val,125,0.806120,0.008092,5
dnn_match_trafo,entropy_batch,cold,al,val,126,0.802948,0.005464,5
dnn_match_trafo,entropy_batch,cold,al,val,127,0.810508,0.005967,5
dnn_match_trafo,entropy_batch,cold,al,val,128,0.797242,0.007071,5
dnn_match_trafo,entropy_batch,cold,al,val,129,0.803216,0.006035,5
dnn_match_trafo,entropy_batch,cold,al,val,130,0.799090,0.005911,5
dnn_match_trafo,entropy_batch,cold,al,val,131,0.802295,0.004191,5
dnn_match_trafo,entropy_batch,cold,al,val,132,0.801111,0.002361,5
dnn_match_trafo,entropy_batch,cold,al,val,133,0.794895,0.007241,5
dnn_match_trafo,entropy_batch,cold,al,val,134,0.802975,0.004224,5
dnn_match_trafo,entropy_batch,cold,al,val,135,0.805152,0.004945,5
dnn_match_trafo,entropy_batch,cold,al,val,136,0.808103,0.005831,5
dnn_match_trafo,entropy_batch,cold,al,val,137,0.810635,0.003251,5
dnn_match_trafo,entropy_batch,cold,al,val,138,0.804031,0.003895,5
dnn_match_trafo,entropy_batch,cold,al,val,139,0.804107,0.007081,5
dnn_match_trafo,entropy_batch,cold,al,val,140,0.802921,0.002185,5
dnn_match_trafo,entropy_batch,cold,al,val,141,0.801501,0.003510,5
dnn_match_trafo,entropy_batch,cold,al,val,142,0.792128,0.005052,5
dnn_match_trafo,entropy_batch,cold,al,val,143,0.797037,0.005422,5
dnn_match_trafo,entropy_batch,cold,al,val,144,0.796099,0.007782,5
dnn_match_trafo,entropy_batch,cold,al,val,145,0.797857,0.003617,5
dnn_match_trafo,entropy_batch,cold,al,val,146,0.794722,0.005225,5
dnn_match_trafo,entropy_batch,cold,al,val,147,0.794739,0.006398,5
dnn_match_trafo,entropy_batch,cold,al,val,148,0.796197,0.003623,5
dnn_match_trafo,entropy_batch,cold,al,val,149,0.791762,0.013595,5
dnn_match_trafo,entropy_batch,cold,al,val,150,0.795445,0.003766,5
dnn_match_trafo,entropy_batch,cold,al,val,151,0.806677,0.006919,5
dnn_match_trafo,entropy_batch,cold,al,val,152,0.792002,0.002446,5
dnn_match_trafo,entropy_batch,cold,al,val,153,0.795993,0.003990,5
dnn_match_trafo,entropy_batch,cold,al,val,154,0.792628,0.009996,5
dnn_match_trafo,entropy_batch,cold,al,val,155,0.786585,0.012457,5
dnn_match_trafo,entropy_batch,cold,al,val,156,0.791079,0.005512,5
dnn_match_trafo,entropy_batch,cold,al,val,157,0.799582,0.004090,5
dnn_match_trafo,entropy_batch,cold,al,val,158,0.791592,0.004475,5
dnn_match_trafo,entropy_batch,cold,al,val,159,0.796819,0.004909,5
dnn_match_trafo,entropy_batch,cold,al,val,160,0.797145,0.006668,5
dnn_match_trafo,entropy_batch,cold,al,val,161,0.805027,0.008854,5
dnn_match_trafo,entropy_batch,cold,al,val,162,0.803589,0.009135,5
dnn_match_trafo,entropy_batch,cold,al,val,163,0.784961,0.005000,5
dnn_match_trafo,entropy_batch,cold,al,val,164,0.795855,0.012045,5
dnn_match_trafo,entropy_batch,cold,al,val,165,0.797727,0.010004,5
dnn_match_trafo,entropy_batch,cold,al,val,166,0.803995,0.009079,5
dnn_match_trafo,entropy_batch,cold,al,val,167,0.797775,0.008887,5
dnn_match_trafo,entropy_batch,cold,al,val,168,0.793986,0.011890,5
dnn_match_trafo,entropy_batch,cold,al,val,169,0.800940,0.012171,5
dnn_match_trafo,entropy_batch,cold,al,val,170,0.793449,0.003676,5
dnn_match_trafo,entropy_batch,cold,al,val,171,0.781896,0.006863,5
dnn_match_trafo,entropy_batch,cold,al,val,172,0.800016,0.012035,5
dnn_match_trafo,entropy_batch,cold,al,val,173,0.790944,0.009981,5
dnn_match_trafo,entropy_batch,cold,al,val,174,0.796199,0.006987,5
dnn_match_trafo,entropy_batch,cold,al,val,175,0.802898,0.006604,5
dnn_match_trafo,entropy_batch,cold,al,val,176,0.795831,0.009449,5
dnn_match_trafo,entropy_batch,cold,al,val,177,0.803208,0.008927,5
dnn_match_trafo,entropy_batch,cold,al,val,178,0.810626,0.008843,5
dnn_match_trafo,entropy_batch,cold,al,val,179,0.788292,0.008404,4
dnn_match_trafo,entropy_batch,cold,al,val,180,0.800599,0.007672,4
dnn_match_trafo,entropy_batch,cold,al,val,181,0.809182,0.009955,4
dnn_match_trafo,entropy_batch,cold,al,val,182,0.797982,0.015331,4
dnn_match_trafo,entropy_batch,cold,al,val,183,0.799341,0.009590,3
dnn_match_trafo,entropy_batch,cold,al,val,184,0.811149,0.013076,3
dnn_match_trafo,entropy_batch,cold,al,val,185,0.813483,0.015344,3
dnn_match_trafo,entropy_batch,cold,al,val,186,0.792762,0.005759,3
dnn_match_trafo,entropy_batch,cold,al,val,187,0.833891,0.010255,2
dnn_match_trafo,entropy_batch,cold,al,val,188,0.822270,0.028962,2
dnn_match_trafo,entropy_batch,cold,al,val,189,0.822844,0.023543,2
dnn_match_trafo,entropy_batch,cold,al,val,190,0.802379,0.020363,2
dnn_match_trafo,entropy_batch,cold,al,val,191,0.811362,0.013764,2
dnn_match_trafo,entropy_batch,cold,al,val,192,0.800952,0.020029,2
dnn_match_trafo,entropy_batch,cold,al,val,193,0.819808,0.015925,2
dnn_match_trafo,entropy_batch,cold,al,val,194,0.812513,0.028639,2
dnn_match_trafo,entropy_batch,cold,al,val,195,0.799358,0.014123,2
dnn_match_trafo,entropy_batch,cold,al,val,196,0.792593,0.031640,2
dnn_match_trafo,entropy_batch,cold,al,val,197,0.838170,,1
dnn_match_trafo,entropy_batch,cold,al,val,198,0.831762,,1
dnn_match_trafo,entropy_batch,cold,al,val,199,0.831011,,1
dnn_match_trafo,entropy_batch,cold,al,val,200,0.828444,,1
dnn_match_trafo,entropy_batch,cold,baseline,static_random,1,0.939918,0.000901,5
dnn_match_trafo,entropy_batch,cold,baseline,static_random,2,0.943540,0.000934,5
dnn_match_trafo,entropy_batch,cold,baseline,static_random,3,0.945640,0.001258,5
dnn_match_trafo,entropy_batch,cold,baseline,static_random,4,0.946472,0.001060,5
dnn_match_trafo,entropy_batch,cold,baseline,static_random,5,0.947164,0.000430,5
dnn_match_trafo,entropy_batch,cold,baseline,static_random,6,0.949258,0.000838,5
dnn_match_trafo,entropy_batch,cold,baseline,static_random,7,0.948106,0.000744,5
dnn_match_trafo,entropy_batch,cold,baseline,static_random,8,0.948612,0.000606,5
dnn_match_trafo,entropy_batch,cold,baseline,static_random,9,0.950134,0.001200,5
dnn_match_trafo,entropy_batch,cold,baseline,static_random,10,0.950704,0.001138,5
dnn_match_trafo,entropy_batch,cold,baseline,static_random,11,0.952534,0.000489,5
dnn_match_trafo,entropy_batch,cold,baseline,static_random,12,0.950614,0.001074,5
dnn_match_trafo,entropy_batch,cold,baseline,static_random,13,0.951226,0.000502,5
dnn_match_trafo,entropy_batch,cold,baseline,static_random,14,0.952686,0.000767,5
dnn_match_trafo,entropy_batch,cold,baseline,static_random,15,0.951896,0.001215,5
dnn_match_trafo,entropy_batch,cold,baseline,static_random,16,0.953870,0.000330,5
dnn_match_trafo,entropy_batch,cold,baseline,static_random,17,0.952910,0.000710,5
dnn_match_trafo,entropy_batch,cold,baseline,static_random,18,0.953162,0.001073,5
dnn_match_trafo,entropy_batch,cold,baseline,static_random,19,0.955570,0.000998,5
dnn_match_trafo,entropy_batch,cold,baseline,static_random,20,0.954720,0.000991,5
dnn_match_trafo,entropy_batch,cold,baseline,static_random,21,0.954480,0.001488,5
dnn_match_trafo,entropy_batch,cold,baseline,static_random,22,0.956148,0.000961,5
dnn_match_trafo,entropy_batch,cold,baseline,static_random,23,0.954546,0.000918,5
dnn_match_trafo,entropy_batch,cold,baseline,static_random,24,0.956356,0.001256,5
dnn_match_trafo,entropy_batch,cold,baseline,static_random,25,0.956624,0.000877,5
dnn_match_trafo,entropy_batch,cold,baseline,static_random,26,0.955778,0.000885,5
dnn_match_trafo,entropy_batch,cold,baseline,static_random,27,0.957956,0.001144,5
dnn_match_trafo,entropy_batch,cold,baseline,static_random,28,0.956682,0.000657,5
dnn_match_trafo,entropy_batch,cold,baseline,static_random,29,0.957994,0.001712,5
dnn_match_trafo,entropy_batch,cold,baseline,static_random,30,0.957570,0.000611,5
dnn_match_trafo,entropy_batch,cold,baseline,static_random,31,0.957044,0.001317,5
dnn_match_trafo,entropy_batch,cold,baseline,static_random,32,0.958622,0.000602,5
dnn_match_trafo,entropy_batch,cold,baseline,static_random,33,0.958986,0.001591,5
dnn_match_trafo,entropy_batch,cold,baseline,static_random,34,0.957354,0.000559,5
dnn_match_trafo,entropy_batch,cold,baseline,static_random,35,0.960260,0.000530,5
dnn_match_trafo,entropy_batch,cold,baseline,static_random,36,0.959670,0.000730,5
dnn_match_trafo,entropy_batch,cold,baseline,static_random,37,0.959684,0.001021,5
dnn_match_trafo,entropy_batch,cold,baseline,static_random,38,0.957694,0.000910,5
dnn_match_trafo,entropy_batch,cold,baseline,static_random,39,0.960204,0.000825,5
dnn_match_trafo,entropy_batch,cold,baseline,static_random,40,0.961034,0.000861,5
dnn_match_trafo,entropy_batch,cold,baseline,static_random,41,0.959956,0.001431,5
dnn_match_trafo,entropy_batch,cold,baseline,static_random,42,0.960764,0.000913,5
dnn_match_trafo,entropy_batch,cold,baseline,static_random,43,0.960522,0.001397,5
dnn_match_trafo,entropy_batch,cold,baseline,static_random,44,0.959430,0.001155,5
dnn_match_trafo,entropy_batch,cold,baseline,static_random,45,0.960832,0.000902,5
dnn_match_trafo,entropy_batch,cold,baseline,static_random,46,0.961530,0.000392,5
dnn_match_trafo,entropy_batch,cold,baseline,static_random,47,0.959412,0.001404,5
dnn_match_trafo,entropy_batch,cold,baseline,static_random,48,0.960038,0.001371,5
dnn_match_trafo,entropy_batch,cold,baseline,static_random,49,0.961242,0.000756,5
dnn_match_trafo,entropy_batch,cold,baseline,static_random,50,0.960420,0.000937,5
dnn_match_trafo,entropy_batch,cold,baseline,static_random,51,0.961338,0.001382,5
dnn_match_trafo,entropy_batch,cold,baseline,static_random,52,0.962906,0.000481,5
dnn_match_trafo,entropy_batch,cold,baseline,static_random,53,0.961218,0.000871,5
dnn_match_trafo,entropy_batch,cold,baseline,static_random,54,0.961494,0.000531,5
dnn_match_trafo,entropy_batch,cold,baseline,static_random,55,0.963380,0.000342,5
dnn_match_trafo,entropy_batch,cold,baseline,static_random,56,0.959970,0.001185,5
dnn_match_trafo,entropy_batch,cold,baseline,static_random,57,0.961662,0.000440,5
dnn_match_trafo,entropy_batch,cold,baseline,static_random,58,0.960782,0.000540,5
dnn_match_trafo,entropy_batch,cold,baseline,static_random,59,0.960694,0.000879,5
dnn_match_trafo,entropy_batch,cold,baseline,static_random,60,0.960372,0.000944,5
dnn_match_trafo,entropy_batch,cold,baseline,static_random,61,0.961034,0.000953,5
dnn_match_trafo,entropy_batch,cold,baseline,static_random,62,0.961094,0.000999,5
dnn_match_trafo,entropy_batch,cold,baseline,static_random,63,0.961486,0.001272,5
dnn_match_trafo,entropy_batch,cold,baseline,static_random,64,0.962344,0.001212,5
dnn_match_trafo,entropy_batch,cold,baseline,static_random,65,0.962472,0.001717,5
dnn_match_trafo,entropy_batch,cold,baseline,static_random,66,0.962628,0.001305,5
dnn_match_trafo,entropy_batch,cold,baseline,static_random,67,0.960574,0.000885,5
dnn_match_trafo,entropy_batch,cold,baseline,static_random,68,0.960448,0.000951,5
dnn_match_trafo,entropy_batch,cold,baseline,static_random,69,0.961510,0.001140,5
dnn_match_trafo,entropy_batch,cold,baseline,static_random,70,0.962182,0.001293,5
dnn_match_trafo,entropy_batch,cold,baseline,static_random,71,0.960556,0.001093,5
dnn_match_trafo,entropy_batch,cold,baseline,static_random,72,0.962600,0.001240,5
dnn_match_trafo,entropy_batch,cold,baseline,static_random,73,0.962726,0.001247,5
dnn_match_trafo,entropy_batch,cold,baseline,static_random,74,0.963538,0.001288,5
dnn_match_trafo,entropy_batch,cold,baseline,static_random,75,0.963156,0.001432,5
dnn_match_trafo,entropy_batch,cold,baseline,static_random,76,0.963296,0.000849,5
dnn_match_trafo,entropy_batch,cold,baseline,static_random,77,0.963074,0.001490,5
dnn_match_trafo,entropy_batch,cold,baseline,static_random,78,0.963658,0.001272,5
dnn_match_trafo,entropy_batch,cold,baseline,static_random,79,0.962284,0.001442,5
dnn_match_trafo,entropy_batch,cold,baseline,static_random,80,0.962760,0.000883,5
dnn_match_trafo,entropy_batch,cold,baseline,static_random,81,0.963988,0.001527,5
dnn_match_trafo,entropy_batch,cold,baseline,static_random,82,0.963162,0.001391,5
dnn_match_trafo,entropy_batch,cold,baseline,static_random,83,0.963318,0.001036,5
dnn_match_trafo,entropy_batch,cold,baseline,static_random,84,0.963070,0.001739,5
dnn_match_trafo,entropy_batch,cold,baseline,static_random,85,0.962706,0.000972,5
dnn_match_trafo,entropy_batch,cold,baseline,static_random,86,0.965302,0.001094,5
dnn_match_trafo,entropy_batch,cold,baseline,static_random,87,0.964144,0.001060,5
dnn_match_trafo,entropy_batch,cold,baseline,static_random,88,0.965854,0.001181,5
dnn_match_trafo,entropy_batch,cold,baseline,static_random,89,0.964976,0.001187,5
dnn_match_trafo,entropy_batch,cold,baseline,static_random,90,0.965872,0.001229,5
dnn_match_trafo,entropy_batch,cold,baseline,static_random,91,0.964944,0.001086,5
dnn_match_trafo,entropy_batch,cold,baseline,static_random,92,0.964202,0.000799,5
dnn_match_trafo,entropy_batch,cold,baseline,static_random,93,0.964138,0.001259,5
dnn_match_trafo,entropy_batch,cold,baseline,static_random,94,0.964908,0.001167,5
dnn_match_trafo,entropy_batch,cold,baseline,static_random,95,0.964990,0.001219,5
dnn_match_trafo,entropy_batch,cold,baseline,static_random,96,0.965316,0.001223,5
dnn_match_trafo,entropy_batch,cold,baseline,static_random,97,0.965838,0.001228,5
dnn_match_trafo,entropy_batch,cold,baseline,static_random,98,0.965590,0.001106,5
dnn_match_trafo,entropy_batch,cold,baseline,static_random,99,0.965390,0.001276,5
dnn_match_trafo,entropy_batch,cold,baseline,static_random,100,0.964200,0.000764,5
dnn_match_trafo,entropy_batch,cold,baseline,static_random,101,0.965786,0.001302,5
dnn_match_trafo,entropy_batch,cold,baseline,static_random,102,0.964222,0.001136,5
dnn_match_trafo,entropy_batch,cold,baseline,static_random,103,0.964516,0.001331,5
dnn_match_trafo,entropy_batch,cold,baseline,static_random,104,0.966448,0.001123,5
dnn_match_trafo,entropy_batch,cold,baseline,static_random,105,0.965766,0.000862,5
dnn_match_trafo,entropy_batch,cold,baseline,static_random,106,0.965486,0.001022,5
dnn_match_trafo,entropy_batch,cold,baseline,static_random,107,0.966788,0.001153,5
dnn_match_trafo,entropy_batch,cold,baseline,static_random,108,0.966684,0.001201,5
dnn_match_trafo,entropy_batch,cold,baseline,static_random,109,0.965506,0.001102,5
dnn_match_trafo,entropy_batch,cold,baseline,static_random,110,0.965782,0.001094,5
dnn_match_trafo,entropy_batch,cold,baseline,static_random,111,0.965920,0.001180,5
dnn_match_trafo,entropy_batch,cold,baseline,static_random,112,0.966858,0.001014,5
dnn_match_trafo,entropy_batch,cold,baseline,static_random,113,0.966592,0.001223,5
dnn_match_trafo,entropy_batch,cold,baseline,static_random,114,0.966006,0.001643,5
dnn_match_trafo,entropy_batch,cold,baseline,static_random,115,0.965316,0.000906,5
dnn_match_trafo,entropy_batch,cold,baseline,static_random,116,0.964670,0.000924,5
dnn_match_trafo,entropy_batch,cold,baseline,static_random,117,0.965160,0.001248,5
dnn_match_trafo,entropy_batch,cold,baseline,static_random,118,0.967536,0.001113,5
dnn_match_trafo,entropy_batch,cold,baseline,static_random,119,0.966058,0.001154,5
dnn_match_trafo,entropy_batch,cold,baseline,static_random,120,0.966202,0.001293,5
dnn_match_trafo,entropy_batch,cold,baseline,static_random,121,0.965446,0.000740,5
dnn_match_trafo,entropy_batch,cold,baseline,static_random,122,0.966954,0.000890,5
dnn_match_trafo,entropy_batch,cold,baseline,static_random,123,0.966904,0.000999,5
dnn_match_trafo,entropy_batch,cold,baseline,static_random,124,0.967374,0.000919,5
dnn_match_trafo,entropy_batch,cold,baseline,static_random,125,0.967698,0.001085,5
dnn_match_trafo,entropy_batch,cold,baseline,static_random,126,0.967798,0.001171,5
dnn_match_trafo,entropy_batch,cold,baseline,static_random,127,0.966574,0.000758,5
dnn_match_trafo,entropy_batch,cold,baseline,static_random,128,0.966310,0.000541,5
dnn_match_trafo,entropy_batch,cold,baseline,static_random,129,0.966456,0.001320,5
dnn_match_trafo,entropy_batch,cold,baseline,static_random,130,0.967646,0.001121,5
dnn_match_trafo,entropy_batch,cold,baseline,static_random,131,0.966634,0.000888,5
dnn_match_trafo,entropy_batch,cold,baseline,static_random,132,0.967658,0.000695,5
dnn_match_trafo,entropy_batch,cold,baseline,static_random,133,0.966354,0.000998,5
dnn_match_trafo,entropy_batch,cold,baseline,static_random,134,0.967928,0.001002,5
dnn_match_trafo,entropy_batch,cold,baseline,static_random,135,0.965866,0.000823,5
dnn_match_trafo,entropy_batch,cold,baseline,static_random,136,0.967332,0.000738,5
dnn_match_trafo,entropy_batch,cold,baseline,static_random,137,0.967656,0.001178,5
dnn_match_trafo,entropy_batch,cold,baseline,static_random,138,0.968314,0.000910,5
dnn_match_trafo,entropy_batch,cold,baseline,static_random,139,0.968002,0.001016,5
dnn_match_trafo,entropy_batch,cold,baseline,static_random,140,0.967172,0.000827,5
dnn_match_trafo,entropy_batch,cold,baseline,static_random,141,0.967380,0.001043,5
dnn_match_trafo,entropy_batch,cold,baseline,static_random,142,0.968208,0.000777,5
dnn_match_trafo,entropy_batch,cold,baseline,static_random,143,0.968066,0.001048,5
dnn_match_trafo,entropy_batch,cold,baseline,static_random,144,0.967558,0.001279,5
dnn_match_trafo,entropy_batch,cold,baseline,static_random,145,0.968968,0.001124,5
dnn_match_trafo,entropy_batch,cold,baseline,static_random,146,0.968208,0.000805,5
dnn_match_trafo,entropy_batch,cold,baseline,static_random,147,0.968338,0.000935,5
dnn_match_trafo,entropy_batch,cold,baseline,static_random,148,0.966766,0.000650,5
dnn_match_trafo,entropy_batch,cold,baseline,static_random,149,0.968100,0.000597,5
dnn_match_trafo,entropy_batch,cold,baseline,static_random,150,0.968506,0.000942,5
dnn_match_trafo,entropy_batch,cold,baseline,static_random,151,0.967666,0.000582,5
dnn_match_trafo,entropy_batch,cold,baseline,static_random,152,0.968976,0.000769,5
dnn_match_trafo,entropy_batch,cold,baseline,static_random,153,0.969002,0.000643,5
dnn_match_trafo,entropy_batch,cold,baseline,static_random,154,0.969390,0.000661,5
dnn_match_trafo,entropy_batch,cold,baseline,static_random,155,0.968664,0.000678,5
dnn_match_trafo,entropy_batch,cold,baseline,static_random,156,0.969220,0.001121,5
dnn_match_trafo,entropy_batch,cold,baseline,static_random,157,0.968162,0.000682,5
dnn_match_trafo,entropy_batch,cold,baseline,static_random,158,0.968458,0.000743,5
dnn_match_trafo,entropy_batch,cold,baseline,static_random,159,0.968962,0.000978,5
dnn_match_trafo,entropy_batch,cold,baseline,static_random,160,0.968656,0.000657,5
dnn_match_trafo,entropy_batch,cold,baseline,static_random,161,0.968312,0.000757,5
dnn_match_trafo,entropy_batch,cold,baseline,static_random,162,0.968076,0.000704,5
dnn_match_trafo,entropy_batch,cold,baseline,static_random,163,0.968794,0.000502,5
dnn_match_trafo,entropy_batch,cold,baseline,static_random,164,0.969148,0.000514,5
dnn_match_trafo,entropy_batch,cold,baseline,static_random,165,0.968850,0.000894,5
dnn_match_trafo,entropy_batch,cold,baseline,static_random,166,0.969818,0.000485,5
dnn_match_trafo,entropy_batch,cold,baseline,static_random,167,0.969834,0.000610,5
dnn_match_trafo,entropy_batch,cold,baseline,static_random,168,0.969130,0.001081,5
dnn_match_trafo,entropy_batch,cold,baseline,static_random,169,0.969842,0.000472,5
dnn_match_trafo,entropy_batch,cold,baseline,static_random,170,0.969176,0.000667,5
dnn_match_trafo,entropy_batch,cold,baseline,static_random,171,0.968792,0.001582,5
dnn_match_trafo,entropy_batch,cold,baseline,static_random,172,0.969956,0.000796,5
dnn_match_trafo,entropy_batch,cold,baseline,static_random,173,0.969996,0.000496,5
dnn_match_trafo,entropy_batch,cold,baseline,static_random,174,0.970080,0.000650,5
dnn_match_trafo,entropy_batch,cold,baseline,static_random,175,0.970632,0.000760,5
dnn_match_trafo,entropy_batch,cold,baseline,static_random,176,0.970614,0.000625,5
dnn_match_trafo,entropy_batch,cold,baseline,static_random,177,0.970012,0.000617,5
dnn_match_trafo,entropy_batch,cold,baseline,static_random,178,0.970614,0.000689,5
dnn_match_trafo,entropy_batch,cold,baseline,static_random,179,0.969715,0.000691,4
dnn_match_trafo,entropy_batch,cold,baseline,static_random,180,0.969690,0.001172,4
dnn_match_trafo,entropy_batch,cold,baseline,static_random,181,0.969535,0.000415,4
dnn_match_trafo,entropy_batch,cold,baseline,static_random,182,0.971455,0.000784,4
dnn_match_trafo,entropy_batch,cold,baseline,static_random,183,0.969603,0.001647,3
dnn_match_trafo,entropy_batch,cold,baseline,static_random,184,0.970413,0.000865,3
dnn_match_trafo,entropy_batch,cold,baseline,static_random,185,0.970433,0.001647,3
dnn_match_trafo,entropy_batch,cold,baseline,static_random,186,0.969863,0.000521,3
dnn_match_trafo,entropy_batch,cold,baseline,static_random,187,0.969990,0.000470,2
dnn_match_trafo,entropy_batch,cold,baseline,static_random,188,0.966215,0.003495,2
dnn_match_trafo,entropy_batch,cold,baseline,static_random,189,0.969495,0.000805,2
dnn_match_trafo,entropy_batch,cold,baseline,static_random,190,0.970265,0.000655,2
dnn_match_trafo,entropy_batch,cold,baseline,static_random,191,0.971695,0.000565,2
dnn_match_trafo,entropy_batch,cold,baseline,static_random,192,0.968895,0.001295,2
dnn_match_trafo,entropy_batch,cold,baseline,static_random,193,0.969445,0.001465,2
dnn_match_trafo,entropy_batch,cold,baseline,static_random,194,0.968255,0.001225,2
dnn_match_trafo,entropy_batch,cold,baseline,static_random,195,0.969920,0.001620,2
dnn_match_trafo,entropy_batch,cold,baseline,static_random,196,0.970690,0.000160,2
dnn_match_trafo,entropy_batch,cold,baseline,static_random,197,0.971750,,1
dnn_match_trafo,entropy_batch,cold,baseline,static_random,198,0.967580,,1
dnn_match_trafo,entropy_batch,cold,baseline,static_random,199,0.969030,,1
dnn_match_trafo,entropy_batch,cold,baseline,static_random,200,0.971640,,1
dnn_match_trafo,entropy_batch,cold,baseline,mcmc,1,0.543327,0.002547,5
dnn_match_trafo,entropy_batch,cold,baseline,mcmc,2,0.547378,0.001637,5
dnn_match_trafo,entropy_batch,cold,baseline,mcmc,3,0.548484,0.002286,5
dnn_match_trafo,entropy_batch,cold,baseline,mcmc,4,0.549515,0.003039,5
dnn_match_trafo,entropy_batch,cold,baseline,mcmc,5,0.547275,0.002161,5
dnn_match_trafo,entropy_batch,cold,baseline,mcmc,6,0.549394,0.001226,5
dnn_match_trafo,entropy_batch,cold,baseline,mcmc,7,0.546059,0.000465,5
dnn_match_trafo,entropy_batch,cold,baseline,mcmc,8,0.549943,0.002532,5
dnn_match_trafo,entropy_batch,cold,baseline,mcmc,9,0.549046,0.001964,5
dnn_match_trafo,entropy_batch,cold,baseline,mcmc,10,0.550495,0.002219,5
dnn_match_trafo,entropy_batch,cold,baseline,mcmc,11,0.549309,0.001202,5
dnn_match_trafo,entropy_batch,cold,baseline,mcmc,12,0.546641,0.001126,5
dnn_match_trafo,entropy_batch,cold,baseline,mcmc,13,0.550506,0.003079,5
dnn_match_trafo,entropy_batch,cold,baseline,mcmc,14,0.549802,0.001934,5
dnn_match_trafo,entropy_batch,cold,baseline,mcmc,15,0.550174,0.001651,5
dnn_match_trafo,entropy_batch,cold,baseline,mcmc,16,0.552550,0.001487,5
dnn_match_trafo,entropy_batch,cold,baseline,mcmc,17,0.548282,0.001597,5
dnn_match_trafo,entropy_batch,cold,baseline,mcmc,18,0.548562,0.002040,5
dnn_match_trafo,entropy_batch,cold,baseline,mcmc,19,0.551490,0.002087,5
dnn_match_trafo,entropy_batch,cold,baseline,mcmc,20,0.547600,0.001242,5
dnn_match_trafo,entropy_batch,cold,baseline,mcmc,21,0.551038,0.003611,5
dnn_match_trafo,entropy_batch,cold,baseline,mcmc,22,0.559992,0.003210,5
dnn_match_trafo,entropy_batch,cold,baseline,mcmc,23,0.554869,0.003423,5
dnn_match_trafo,entropy_batch,cold,baseline,mcmc,24,0.557764,0.002351,5
dnn_match_trafo,entropy_batch,cold,baseline,mcmc,25,0.554908,0.001704,5
dnn_match_trafo,entropy_batch,cold,baseline,mcmc,26,0.549469,0.001265,5
dnn_match_trafo,entropy_batch,cold,baseline,mcmc,27,0.556486,0.002636,5
dnn_match_trafo,entropy_batch,cold,baseline,mcmc,28,0.557064,0.004064,5
dnn_match_trafo,entropy_batch,cold,baseline,mcmc,29,0.561282,0.005477,5
dnn_match_trafo,entropy_batch,cold,baseline,mcmc,30,0.550357,0.000732,5
dnn_match_trafo,entropy_batch,cold,baseline,mcmc,31,0.558836,0.003225,5
dnn_match_trafo,entropy_batch,cold,baseline,mcmc,32,0.552729,0.002157,5
dnn_match_trafo,entropy_batch,cold,baseline,mcmc,33,0.552589,0.003178,5
dnn_match_trafo,entropy_batch,cold,baseline,mcmc,34,0.554575,0.004222,5
dnn_match_trafo,entropy_batch,cold,baseline,mcmc,35,0.556707,0.003797,5
dnn_match_trafo,entropy_batch,cold,baseline,mcmc,36,0.553612,0.002608,5
dnn_match_trafo,entropy_batch,cold,baseline,mcmc,37,0.558816,0.004623,5
dnn_match_trafo,entropy_batch,cold,baseline,mcmc,38,0.552272,0.003705,5
dnn_match_trafo,entropy_batch,cold,baseline,mcmc,39,0.557727,0.003136,5
dnn_match_trafo,entropy_batch,cold,baseline,mcmc,40,0.557408,0.002441,5
dnn_match_trafo,entropy_batch,cold,baseline,mcmc,41,0.554692,0.004751,5
dnn_match_trafo,entropy_batch,cold,baseline,mcmc,42,0.556714,0.001666,5
dnn_match_trafo,entropy_batch,cold,baseline,mcmc,43,0.548892,0.002247,5
dnn_match_trafo,entropy_batch,cold,baseline,mcmc,44,0.557626,0.005429,5
dnn_match_trafo,entropy_batch,cold,baseline,mcmc,45,0.553753,0.004141,5
dnn_match_trafo,entropy_batch,cold,baseline,mcmc,46,0.562051,0.004445,5
dnn_match_trafo,entropy_batch,cold,baseline,mcmc,47,0.553005,0.003893,5
dnn_match_trafo,entropy_batch,cold,baseline,mcmc,48,0.549402,0.002308,5
dnn_match_trafo,entropy_batch,cold,baseline,mcmc,49,0.554890,0.004812,5
dnn_match_trafo,entropy_batch,cold,baseline,mcmc,50,0.557243,0.003405,5
dnn_match_trafo,entropy_batch,cold,baseline,mcmc,51,0.553777,0.004745,5
dnn_match_trafo,entropy_batch,cold,baseline,mcmc,52,0.556543,0.002812,5
dnn_match_trafo,entropy_batch,cold,baseline,mcmc,53,0.551980,0.003589,5
dnn_match_trafo,entropy_batch,cold,baseline,mcmc,54,0.556866,0.003290,5
dnn_match_trafo,entropy_batch,cold,baseline,mcmc,55,0.557055,0.002122,5
dnn_match_trafo,entropy_batch,cold,baseline,mcmc,56,0.549713,0.002087,5
dnn_match_trafo,entropy_batch,cold,baseline,mcmc,57,0.548690,0.002874,5
dnn_match_trafo,entropy_batch,cold,baseline,mcmc,58,0.547346,0.001162,5
dnn_match_trafo,entropy_batch,cold,baseline,mcmc,59,0.556126,0.003719,5
dnn_match_trafo,entropy_batch,cold,baseline,mcmc,60,0.547556,0.001587,5
dnn_match_trafo,entropy_batch,cold,baseline,mcmc,61,0.551682,0.003116,5
dnn_match_trafo,entropy_batch,cold,baseline,mcmc,62,0.550090,0.002837,5
dnn_match_trafo,entropy_batch,cold,baseline,mcmc,63,0.550985,0.004159,5
dnn_match_trafo,entropy_batch,cold,baseline,mcmc,64,0.552911,0.003544,5
dnn_match_trafo,entropy_batch,cold,baseline,mcmc,65,0.561489,0.007980,5
dnn_match_trafo,entropy_batch,cold,baseline,mcmc,66,0.551436,0.002530,5
dnn_match_trafo,entropy_batch,cold,baseline,mcmc,67,0.548136,0.001368,5
dnn_match_trafo,entropy_batch,cold,baseline,mcmc,68,0.548678,0.001531,5
dnn_match_trafo,entropy_batch,cold,baseline,mcmc,69,0.552790,0.003266,5
dnn_match_trafo,entropy_batch,cold,baseline,mcmc,70,0.551629,0.003747,5
dnn_match_trafo,entropy_batch,cold,baseline,mcmc,71,0.549878,0.004519,5
dnn_match_trafo,entropy_batch,cold,baseline,mcmc,72,0.556245,0.007000,5
dnn_match_trafo,entropy_batch,cold,baseline,mcmc,73,0.551480,0.002730,5
dnn_match_trafo,entropy_batch,cold,baseline,mcmc,74,0.558156,0.004617,5
dnn_match_trafo,entropy_batch,cold,baseline,mcmc,75,0.554793,0.004274,5
dnn_match_trafo,entropy_batch,cold,baseline,mcmc,76,0.551633,0.003286,5
dnn_match_trafo,entropy_batch,cold,baseline,mcmc,77,0.555282,0.004239,5
dnn_match_trafo,entropy_batch,cold,baseline,mcmc,78,0.554306,0.005641,5
dnn_match_trafo,entropy_batch,cold,baseline,mcmc,79,0.553709,0.003412,5
dnn_match_trafo,entropy_batch,cold,baseline,mcmc,80,0.555025,0.003432,5
dnn_match_trafo,entropy_batch,cold,baseline,mcmc,81,0.549582,0.001777,5
dnn_match_trafo,entropy_batch,cold,baseline,mcmc,82,0.548992,0.003313,5
dnn_match_trafo,entropy_batch,cold,baseline,mcmc,83,0.553820,0.003620,5
dnn_match_trafo,entropy_batch,cold,baseline,mcmc,84,0.561764,0.008035,5
dnn_match_trafo,entropy_batch,cold,baseline,mcmc,85,0.553694,0.004325,5
dnn_match_trafo,entropy_batch,cold,baseline,mcmc,86,0.557155,0.006618,5
dnn_match_trafo,entropy_batch,cold,baseline,mcmc,87,0.553905,0.003893,5
dnn_match_trafo,entropy_batch,cold,baseline,mcmc,88,0.562567,0.006897,5
dnn_match_trafo,entropy_batch,cold,baseline,mcmc,89,0.554852,0.002520,5
dnn_match_trafo,entropy_batch,cold,baseline,mcmc,90,0.554407,0.003801,5
dnn_match_trafo,entropy_batch,cold,baseline,mcmc,91,0.546240,0.001521,5
dnn_match_trafo,entropy_batch,cold,baseline,mcmc,92,0.552657,0.002939,5
dnn_match_trafo,entropy_batch,cold,baseline,mcmc,93,0.551858,0.003587,5
dnn_match_trafo,entropy_batch,cold,baseline,mcmc,94,0.554290,0.003690,5
dnn_match_trafo,entropy_batch,cold,baseline,mcmc,95,0.557511,0.004490,5
dnn_match_trafo,entropy_batch,cold,baseline,mcmc,96,0.554414,0.004059,5
dnn_match_trafo,entropy_batch,cold,baseline,mcmc,97,0.558530,0.005995,5
dnn_match_trafo,entropy_batch,cold,baseline,mcmc,98,0.554757,0.003791,5
dnn_match_trafo,entropy_batch,cold,baseline,mcmc,99,0.560860,0.006927,5
dnn_match_trafo,entropy_batch,cold,baseline,mcmc,100,0.555118,0.003968,5
dnn_match_trafo,entropy_batch,cold,baseline,mcmc,101,0.549100,0.001243,5
dnn_match_trafo,entropy_batch,cold,baseline,mcmc,102,0.552122,0.003422,5
dnn_match_trafo,entropy_batch,cold,baseline,mcmc,103,0.554501,0.005506,5
dnn_match_trafo,entropy_batch,cold,baseline,mcmc,104,0.556236,0.005992,5
dnn_match_trafo,entropy_batch,cold,baseline,mcmc,105,0.550672,0.001714,5
dnn_match_trafo,entropy_batch,cold,baseline,mcmc,106,0.551506,0.003156,5
dnn_match_trafo,entropy_batch,cold,baseline,mcmc,107,0.560080,0.005457,5
dnn_match_trafo,entropy_batch,cold,baseline,mcmc,108,0.556432,0.004458,5
dnn_match_trafo,entropy_batch,cold,baseline,mcmc,109,0.556579,0.007144,5
dnn_match_trafo,entropy_batch,cold,baseline,mcmc,110,0.549643,0.001214,5
dnn_match_trafo,entropy_batch,cold,baseline,mcmc,111,0.551740,0.001742,5
dnn_match_trafo,entropy_batch,cold,baseline,mcmc,112,0.556546,0.005748,5
dnn_match_trafo,entropy_batch,cold,baseline,mcmc,113,0.550874,0.001897,5
dnn_match_trafo,entropy_batch,cold,baseline,mcmc,114,0.560403,0.005086,5
dnn_match_trafo,entropy_batch,cold,baseline,mcmc,115,0.551404,0.002443,5
dnn_match_trafo,entropy_batch,cold,baseline,mcmc,116,0.560375,0.008833,5
dnn_match_trafo,entropy_batch,cold,baseline,mcmc,117,0.551679,0.002926,5
dnn_match_trafo,entropy_batch,cold,baseline,mcmc,118,0.557951,0.006845,5
dnn_match_trafo,entropy_batch,cold,baseline,mcmc,119,0.553115,0.002364,5
dnn_match_trafo,entropy_batch,cold,baseline,mcmc,120,0.555219,0.006254,5
dnn_match_trafo,entropy_batch,cold,baseline,mcmc,121,0.553006,0.002282,5
dnn_match_trafo,entropy_batch,cold,baseline,mcmc,122,0.551167,0.001120,5
dnn_match_trafo,entropy_batch,cold,baseline,mcmc,123,0.551763,0.001309,5
dnn_match_trafo,entropy_batch,cold,baseline,mcmc,124,0.549441,0.002932,5
dnn_match_trafo,entropy_batch,cold,baseline,mcmc,125,0.557761,0.004164,5
dnn_match_trafo,entropy_batch,cold,baseline,mcmc,126,0.559364,0.004760,5
dnn_match_trafo,entropy_batch,cold,baseline,mcmc,127,0.550739,0.002455,5
dnn_match_trafo,entropy_batch,cold,baseline,mcmc,128,0.556968,0.002428,5
dnn_match_trafo,entropy_batch,cold,baseline,mcmc,129,0.549826,0.001618,5
dnn_match_trafo,entropy_batch,cold,baseline,mcmc,130,0.554429,0.001398,5
dnn_match_trafo,entropy_batch,cold,baseline,mcmc,131,0.551489,0.001121,5
dnn_match_trafo,entropy_batch,cold,baseline,mcmc,132,0.559108,0.004359,5
dnn_match_trafo,entropy_batch,cold,baseline,mcmc,133,0.552792,0.001679,5
dnn_match_trafo,entropy_batch,cold,baseline,mcmc,134,0.550641,0.001340,5
dnn_match_trafo,entropy_batch,cold,baseline,mcmc,135,0.554554,0.003964,5
dnn_match_trafo,entropy_batch,cold,baseline,mcmc,136,0.552157,0.001580,5
dnn_match_trafo,entropy_batch,cold,baseline,mcmc,137,0.549929,0.002157,5
dnn_match_trafo,entropy_batch,cold,baseline,mcmc,138,0.557090,0.004610,5
dnn_match_trafo,entropy_batch,cold,baseline,mcmc,139,0.553730,0.002030,5
dnn_match_trafo,entropy_batch,cold,baseline,mcmc,140,0.553309,0.002183,5
dnn_match_trafo,entropy_batch,cold,baseline,mcmc,141,0.552222,0.002471,5
dnn_match_trafo,entropy_batch,cold,baseline,mcmc,142,0.552486,0.001806,5
dnn_match_trafo,entropy_batch,cold,baseline,mcmc,143,0.555205,0.002939,5
dnn_match_trafo,entropy_batch,cold,baseline,mcmc,144,0.553598,0.002321,5
dnn_match_trafo,entropy_batch,cold,baseline,mcmc,145,0.561230,0.007246,5
dnn_match_trafo,entropy_batch,cold,baseline,mcmc,146,0.552508,0.001466,5
dnn_match_trafo,entropy_batch,cold,baseline,mcmc,147,0.553008,0.002143,5
dnn_match_trafo,entropy_batch,cold,baseline,mcmc,148,0.552884,0.001963,5
dnn_match_trafo,entropy_batch,cold,baseline,mcmc,149,0.552891,0.002584,5
dnn_match_trafo,entropy_batch,cold,baseline,mcmc,150,0.552204,0.002174,5
dnn_match_trafo,entropy_batch,cold,baseline,mcmc,151,0.551114,0.001355,5
dnn_match_trafo,entropy_batch,cold,baseline,mcmc,152,0.555271,0.002237,5
dnn_match_trafo,entropy_batch,cold,baseline,mcmc,153,0.554596,0.003889,5
dnn_match_trafo,entropy_batch,cold,baseline,mcmc,154,0.550851,0.001350,5
dnn_match_trafo,entropy_batch,cold,baseline,mcmc,155,0.554370,0.001273,5
dnn_match_trafo,entropy_batch,cold,baseline,mcmc,156,0.554662,0.002324,5
dnn_match_trafo,entropy_batch,cold,baseline,mcmc,157,0.551057,0.001402,5
dnn_match_trafo,entropy_batch,cold,baseline,mcmc,158,0.561329,0.003882,5
dnn_match_trafo,entropy_batch,cold,baseline,mcmc,159,0.552369,0.000983,5
dnn_match_trafo,entropy_batch,cold,baseline,mcmc,160,0.553067,0.002897,5
dnn_match_trafo,entropy_batch,cold,baseline,mcmc,161,0.553751,0.003238,5
dnn_match_trafo,entropy_batch,cold,baseline,mcmc,162,0.556940,0.004400,5
dnn_match_trafo,entropy_batch,cold,baseline,mcmc,163,0.558725,0.005473,5
dnn_match_trafo,entropy_batch,cold,baseline,mcmc,164,0.554402,0.001742,5
dnn_match_trafo,entropy_batch,cold,baseline,mcmc,165,0.549238,0.000779,5
dnn_match_trafo,entropy_batch,cold,baseline,mcmc,166,0.555890,0.005516,5
dnn_match_trafo,entropy_batch,cold,baseline,mcmc,167,0.558005,0.002356,5
dnn_match_trafo,entropy_batch,cold,baseline,mcmc,168,0.555034,0.002809,5
dnn_match_trafo,entropy_batch,cold,baseline,mcmc,169,0.550528,0.001543,5
dnn_match_trafo,entropy_batch,cold,baseline,mcmc,170,0.557556,0.003718,5
dnn_match_trafo,entropy_batch,cold,baseline,mcmc,171,0.550443,0.002495,5
dnn_match_trafo,entropy_batch,cold,baseline,mcmc,172,0.557506,0.004164,5
dnn_match_trafo,entropy_batch,cold,baseline,mcmc,173,0.552632,0.004126,5
dnn_match_trafo,entropy_batch,cold,baseline,mcmc,174,0.554603,0.003693,5
dnn_match_trafo,entropy_batch,cold,baseline,mcmc,175,0.555598,0.002480,5
dnn_match_trafo,entropy_batch,cold,baseline,mcmc,176,0.557566,0.003404,5
dnn_match_trafo,entropy_batch,cold,baseline,mcmc,177,0.552198,0.001128,5
dnn_match_trafo,entropy_batch,cold,baseline,mcmc,178,0.555128,0.001470,5
dnn_match_trafo,entropy_batch,cold,baseline,mcmc,179,0.556411,0.002699,4
dnn_match_trafo,entropy_batch,cold,baseline,mcmc,180,0.553435,0.000910,4
dnn_match_trafo,entropy_batch,cold,baseline,mcmc,181,0.551072,0.001134,4
dnn_match_trafo,entropy_batch,cold,baseline,mcmc,182,0.554424,0.000700,4
dnn_match_trafo,entropy_batch,cold,baseline,mcmc,183,0.557415,0.003935,3
dnn_match_trafo,entropy_batch,cold,baseline,mcmc,184,0.555581,0.003273,3
dnn_match_trafo,entropy_batch,cold,baseline,mcmc,185,0.553975,0.002640,3
dnn_match_trafo,entropy_batch,cold,baseline,mcmc,186,0.553313,0.000960,3
dnn_match_trafo,entropy_batch,cold,baseline,mcmc,187,0.555409,0.007179,2
dnn_match_trafo,entropy_batch,cold,baseline,mcmc,188,0.552925,0.000645,2
dnn_match_trafo,entropy_batch,cold,baseline,mcmc,189,0.564883,0.008743,2
dnn_match_trafo,entropy_batch,cold,baseline,mcmc,190,0.552866,0.001838,2
dnn_match_trafo,entropy_batch,cold,baseline,mcmc,191,0.558417,0.002489,2
dnn_match_trafo,entropy_batch,cold,baseline,mcmc,192,0.556395,0.001435,2
dnn_match_trafo,entropy_batch,cold,baseline,mcmc,193,0.556149,0.001737,2
dnn_match_trafo,entropy_batch,cold,baseline,mcmc,194,0.551484,0.001952,2
dnn_match_trafo,entropy_batch,cold,baseline,mcmc,195,0.555670,0.000642,2
dnn_match_trafo,entropy_batch,cold,baseline,mcmc,196,0.553302,0.000336,2
dnn_match_trafo,entropy_batch,cold,baseline,mcmc,197,0.558802,,1
dnn_match_trafo,entropy_batch,cold,baseline,mcmc,198,0.550928,,1
dnn_match_trafo,entropy_batch,cold,baseline,mcmc,199,0.561280,,1
dnn_match_trafo,entropy_batch,cold,baseline,mcmc,200,0.570994,,1
dnn_match_trafo,entropy_batch,cold,baseline,train,1,0.962500,0.009059,5
dnn_match_trafo,entropy_batch,cold,baseline,train,2,0.967884,0.004426,5
dnn_match_trafo,entropy_batch,cold,baseline,train,3,0.967242,0.006948,5
dnn_match_trafo,entropy_batch,cold,baseline,train,4,0.962937,0.001150,5
dnn_match_trafo,entropy_batch,cold,baseline,train,5,0.961783,0.003483,5
dnn_match_trafo,entropy_batch,cold,baseline,train,6,0.966789,0.004834,5
dnn_match_trafo,entropy_batch,cold,baseline,train,7,0.976794,0.004458,5
dnn_match_trafo,entropy_batch,cold,baseline,train,8,0.967413,0.006271,5
dnn_match_trafo,entropy_batch,cold,baseline,train,9,0.972350,0.005026,5
dnn_match_trafo,entropy_batch,cold,baseline,train,10,0.969207,0.005736,5
dnn_match_trafo,entropy_batch,cold,baseline,train,11,0.968776,0.003673,5
dnn_match_trafo,entropy_batch,cold,baseline,train,12,0.966160,0.004370,5
dnn_match_trafo,entropy_batch,cold,baseline,train,13,0.960667,0.002123,5
dnn_match_trafo,entropy_batch,cold,baseline,train,14,0.964525,0.002414,5
dnn_match_trafo,entropy_batch,cold,baseline,train,15,0.960789,0.003837,5
dnn_match_trafo,entropy_batch,cold,baseline,train,16,0.964711,0.003424,5
dnn_match_trafo,entropy_batch,cold,baseline,train,17,0.967609,0.004843,5
dnn_match_trafo,entropy_batch,cold,baseline,train,18,0.962554,0.003302,5
dnn_match_trafo,entropy_batch,cold,baseline,train,19,0.965536,0.003561,5
dnn_match_trafo,entropy_batch,cold,baseline,train,20,0.964434,0.001170,5
dnn_match_trafo,entropy_batch,cold,baseline,train,21,0.962024,0.003409,5
dnn_match_trafo,entropy_batch,cold,baseline,train,22,0.964812,0.002470,5
dnn_match_trafo,entropy_batch,cold,baseline,train,23,0.961738,0.002804,5
dnn_match_trafo,entropy_batch,cold,baseline,train,24,0.963751,0.003300,5
dnn_match_trafo,entropy_batch,cold,baseline,train,25,0.966205,0.003069,5
dnn_match_trafo,entropy_batch,cold,baseline,train,26,0.962822,0.002897,5
dnn_match_trafo,entropy_batch,cold,baseline,train,27,0.964892,0.002034,5
dnn_match_trafo,entropy_batch,cold,baseline,train,28,0.962807,0.001560,5
dnn_match_trafo,entropy_batch,cold,baseline,train,29,0.965529,0.003547,5
dnn_match_trafo,entropy_batch,cold,baseline,train,30,0.964366,0.003070,5
dnn_match_trafo,entropy_batch,cold,baseline,train,31,0.967391,0.004892,5
dnn_match_trafo,entropy_batch,cold,baseline,train,32,0.966096,0.001571,5
dnn_match_trafo,entropy_batch,cold,baseline,train,33,0.966523,0.002608,5
dnn_match_trafo,entropy_batch,cold,baseline,train,34,0.963687,0.001942,5
dnn_match_trafo,entropy_batch,cold,baseline,train,35,0.969158,0.002052,5
dnn_match_trafo,entropy_batch,cold,baseline,train,36,0.970964,0.002993,5
dnn_match_trafo,entropy_batch,cold,baseline,train,37,0.965935,0.002326,5
dnn_match_trafo,entropy_batch,cold,baseline,train,38,0.963718,0.001909,5
dnn_match_trafo,entropy_batch,cold,baseline,train,39,0.967369,0.002239,5
dnn_match_trafo,entropy_batch,cold,baseline,train,40,0.968494,0.002060,5
dnn_match_trafo,entropy_batch,cold,baseline,train,41,0.965608,0.001748,5
dnn_match_trafo,entropy_batch,cold,baseline,train,42,0.967600,0.002116,5
dnn_match_trafo,entropy_batch,cold,baseline,train,43,0.966999,0.002138,5
dnn_match_trafo,entropy_batch,cold,baseline,train,44,0.964297,0.002063,5
dnn_match_trafo,entropy_batch,cold,baseline,train,45,0.966371,0.001635,5
dnn_match_trafo,entropy_batch,cold,baseline,train,46,0.968892,0.002108,5
dnn_match_trafo,entropy_batch,cold,baseline,train,47,0.966001,0.002345,5
dnn_match_trafo,entropy_batch,cold,baseline,train,48,0.965686,0.002631,5
dnn_match_trafo,entropy_batch,cold,baseline,train,49,0.965813,0.001261,5
dnn_match_trafo,entropy_batch,cold,baseline,train,50,0.966253,0.002303,5
dnn_match_trafo,entropy_batch,cold,baseline,train,51,0.968291,0.003476,5
dnn_match_trafo,entropy_batch,cold,baseline,train,52,0.971176,0.001850,5
dnn_match_trafo,entropy_batch,cold,baseline,train,53,0.968593,0.002932,5
dnn_match_trafo,entropy_batch,cold,baseline,train,54,0.970713,0.002811,5
dnn_match_trafo,entropy_batch,cold,baseline,train,55,0.972507,0.002467,5
dnn_match_trafo,entropy_batch,cold,baseline,train,56,0.967605,0.002734,5
dnn_match_trafo,entropy_batch,cold,baseline,train,57,0.968581,0.002738,5
dnn_match_trafo,entropy_batch,cold,baseline,train,58,0.969374,0.003611,5
dnn_match_trafo,entropy_batch,cold,baseline,train,59,0.969433,0.003300,5
dnn_match_trafo,entropy_batch,cold,baseline,train,60,0.968622,0.003946,5
dnn_match_trafo,entropy_batch,cold,baseline,train,61,0.969735,0.004413,5
dnn_match_trafo,entropy_batch,cold,baseline,train,62,0.970717,0.003625,5
dnn_match_trafo,entropy_batch,cold,baseline,train,63,0.970286,0.003618,5
dnn_match_trafo,entropy_batch,cold,baseline,train,64,0.970873,0.004126,5
dnn_match_trafo,entropy_batch,cold,baseline,train,65,0.971700,0.003379,5
dnn_match_trafo,entropy_batch,cold,baseline,train,66,0.973284,0.003123,5
dnn_match_trafo,entropy_batch,cold,baseline,train,67,0.969853,0.004016,5
dnn_match_trafo,entropy_batch,cold,baseline,train,68,0.970392,0.004202,5
dnn_match_trafo,entropy_batch,cold,baseline,train,69,0.970831,0.004515,5
dnn_match_trafo,entropy_batch,cold,baseline,train,70,0.972018,0.004395,5
dnn_match_trafo,entropy_batch,cold,baseline,train,71,0.969663,0.004455,5
dnn_match_trafo,entropy_batch,cold,baseline,train,72,0.974070,0.003698,5
dnn_match_trafo,entropy_batch,cold,baseline,train,73,0.974451,0.003464,5
dnn_match_trafo,entropy_batch,cold,baseline,train,74,0.973643,0.003518,5
dnn_match_trafo,entropy_batch,cold,baseline,train,75,0.973689,0.003379,5
dnn_match_trafo,entropy_batch,cold,baseline,train,76,0.971610,0.004326,5
dnn_match_trafo,entropy_batch,cold,baseline,train,77,0.973743,0.004004,5
dnn_match_trafo,entropy_batch,cold,baseline,train,78,0.973754,0.003295,5
dnn_match_trafo,entropy_batch,cold,baseline,train,79,0.970144,0.004117,5
dnn_match_trafo,entropy_batch,cold,baseline,train,80,0.971700,0.003984,5
dnn_match_trafo,entropy_batch,cold,baseline,train,81,0.974276,0.003636,5
dnn_match_trafo,entropy_batch,cold,baseline,train,82,0.972517,0.003924,5
dnn_match_trafo,entropy_batch,cold,baseline,train,83,0.972786,0.003469,5
dnn_match_trafo,entropy_batch,cold,baseline,train,84,0.971875,0.004285,5
dnn_match_trafo,entropy_batch,cold,baseline,train,85,0.970848,0.003876,5
dnn_match_trafo,entropy_batch,cold,baseline,train,86,0.973939,0.003598,5
dnn_match_trafo,entropy_batch,cold,baseline,train,87,0.974062,0.003237,5
dnn_match_trafo,entropy_batch,cold,baseline,train,88,0.974660,0.003641,5
dnn_match_trafo,entropy_batch,cold,baseline,train,89,0.974309,0.003346,5
dnn_match_trafo,entropy_batch,cold,baseline,train,90,0.975468,0.003491,5
dnn_match_trafo,entropy_batch,cold,baseline,train,91,0.973084,0.003698,5
dnn_match_trafo,entropy_batch,cold,baseline,train,92,0.972389,0.003751,5
dnn_match_trafo,entropy_batch,cold,baseline,train,93,0.973174,0.003984,5
dnn_match_trafo,entropy_batch,cold,baseline,train,94,0.973936,0.003328,5
dnn_match_trafo,entropy_batch,cold,baseline,train,95,0.974600,0.003504,5
dnn_match_trafo,entropy_batch,cold,baseline,train,96,0.973901,0.003864,5
dnn_match_trafo,entropy_batch,cold,baseline,train,97,0.975300,0.003440,5
dnn_match_trafo,entropy_batch,cold,baseline,train,98,0.973613,0.003723,5
dnn_match_trafo,entropy_batch,cold,baseline,train,99,0.974576,0.003621,5
dnn_match_trafo,entropy_batch,cold,baseline,train,100,0.972179,0.004243,5
dnn_match_trafo,entropy_batch,cold,baseline,train,101,0.974269,0.003362,5
dnn_match_trafo,entropy_batch,cold,baseline,train,102,0.972324,0.004700,5
dnn_match_trafo,entropy_batch,cold,baseline,train,103,0.971790,0.004477,5
dnn_match_trafo,entropy_batch,cold,baseline,train,104,0.975319,0.003346,5
dnn_match_trafo,entropy_batch,cold,baseline,train,105,0.974939,0.003314,5
dnn_match_trafo,entropy_batch,cold,baseline,train,106,0.973580,0.003769,5
dnn_match_trafo,entropy_batch,cold,baseline,train,107,0.975573,0.003214,5
dnn_match_trafo,entropy_batch,cold,baseline,train,108,0.976005,0.003185,5
dnn_match_trafo,entropy_batch,cold,baseline,train,109,0.973705,0.003898,5
dnn_match_trafo,entropy_batch,cold,baseline,train,110,0.974751,0.003635,5
dnn_match_trafo,entropy_batch,cold,baseline,train,111,0.974249,0.003617,5
dnn_match_trafo,entropy_batch,cold,baseline,train,112,0.974747,0.003826,5
dnn_match_trafo,entropy_batch,cold,baseline,train,113,0.975398,0.003562,5
dnn_match_trafo,entropy_batch,cold,baseline,train,114,0.974054,0.003829,5
dnn_match_trafo,entropy_batch,cold,baseline,train,115,0.973533,0.003823,5
dnn_match_trafo,entropy_batch,cold,baseline,train,116,0.972108,0.004122,5
dnn_match_trafo,entropy_batch,cold,baseline,train,117,0.973174,0.004081,5
dnn_match_trafo,entropy_batch,cold,baseline,train,118,0.975474,0.003430,5
dnn_match_trafo,entropy_batch,cold,baseline,train,119,0.974053,0.003717,5
dnn_match_trafo,entropy_batch,cold,baseline,train,120,0.974647,0.003821,5
dnn_match_trafo,entropy_batch,cold,baseline,train,121,0.973484,0.003852,5
dnn_match_trafo,entropy_batch,cold,baseline,train,122,0.975117,0.003457,5
dnn_match_trafo,entropy_batch,cold,baseline,train,123,0.974987,0.003523,5
dnn_match_trafo,entropy_batch,cold,baseline,train,124,0.975361,0.003468,5
dnn_match_trafo,entropy_batch,cold,baseline,train,125,0.975717,0.003412,5
dnn_match_trafo,entropy_batch,cold,baseline,train,126,0.979645,0.003388,5
dnn_match_trafo,entropy_batch,cold,baseline,train,127,0.975338,0.003677,5
dnn_match_trafo,entropy_batch,cold,baseline,train,128,0.974549,0.003573,5
dnn_match_trafo,entropy_batch,cold,baseline,train,129,0.974635,0.003984,5
dnn_match_trafo,entropy_batch,cold,baseline,train,130,0.975201,0.003872,5
dnn_match_trafo,entropy_batch,cold,baseline,train,131,0.974389,0.003933,5
dnn_match_trafo,entropy_batch,cold,baseline,train,132,0.975092,0.003778,5
dnn_match_trafo,entropy_batch,cold,baseline,train,133,0.973564,0.003891,5
dnn_match_trafo,entropy_batch,cold,baseline,train,134,0.975276,0.003376,5
dnn_match_trafo,entropy_batch,cold,baseline,train,135,0.974211,0.003874,5
dnn_match_trafo,entropy_batch,cold,baseline,train,136,0.977099,0.003010,5
dnn_match_trafo,entropy_batch,cold,baseline,train,137,0.974567,0.003459,5
dnn_match_trafo,entropy_batch,cold,baseline,train,138,0.975760,0.003305,5
dnn_match_trafo,entropy_batch,cold,baseline,train,139,0.976682,0.003057,5
dnn_match_trafo,entropy_batch,cold,baseline,train,140,0.975640,0.003222,5
dnn_match_trafo,entropy_batch,cold,baseline,train,141,0.975733,0.003284,5
dnn_match_trafo,entropy_batch,cold,baseline,train,142,0.977016,0.003384,5
dnn_match_trafo,entropy_batch,cold,baseline,train,143,0.975239,0.003599,5
dnn_match_trafo,entropy_batch,cold,baseline,train,144,0.975207,0.003752,5
dnn_match_trafo,entropy_batch,cold,baseline,train,145,0.975761,0.003109,5
dnn_match_trafo,entropy_batch,cold,baseline,train,146,0.976298,0.003026,5
dnn_match_trafo,entropy_batch,cold,baseline,train,147,0.976651,0.003100,5
dnn_match_trafo,entropy_batch,cold,baseline,train,148,0.977498,0.003108,5
dnn_match_trafo,entropy_batch,cold,baseline,train,149,0.977980,0.003496,5
dnn_match_trafo,entropy_batch,cold,baseline,train,150,0.976538,0.003199,5
dnn_match_trafo,entropy_batch,cold,baseline,train,151,0.976672,0.003596,5
dnn_match_trafo,entropy_batch,cold,baseline,train,152,0.975496,0.003542,5
dnn_match_trafo,entropy_batch,cold,baseline,train,153,0.976643,0.003313,5
dnn_match_trafo,entropy_batch,cold,baseline,train,154,0.977709,0.003297,5
dnn_match_trafo,entropy_batch,cold,baseline,train,155,0.975267,0.003480,5
dnn_match_trafo,entropy_batch,cold,baseline,train,156,0.976288,0.003202,5
dnn_match_trafo,entropy_batch,cold,baseline,train,157,0.975962,0.003198,5
dnn_match_trafo,entropy_batch,cold,baseline,train,158,0.977413,0.003712,5
dnn_match_trafo,entropy_batch,cold,baseline,train,159,0.977739,0.003000,5
dnn_match_trafo,entropy_batch,cold,baseline,train,160,0.978120,0.003404,5
dnn_match_trafo,entropy_batch,cold,baseline,train,161,0.972087,0.000885,5
dnn_match_trafo,entropy_batch,cold,baseline,train,162,0.972002,0.002021,5
dnn_match_trafo,entropy_batch,cold,baseline,train,163,0.976040,0.002407,5
dnn_match_trafo,entropy_batch,cold,baseline,train,164,0.974350,0.001531,5
dnn_match_trafo,entropy_batch,cold,baseline,train,165,0.975102,0.002638,5
dnn_match_trafo,entropy_batch,cold,baseline,train,166,0.972093,0.000406,5
dnn_match_trafo,entropy_batch,cold,baseline,train,167,0.973763,0.001749,5
dnn_match_trafo,entropy_batch,cold,baseline,train,168,0.976676,0.002584,5
dnn_match_trafo,entropy_batch,cold,baseline,train,169,0.972622,0.001614,5
dnn_match_trafo,entropy_batch,cold,baseline,train,170,0.976526,0.002505,5
dnn_match_trafo,entropy_batch,cold,baseline,train,171,0.975642,0.002900,5
dnn_match_trafo,entropy_batch,cold,baseline,train,172,0.978731,0.001395,5
dnn_match_trafo,entropy_batch,cold,baseline,train,173,0.975107,0.001251,5
dnn_match_trafo,entropy_batch,cold,baseline,train,174,0.972864,0.001186,5
dnn_match_trafo,entropy_batch,cold,baseline,train,175,0.979152,0.000580,5
dnn_match_trafo,entropy_batch,cold,baseline,train,176,0.979779,0.001878,5
dnn_match_trafo,entropy_batch,cold,baseline,train,177,0.975131,0.000563,5
dnn_match_trafo,entropy_batch,cold,baseline,train,178,0.976841,0.001683,5
dnn_match_trafo,entropy_batch,cold,baseline,train,179,0.977374,0.001393,4
dnn_match_trafo,entropy_batch,cold,baseline,train,180,0.977119,0.001936,4
dnn_match_trafo,entropy_batch,cold,baseline,train,181,0.976157,0.002096,4
dnn_match_trafo,entropy_batch,cold,baseline,train,182,0.978783,0.001716,4
dnn_match_trafo,entropy_batch,cold,baseline,train,183,0.975199,0.003541,3
dnn_match_trafo,entropy_batch,cold,baseline,train,184,0.975807,0.002671,3
dnn_match_trafo,entropy_batch,cold,baseline,train,185,0.977433,0.001078,3
dnn_match_trafo,entropy_batch,cold,baseline,train,186,0.979548,0.001192,3
dnn_match_trafo,entropy_batch,cold,baseline,train,187,0.973586,0.000921,2
dnn_match_trafo,entropy_batch,cold,baseline,train,188,0.971508,0.006222,2
dnn_match_trafo,entropy_batch,cold,baseline,train,189,0.978033,0.005469,2
dnn_match_trafo,entropy_batch,cold,baseline,train,190,0.977193,0.001836,2
dnn_match_trafo,entropy_batch,cold,baseline,train,191,0.980017,0.001138,2
dnn_match_trafo,entropy_batch,cold,baseline,train,192,0.976757,0.002197,2
dnn_match_trafo,entropy_batch,cold,baseline,train,193,0.976540,0.001909,2
dnn_match_trafo,entropy_batch,cold,baseline,train,194,0.978521,0.002612,2
dnn_match_trafo,entropy_batch,cold,baseline,train,195,0.978296,0.002922,2
dnn_match_trafo,entropy_batch,cold,baseline,train,196,0.976431,0.001632,2
dnn_match_trafo,entropy_batch,cold,baseline,train,197,0.982043,,1
dnn_match_trafo,entropy_batch,cold,baseline,train,198,0.982341,,1
dnn_match_trafo,entropy_batch,cold,baseline,train,199,0.971441,,1
dnn_match_trafo,entropy_batch,cold,baseline,train,200,0.979024,,1
dnn_match_trafo,entropy_batch,cold,baseline,val,1,0.928500,0.004301,5
dnn_match_trafo,entropy_batch,cold,baseline,val,2,0.933347,0.002129,5
dnn_match_trafo,entropy_batch,cold,baseline,val,3,0.936801,0.002939,5
dnn_match_trafo,entropy_batch,cold,baseline,val,4,0.933789,0.004016,5
dnn_match_trafo,entropy_batch,cold,baseline,val,5,0.940933,0.003145,5
dnn_match_trafo,entropy_batch,cold,baseline,val,6,0.942393,0.003146,5
dnn_match_trafo,entropy_batch,cold,baseline,val,7,0.945429,0.002719,5
dnn_match_trafo,entropy_batch,cold,baseline,val,8,0.944045,0.002330,5
dnn_match_trafo,entropy_batch,cold,baseline,val,9,0.945839,0.004686,5
dnn_match_trafo,entropy_batch,cold,baseline,val,10,0.949143,0.003121,5
dnn_match_trafo,entropy_batch,cold,baseline,val,11,0.949900,0.001075,5
dnn_match_trafo,entropy_batch,cold,baseline,val,12,0.949710,0.002707,5
dnn_match_trafo,entropy_batch,cold,baseline,val,13,0.949010,0.001989,5
dnn_match_trafo,entropy_batch,cold,baseline,val,14,0.950185,0.001945,5
dnn_match_trafo,entropy_batch,cold,baseline,val,15,0.947986,0.002210,5
dnn_match_trafo,entropy_batch,cold,baseline,val,16,0.949059,0.001341,5
dnn_match_trafo,entropy_batch,cold,baseline,val,17,0.950185,0.003119,5
dnn_match_trafo,entropy_batch,cold,baseline,val,18,0.949719,0.002130,5
dnn_match_trafo,entropy_batch,cold,baseline,val,19,0.952493,0.002010,5
dnn_match_trafo,entropy_batch,cold,baseline,val,20,0.952473,0.002186,5
dnn_match_trafo,entropy_batch,cold,baseline,val,21,0.950974,0.001815,5
dnn_match_trafo,entropy_batch,cold,baseline,val,22,0.953099,0.000957,5
dnn_match_trafo,entropy_batch,cold,baseline,val,23,0.954157,0.001342,5
dnn_match_trafo,entropy_batch,cold,baseline,val,24,0.951973,0.001319,5
dnn_match_trafo,entropy_batch,cold,baseline,val,25,0.957700,0.000890,5
dnn_match_trafo,entropy_batch,cold,baseline,val,26,0.955058,0.000919,5
dnn_match_trafo,entropy_batch,cold,baseline,val,27,0.956488,0.001655,5
dnn_match_trafo,entropy_batch,cold,baseline,val,28,0.955537,0.001261,5
dnn_match_trafo,entropy_batch,cold,baseline,val,29,0.958825,0.001900,5
dnn_match_trafo,entropy_batch,cold,baseline,val,30,0.953929,0.001761,5
dnn_match_trafo,entropy_batch,cold,baseline,val,31,0.953479,0.001836,5
dnn_match_trafo,entropy_batch,cold,baseline,val,32,0.953917,0.002504,5
dnn_match_trafo,entropy_batch,cold,baseline,val,33,0.954509,0.002836,5
dnn_match_trafo,entropy_batch,cold,baseline,val,34,0.955086,0.002289,5
dnn_match_trafo,entropy_batch,cold,baseline,val,35,0.958017,0.001536,5
dnn_match_trafo,entropy_batch,cold,baseline,val,36,0.956019,0.002863,5
dnn_match_trafo,entropy_batch,cold,baseline,val,37,0.954913,0.002278,5
dnn_match_trafo,entropy_batch,cold,baseline,val,38,0.954147,0.001878,5
dnn_match_trafo,entropy_batch,cold,baseline,val,39,0.955394,0.001933,5
dnn_match_trafo,entropy_batch,cold,baseline,val,40,0.957627,0.001824,5
dnn_match_trafo,entropy_batch,cold,baseline,val,41,0.956738,0.000799,5
dnn_match_trafo,entropy_batch,cold,baseline,val,42,0.957994,0.001139,5
dnn_match_trafo,entropy_batch,cold,baseline,val,43,0.957610,0.001367,5
dnn_match_trafo,entropy_batch,cold,baseline,val,44,0.957434,0.002029,5
dnn_match_trafo,entropy_batch,cold,baseline,val,45,0.958935,0.001563,5
dnn_match_trafo,entropy_batch,cold,baseline,val,46,0.958560,0.001932,5
dnn_match_trafo,entropy_batch,cold,baseline,val,47,0.956451,0.002800,5
dnn_match_trafo,entropy_batch,cold,baseline,val,48,0.957459,0.001329,5
dnn_match_trafo,entropy_batch,cold,baseline,val,49,0.958786,0.001692,5
dnn_match_trafo,entropy_batch,cold,baseline,val,50,0.958709,0.001688,5
dnn_match_trafo,entropy_batch,cold,baseline,val,51,0.958845,0.001402,5
dnn_match_trafo,entropy_batch,cold,baseline,val,52,0.961780,0.001464,5
dnn_match_trafo,entropy_batch,cold,baseline,val,53,0.959208,0.001274,5
dnn_match_trafo,entropy_batch,cold,baseline,val,54,0.959111,0.000912,5
dnn_match_trafo,entropy_batch,cold,baseline,val,55,0.961759,0.001487,5
dnn_match_trafo,entropy_batch,cold,baseline,val,56,0.958997,0.001088,5
dnn_match_trafo,entropy_batch,cold,baseline,val,57,0.959882,0.001494,5
dnn_match_trafo,entropy_batch,cold,baseline,val,58,0.959247,0.000641,5
dnn_match_trafo,entropy_batch,cold,baseline,val,59,0.957338,0.001046,5
dnn_match_trafo,entropy_batch,cold,baseline,val,60,0.957660,0.001142,5
dnn_match_trafo,entropy_batch,cold,baseline,val,61,0.958788,0.001138,5
dnn_match_trafo,entropy_batch,cold,baseline,val,62,0.959225,0.000820,5
dnn_match_trafo,entropy_batch,cold,baseline,val,63,0.959177,0.001250,5
dnn_match_trafo,entropy_batch,cold,baseline,val,64,0.960594,0.001115,5
dnn_match_trafo,entropy_batch,cold,baseline,val,65,0.960582,0.001460,5
dnn_match_trafo,entropy_batch,cold,baseline,val,66,0.961227,0.001365,5
dnn_match_trafo,entropy_batch,cold,baseline,val,67,0.958174,0.000926,5
dnn_match_trafo,entropy_batch,cold,baseline,val,68,0.958248,0.001380,5
dnn_match_trafo,entropy_batch,cold,baseline,val,69,0.959804,0.001494,5
dnn_match_trafo,entropy_batch,cold,baseline,val,70,0.960398,0.001127,5
dnn_match_trafo,entropy_batch,cold,baseline,val,71,0.958584,0.001459,5
dnn_match_trafo,entropy_batch,cold,baseline,val,72,0.961893,0.001543,5
dnn_match_trafo,entropy_batch,cold,baseline,val,73,0.961567,0.001443,5
dnn_match_trafo,entropy_batch,cold,baseline,val,74,0.962842,0.001279,5
dnn_match_trafo,entropy_batch,cold,baseline,val,75,0.960665,0.001750,5
dnn_match_trafo,entropy_batch,cold,baseline,val,76,0.961848,0.001059,5
dnn_match_trafo,entropy_batch,cold,baseline,val,77,0.961803,0.001231,5
dnn_match_trafo,entropy_batch,cold,baseline,val,78,0.962393,0.001673,5
dnn_match_trafo,entropy_batch,cold,baseline,val,79,0.961246,0.000887,5
dnn_match_trafo,entropy_batch,cold,baseline,val,80,0.960947,0.000740,5
dnn_match_trafo,entropy_batch,cold,baseline,val,81,0.963069,0.001709,5
dnn_match_trafo,entropy_batch,cold,baseline,val,82,0.962109,0.001750,5
dnn_match_trafo,entropy_batch,cold,baseline,val,83,0.961910,0.001195,5
dnn_match_trafo,entropy_batch,cold,baseline,val,84,0.960928,0.001746,5
dnn_match_trafo,entropy_batch,cold,baseline,val,85,0.961203,0.000941,5
dnn_match_trafo,entropy_batch,cold,baseline,val,86,0.963527,0.001438,5
dnn_match_trafo,entropy_batch,cold,baseline,val,87,0.962560,0.001072,5
dnn_match_trafo,entropy_batch,cold,baseline,val,88,0.963952,0.000901,5
dnn_match_trafo,entropy_batch,cold,baseline,val,89,0.963683,0.001842,5
dnn_match_trafo,entropy_batch,cold,baseline,val,90,0.964891,0.001721,5
dnn_match_trafo,entropy_batch,cold,baseline,val,91,0.964013,0.000903,5
dnn_match_trafo,entropy_batch,cold,baseline,val,92,0.962511,0.001400,5
dnn_match_trafo,entropy_batch,cold,baseline,val,93,0.963192,0.001756,5
dnn_match_trafo,entropy_batch,cold,baseline,val,94,0.964051,0.001212,5
dnn_match_trafo,entropy_batch,cold,baseline,val,95,0.964087,0.001273,5
dnn_match_trafo,entropy_batch,cold,baseline,val,96,0.964863,0.002019,5
dnn_match_trafo,entropy_batch,cold,baseline,val,97,0.964543,0.001464,5
dnn_match_trafo,entropy_batch,cold,baseline,val,98,0.965507,0.001208,5
dnn_match_trafo,entropy_batch,cold,baseline,val,99,0.964467,0.001410,5
dnn_match_trafo,entropy_batch,cold,baseline,val,100,0.963652,0.000380,5
dnn_match_trafo,entropy_batch,cold,baseline,val,101,0.965693,0.001370,5
dnn_match_trafo,entropy_batch,cold,baseline,val,102,0.963317,0.001496,5
dnn_match_trafo,entropy_batch,cold,baseline,val,103,0.964187,0.002065,5
dnn_match_trafo,entropy_batch,cold,baseline,val,104,0.965521,0.001380,5
dnn_match_trafo,entropy_batch,cold,baseline,val,105,0.965892,0.000675,5
dnn_match_trafo,entropy_batch,cold,baseline,val,106,0.965290,0.001325,5
dnn_match_trafo,entropy_batch,cold,baseline,val,107,0.966186,0.001396,5
dnn_match_trafo,entropy_batch,cold,baseline,val,108,0.966116,0.001357,5
dnn_match_trafo,entropy_batch,cold,baseline,val,109,0.964809,0.002105,5
dnn_match_trafo,entropy_batch,cold,baseline,val,110,0.965389,0.001658,5
dnn_match_trafo,entropy_batch,cold,baseline,val,111,0.966052,0.001278,5
dnn_match_trafo,entropy_batch,cold,baseline,val,112,0.966279,0.001404,5
dnn_match_trafo,entropy_batch,cold,baseline,val,113,0.965746,0.001563,5
dnn_match_trafo,entropy_batch,cold,baseline,val,114,0.964766,0.002313,5
dnn_match_trafo,entropy_batch,cold,baseline,val,115,0.965313,0.001012,5
dnn_match_trafo,entropy_batch,cold,baseline,val,116,0.964337,0.000902,5
dnn_match_trafo,entropy_batch,cold,baseline,val,117,0.964938,0.001206,5
dnn_match_trafo,entropy_batch,cold,baseline,val,118,0.967838,0.001104,5
dnn_match_trafo,entropy_batch,cold,baseline,val,119,0.965546,0.001311,5
dnn_match_trafo,entropy_batch,cold,baseline,val,120,0.965548,0.001395,5
dnn_match_trafo,entropy_batch,cold,baseline,val,121,0.965285,0.000771,5
dnn_match_trafo,entropy_batch,cold,baseline,val,122,0.966606,0.001166,5
dnn_match_trafo,entropy_batch,cold,baseline,val,123,0.966349,0.001267,5
dnn_match_trafo,entropy_batch,cold,baseline,val,124,0.968086,0.001147,5
dnn_match_trafo,entropy_batch,cold,baseline,val,125,0.967360,0.000812,5
dnn_match_trafo,entropy_batch,cold,baseline,val,126,0.968221,0.001636,5
dnn_match_trafo,entropy_batch,cold,baseline,val,127,0.967212,0.000938,5
dnn_match_trafo,entropy_batch,cold,baseline,val,128,0.966924,0.001161,5
dnn_match_trafo,entropy_batch,cold,baseline,val,129,0.966618,0.001645,5
dnn_match_trafo,entropy_batch,cold,baseline,val,130,0.967172,0.001186,5
dnn_match_trafo,entropy_batch,cold,baseline,val,131,0.966340,0.000973,5
dnn_match_trafo,entropy_batch,cold,baseline,val,132,0.967605,0.000919,5
dnn_match_trafo,entropy_batch,cold,baseline,val,133,0.965724,0.001453,5
dnn_match_trafo,entropy_batch,cold,baseline,val,134,0.967370,0.000879,5
dnn_match_trafo,entropy_batch,cold,baseline,val,135,0.965185,0.000919,5
dnn_match_trafo,entropy_batch,cold,baseline,val,136,0.967627,0.000833,5
dnn_match_trafo,entropy_batch,cold,baseline,val,137,0.966607,0.001515,5
dnn_match_trafo,entropy_batch,cold,baseline,val,138,0.968082,0.001108,5
dnn_match_trafo,entropy_batch,cold,baseline,val,139,0.966972,0.000721,5
dnn_match_trafo,entropy_batch,cold,baseline,val,140,0.966682,0.000961,5
dnn_match_trafo,entropy_batch,cold,baseline,val,141,0.966483,0.001692,5
dnn_match_trafo,entropy_batch,cold,baseline,val,142,0.968641,0.001411,5
dnn_match_trafo,entropy_batch,cold,baseline,val,143,0.967632,0.001416,5
dnn_match_trafo,entropy_batch,cold,baseline,val,144,0.966407,0.001275,5
dnn_match_trafo,entropy_batch,cold,baseline,val,145,0.968654,0.001526,5
dnn_match_trafo,entropy_batch,cold,baseline,val,146,0.967806,0.001369,5
dnn_match_trafo,entropy_batch,cold,baseline,val,147,0.968251,0.001447,5
dnn_match_trafo,entropy_batch,cold,baseline,val,148,0.967000,0.000707,5
dnn_match_trafo,entropy_batch,cold,baseline,val,149,0.968218,0.000943,5
dnn_match_trafo,entropy_batch,cold,baseline,val,150,0.968281,0.001345,5
dnn_match_trafo,entropy_batch,cold,baseline,val,151,0.967376,0.001152,5
dnn_match_trafo,entropy_batch,cold,baseline,val,152,0.968200,0.001140,5
dnn_match_trafo,entropy_batch,cold,baseline,val,153,0.967640,0.000861,5
dnn_match_trafo,entropy_batch,cold,baseline,val,154,0.968879,0.001131,5
dnn_match_trafo,entropy_batch,cold,baseline,val,155,0.968340,0.000901,5
dnn_match_trafo,entropy_batch,cold,baseline,val,156,0.968252,0.001326,5
dnn_match_trafo,entropy_batch,cold,baseline,val,157,0.967614,0.000978,5
dnn_match_trafo,entropy_batch,cold,baseline,val,158,0.968468,0.001214,5
dnn_match_trafo,entropy_batch,cold,baseline,val,159,0.968767,0.001422,5
dnn_match_trafo,entropy_batch,cold,baseline,val,160,0.968323,0.000936,5
dnn_match_trafo,entropy_batch,cold,baseline,val,161,0.968744,0.001034,5
dnn_match_trafo,entropy_batch,cold,baseline,val,162,0.967694,0.000947,5
dnn_match_trafo,entropy_batch,cold,baseline,val,163,0.968637,0.000891,5
dnn_match_trafo,entropy_batch,cold,baseline,val,164,0.968890,0.000770,5
dnn_match_trafo,entropy_batch,cold,baseline,val,165,0.968513,0.001004,5
dnn_match_trafo,entropy_batch,cold,baseline,val,166,0.969924,0.000272,5
dnn_match_trafo,entropy_batch,cold,baseline,val,167,0.969227,0.000764,5
dnn_match_trafo,entropy_batch,cold,baseline,val,168,0.967915,0.001156,5
dnn_match_trafo,entropy_batch,cold,baseline,val,169,0.969391,0.000856,5
dnn_match_trafo,entropy_batch,cold,baseline,val,170,0.968843,0.001239,5
dnn_match_trafo,entropy_batch,cold,baseline,val,171,0.968504,0.001881,5
dnn_match_trafo,entropy_batch,cold,baseline,val,172,0.970878,0.000935,5
dnn_match_trafo,entropy_batch,cold,baseline,val,173,0.969587,0.000348,5
dnn_match_trafo,entropy_batch,cold,baseline,val,174,0.969396,0.001158,5
dnn_match_trafo,entropy_batch,cold,baseline,val,175,0.970411,0.000688,5
dnn_match_trafo,entropy_batch,cold,baseline,val,176,0.970244,0.000421,5
dnn_match_trafo,entropy_batch,cold,baseline,val,177,0.968991,0.000741,5
dnn_match_trafo,entropy_batch,cold,baseline,val,178,0.969938,0.000847,5
dnn_match_trafo,entropy_batch,cold,baseline,val,179,0.969002,0.000502,4
dnn_match_trafo,entropy_batch,cold,baseline,val,180,0.969606,0.000888,4
dnn_match_trafo,entropy_batch,cold,baseline,val,181,0.968369,0.000849,4
dnn_match_trafo,entropy_batch,cold,baseline,val,182,0.971367,0.001169,4
dnn_match_trafo,entropy_batch,cold,baseline,val,183,0.968663,0.001935,3
dnn_match_trafo,entropy_batch,cold,baseline,val,184,0.969275,0.000341,3
dnn_match_trafo,entropy_batch,cold,baseline,val,185,0.970318,0.001533,3
dnn_match_trafo,entropy_batch,cold,baseline,val,186,0.968318,0.000738,3
dnn_match_trafo,entropy_batch,cold,baseline,val,187,0.969910,0.001561,2
dnn_match_trafo,entropy_batch,cold,baseline,val,188,0.965427,0.003505,2
dnn_match_trafo,entropy_batch,cold,baseline,val,189,0.969524,0.000115,2
dnn_match_trafo,entropy_batch,cold,baseline,val,190,0.970045,0.000105,2
dnn_match_trafo,entropy_batch,cold,baseline,val,191,0.971951,0.001367,2
dnn_match_trafo,entropy_batch,cold,baseline,val,192,0.968300,0.000341,2
dnn_match_trafo,entropy_batch,cold,baseline,val,193,0.968605,0.001105,2
dnn_match_trafo,entropy_batch,cold,baseline,val,194,0.966777,0.000564,2
dnn_match_trafo,entropy_batch,cold,baseline,val,195,0.969492,0.003274,2
dnn_match_trafo,entropy_batch,cold,baseline,val,196,0.969761,0.000047,2
dnn_match_trafo,entropy_batch,cold,baseline,val,197,0.970110,,1
dnn_match_trafo,entropy_batch,cold,baseline,val,198,0.964639,,1
dnn_match_trafo,entropy_batch,cold,baseline,val,199,0.968378,,1
dnn_match_trafo,entropy_batch,cold,baseline,val,200,0.971056,,1
exact_gp,entropy_batch,warm,al,static_random,1,0.922602,0.000078,5
exact_gp,entropy_batch,warm,al,static_random,2,0.943758,0.002209,5
exact_gp,entropy_batch,warm,al,static_random,3,0.946656,0.002060,5
exact_gp,entropy_batch,warm,al,static_random,4,0.948232,0.002003,5
exact_gp,entropy_batch,warm,al,static_random,5,0.950084,0.002057,5
exact_gp,entropy_batch,warm,al,static_random,6,0.952794,0.001822,5
exact_gp,entropy_batch,warm,al,static_random,7,0.953968,0.001764,5
exact_gp,entropy_batch,warm,al,static_random,8,0.955350,0.001694,5
exact_gp,entropy_batch,warm,al,static_random,9,0.956108,0.001640,5
exact_gp,entropy_batch,warm,al,static_random,10,0.957444,0.001400,5
exact_gp,entropy_batch,warm,al,static_random,11,0.959370,0.000754,5
exact_gp,entropy_batch,warm,al,static_random,12,0.960618,0.000810,5
exact_gp,entropy_batch,warm,al,static_random,13,0.961954,0.000924,5
exact_gp,entropy_batch,warm,al,static_random,14,0.963106,0.001034,5
exact_gp,entropy_batch,warm,al,static_random,15,0.964392,0.000928,5
exact_gp,entropy_batch,warm,al,static_random,16,0.965222,0.001056,5
exact_gp,entropy_batch,warm,al,static_random,17,0.966474,0.000939,5
exact_gp,entropy_batch,warm,al,static_random,18,0.967064,0.000874,5
exact_gp,entropy_batch,warm,al,static_random,19,0.967812,0.000815,5
exact_gp,entropy_batch,warm,al,static_random,20,0.968732,0.000707,5
exact_gp,entropy_batch,warm,al,static_random,21,0.969428,0.000694,5
exact_gp,entropy_batch,warm,al,static_random,22,0.969812,0.000700,5
exact_gp,entropy_batch,warm,al,static_random,23,0.970428,0.000686,5
exact_gp,entropy_batch,warm,al,static_random,24,0.970944,0.000612,5
exact_gp,entropy_batch,warm,al,static_random,25,0.971712,0.000651,5
exact_gp,entropy_batch,warm,al,static_random,26,0.972498,0.000551,5
exact_gp,entropy_batch,warm,al,static_random,27,0.972978,0.000568,5
exact_gp,entropy_batch,warm,al,static_random,28,0.973386,0.000549,5
exact_gp,entropy_batch,warm,al,static_random,29,0.973962,0.000501,5
exact_gp,entropy_batch,warm,al,static_random,30,0.974372,0.000494,5
exact_gp,entropy_batch,warm,al,static_random,31,0.974690,0.000428,5
exact_gp,entropy_batch,warm,al,static_random,32,0.975024,0.000442,5
exact_gp,entropy_batch,warm,al,static_random,33,0.975452,0.000449,5
exact_gp,entropy_batch,warm,al,static_random,34,0.975924,0.000413,5
exact_gp,entropy_batch,warm,al,static_random,35,0.976114,0.000458,5
exact_gp,entropy_batch,warm,al,static_random,36,0.976440,0.000402,5
exact_gp,entropy_batch,warm,al,static_random,37,0.976618,0.000399,5
exact_gp,entropy_batch,warm,al,static_random,38,0.977014,0.000345,5
exact_gp,entropy_batch,warm,al,static_random,39,0.977262,0.000328,5
exact_gp,entropy_batch,warm,al,static_random,40,0.977554,0.000276,5
exact_gp,entropy_batch,warm,al,mcmc,1,0.540272,0.000195,5
exact_gp,entropy_batch,warm,al,mcmc,2,0.547882,0.002504,5
exact_gp,entropy_batch,warm,al,mcmc,3,0.550784,0.002624,5
exact_gp,entropy_batch,warm,al,mcmc,4,0.554863,0.002844,5
exact_gp,entropy_batch,warm,al,mcmc,5,0.561059,0.002948,5
exact_gp,entropy_batch,warm,al,mcmc,6,0.565757,0.004118,5
exact_gp,entropy_batch,warm,al,mcmc,7,0.567547,0.005088,5
exact_gp,entropy_batch,warm,al,mcmc,8,0.572176,0.004707,5
exact_gp,entropy_batch,warm,al,mcmc,9,0.574984,0.004561,5
exact_gp,entropy_batch,warm,al,mcmc,10,0.579266,0.004515,5
exact_gp,entropy_batch,warm,al,mcmc,11,0.582230,0.004666,5
exact_gp,entropy_batch,warm,al,mcmc,12,0.583584,0.005021,5
exact_gp,entropy_batch,warm,al,mcmc,13,0.584363,0.004213,5
exact_gp,entropy_batch,warm,al,mcmc,14,0.585388,0.002758,5
exact_gp,entropy_batch,warm,al,mcmc,15,0.585684,0.002054,5
exact_gp,entropy_batch,warm,al,mcmc,16,0.588389,0.002467,5
exact_gp,entropy_batch,warm,al,mcmc,17,0.590054,0.002592,5
exact_gp,entropy_batch,warm,al,mcmc,18,0.592009,0.002212,5
exact_gp,entropy_batch,warm,al,mcmc,19,0.592475,0.002130,5
exact_gp,entropy_batch,warm,al,mcmc,20,0.594556,0.002179,5
exact_gp,entropy_batch,warm,al,mcmc,21,0.594077,0.001369,5
exact_gp,entropy_batch,warm,al,mcmc,22,0.596342,0.001366,5
exact_gp,entropy_batch,warm,al,mcmc,23,0.599104,0.001207,5
exact_gp,entropy_batch,warm,al,mcmc,24,0.600982,0.001862,5
exact_gp,entropy_batch,warm,al,mcmc,25,0.603026,0.001946,5
exact_gp,entropy_batch,warm,al,mcmc,26,0.605521,0.001692,5
exact_gp,entropy_batch,warm,al,mcmc,27,0.607660,0.002077,5
exact_gp,entropy_batch,warm,al,mcmc,28,0.610628,0.002008,5
exact_gp,entropy_batch,warm,al,mcmc,29,0.611257,0.002413,5
exact_gp,entropy_batch,warm,al,mcmc,30,0.612487,0.002516,5
exact_gp,entropy_batch,warm,al,mcmc,31,0.614456,0.002523,5
exact_gp,entropy_batch,warm,al,mcmc,32,0.613990,0.002627,5
exact_gp,entropy_batch,warm,al,mcmc,33,0.616000,0.003120,5
exact_gp,entropy_batch,warm,al,mcmc,34,0.617854,0.003248,5
exact_gp,entropy_batch,warm,al,mcmc,35,0.618828,0.003026,5
exact_gp,entropy_batch,warm,al,mcmc,36,0.620728,0.002471,5
exact_gp,entropy_batch,warm,al,mcmc,37,0.622130,0.002421,5
exact_gp,entropy_batch,warm,al,mcmc,38,0.623650,0.002610,5
exact_gp,entropy_batch,warm,al,mcmc,39,0.624294,0.002256,5
exact_gp,entropy_batch,warm,al,mcmc,40,0.625584,0.002273,5
exact_gp,entropy_batch,warm,al,train,1,0.999000,0.000319,5
exact_gp,entropy_batch,warm,al,train,2,0.951547,0.002746,5
exact_gp,entropy_batch,warm,al,train,3,0.952107,0.002858,5
exact_gp,entropy_batch,warm,al,train,4,0.950228,0.001977,5
exact_gp,entropy_batch,warm,al,train,5,0.944795,0.003297,5
exact_gp,entropy_batch,warm,al,train,6,0.943895,0.002566,5
exact_gp,entropy_batch,warm,al,train,7,0.942374,0.002129,5
exact_gp,entropy_batch,warm,al,train,8,0.938802,0.002615,5
exact_gp,entropy_batch,warm,al,train,9,0.936939,0.002911,5
exact_gp,entropy_batch,warm,al,train,10,0.937017,0.002664,5
exact_gp,entropy_batch,warm,al,train,11,0.936559,0.001491,5
exact_gp,entropy_batch,warm,al,train,12,0.937092,0.003726,5
exact_gp,entropy_batch,warm,al,train,13,0.938013,0.002120,5
exact_gp,entropy_batch,warm,al,train,14,0.937029,0.002357,5
exact_gp,entropy_batch,warm,al,train,15,0.938964,0.002813,5
exact_gp,entropy_batch,warm,al,train,16,0.938208,0.002408,5
exact_gp,entropy_batch,warm,al,train,17,0.938507,0.003064,5
exact_gp,entropy_batch,warm,al,train,18,0.938232,0.002443,5
exact_gp,entropy_batch,warm,al,train,19,0.939495,0.002648,5
exact_gp,entropy_batch,warm,al,train,20,0.939517,0.003371,5
exact_gp,entropy_batch,warm,al,train,21,0.938813,0.003870,5
exact_gp,entropy_batch,warm,al,train,22,0.937733,0.004291,5
exact_gp,entropy_batch,warm,al,train,23,0.936095,0.004317,5
exact_gp,entropy_batch,warm,al,train,24,0.932859,0.004608,5
exact_gp,entropy_batch,warm,al,train,25,0.930769,0.004368,5
exact_gp,entropy_batch,warm,al,train,26,0.930916,0.002641,5
exact_gp,entropy_batch,warm,al,train,27,0.931941,0.002394,5
exact_gp,entropy_batch,warm,al,train,28,0.930976,0.002238,5
exact_gp,entropy_batch,warm,al,train,29,0.929770,0.002562,5
exact_gp,entropy_batch,warm,al,train,30,0.928878,0.002367,5
exact_gp,entropy_batch,warm,al,train,31,0.926540,0.002607,5
exact_gp,entropy_batch,warm,al,train,32,0.925605,0.002394,5
exact_gp,entropy_batch,warm,al,train,33,0.923490,0.002416,5
exact_gp,entropy_batch,warm,al,train,34,0.921787,0.002703,5
exact_gp,entropy_batch,warm,al,train,35,0.921192,0.002654,5
exact_gp,entropy_batch,warm,al,train,36,0.920072,0.002863,5
exact_gp,entropy_batch,warm,al,train,37,0.919520,0.003743,5
exact_gp,entropy_batch,warm,al,train,38,0.918061,0.003376,5
exact_gp,entropy_batch,warm,al,train,39,0.917017,0.003069,5
exact_gp,entropy_batch,warm,al,train,40,0.915457,0.002588,5
exact_gp,entropy_batch,warm,al,val,1,0.906000,0.004000,5
exact_gp,entropy_batch,warm,al,val,2,0.911137,0.003933,5
exact_gp,entropy_batch,warm,al,val,3,0.920117,0.003919,5
exact_gp,entropy_batch,warm,al,val,4,0.920897,0.004232,5
exact_gp,entropy_batch,warm,al,val,5,0.918704,0.004475,5
exact_gp,entropy_batch,warm,al,val,6,0.920983,0.004585,5
exact_gp,entropy_batch,warm,al,val,7,0.919756,0.004916,5
exact_gp,entropy_batch,warm,al,val,8,0.917192,0.005554,5
exact_gp,entropy_batch,warm,al,val,9,0.914865,0.003432,5
exact_gp,entropy_batch,warm,al,val,10,0.918200,0.003687,5
exact_gp,entropy_batch,warm,al,val,11,0.914055,0.003721,5
exact_gp,entropy_batch,warm,al,val,12,0.914392,0.002473,5
exact_gp,entropy_batch,warm,al,val,13,0.913986,0.001410,5
exact_gp,entropy_batch,warm,al,val,14,0.910015,0.001768,5
exact_gp,entropy_batch,warm,al,val,15,0.907616,0.003015,5
exact_gp,entropy_batch,warm,al,val,16,0.908632,0.001858,5
exact_gp,entropy_batch,warm,al,val,17,0.909772,0.002264,5
exact_gp,entropy_batch,warm,al,val,18,0.907984,0.002878,5
exact_gp,entropy_batch,warm,al,val,19,0.903312,0.003017,5
exact_gp,entropy_batch,warm,al,val,20,0.905968,0.001999,5
exact_gp,entropy_batch,warm,al,val,21,0.905633,0.002430,5
exact_gp,entropy_batch,warm,al,val,22,0.903937,0.002585,5
exact_gp,entropy_batch,warm,al,val,23,0.900396,0.001838,5
exact_gp,entropy_batch,warm,al,val,24,0.896687,0.003001,5
exact_gp,entropy_batch,warm,al,val,25,0.893369,0.004664,5
exact_gp,entropy_batch,warm,al,val,26,0.894551,0.001724,5
exact_gp,entropy_batch,warm,al,val,27,0.895821,0.004040,5
exact_gp,entropy_batch,warm,al,val,28,0.894542,0.004023,5
exact_gp,entropy_batch,warm,al,val,29,0.890819,0.003911,5
exact_gp,entropy_batch,warm,al,val,30,0.887615,0.004050,5
exact_gp,entropy_batch,warm,al,val,31,0.885437,0.003359,5
exact_gp,entropy_batch,warm,al,val,32,0.884439,0.002666,5
exact_gp,entropy_batch,warm,al,val,33,0.882472,0.002728,5
exact_gp,entropy_batch,warm,al,val,34,0.880978,0.002730,5
exact_gp,entropy_batch,warm,al,val,35,0.879414,0.001506,5
exact_gp,entropy_batch,warm,al,val,36,0.880303,0.001614,5
exact_gp,entropy_batch,warm,al,val,37,0.877186,0.000428,5
exact_gp,entropy_batch,warm,al,val,38,0.876536,0.000717,5
exact_gp,entropy_batch,warm,al,val,39,0.875800,0.000633,5
exact_gp,entropy_batch,warm,al,val,40,0.872887,0.002124,5
exact_gp,entropy_batch,warm,baseline,static_random,1,0.922602,0.000078,5
exact_gp,entropy_batch,warm,baseline,static_random,2,0.928442,0.002692,5
exact_gp,entropy_batch,warm,baseline,static_random,3,0.930110,0.003485,5
exact_gp,entropy_batch,warm,baseline,static_random,4,0.933852,0.002666,5
exact_gp,entropy_batch,warm,baseline,static_random,5,0.936058,0.003418,5
exact_gp,entropy_batch,warm,baseline,static_random,6,0.938622,0.003606,5
exact_gp,entropy_batch,warm,baseline,static_random,7,0.939826,0.003636,5
exact_gp,entropy_batch,warm,baseline,static_random,8,0.942896,0.004320,5
exact_gp,entropy_batch,warm,baseline,static_random,9,0.943442,0.004456,5
exact_gp,entropy_batch,warm,baseline,static_random,10,0.944930,0.004470,5
exact_gp,entropy_batch,warm,baseline,static_random,11,0.945356,0.004509,5
exact_gp,entropy_batch,warm,baseline,static_random,12,0.946358,0.004720,5
exact_gp,entropy_batch,warm,baseline,static_random,13,0.947038,0.004732,5
exact_gp,entropy_batch,warm,baseline,static_random,14,0.947594,0.004807,5
exact_gp,entropy_batch,warm,baseline,static_random,15,0.948272,0.004846,5
exact_gp,entropy_batch,warm,baseline,static_random,16,0.948436,0.004819,5
exact_gp,entropy_batch,warm,baseline,static_random,17,0.949004,0.004938,5
exact_gp,entropy_batch,warm,baseline,static_random,18,0.949398,0.005120,5
exact_gp,entropy_batch,warm,baseline,static_random,19,0.949738,0.005211,5
exact_gp,entropy_batch,warm,baseline,static_random,20,0.949918,0.005283,5
exact_gp,entropy_batch,warm,baseline,static_random,21,0.949784,0.005305,5
exact_gp,entropy_batch,warm,baseline,static_random,22,0.950156,0.005387,5
exact_gp,entropy_batch,warm,baseline,static_random,23,0.950282,0.005290,5
exact_gp,entropy_batch,warm,baseline,static_random,24,0.950440,0.005344,5
exact_gp,entropy_batch,warm,baseline,static_random,25,0.950814,0.005394,5
exact_gp,entropy_batch,warm,baseline,static_random,26,0.951106,0.005344,5
exact_gp,entropy_batch,warm,baseline,static_random,27,0.951458,0.005454,5
exact_gp,entropy_batch,warm,baseline,static_random,28,0.951682,0.005435,5
exact_gp,entropy_batch,warm,baseline,static_random,29,0.951908,0.005421,5
exact_gp,entropy_batch,warm,baseline,static_random,30,0.951996,0.005481,5
exact_gp,entropy_batch,warm,baseline,static_random,31,0.952292,0.005468,5
exact_gp,entropy_batch,warm,baseline,static_random,32,0.952550,0.005486,5
exact_gp,entropy_batch,warm,baseline,static_random,33,0.952900,0.005423,5
exact_gp,entropy_batch,warm,baseline,static_random,34,0.953140,0.005515,5
exact_gp,entropy_batch,warm,baseline,static_random,35,0.953344,0.005545,5
exact_gp,entropy_batch,warm,baseline,static_random,36,0.953702,0.005654,5
exact_gp,entropy_batch,warm,baseline,static_random,37,0.953860,0.005753,5
exact_gp,entropy_batch,warm,baseline,static_random,38,0.954028,0.005828,5
exact_gp,entropy_batch,warm,baseline,static_random,39,0.954362,0.005939,5
exact_gp,entropy_batch,warm,baseline,static_random,40,0.954548,0.005875,5
exact_gp,entropy_batch,warm,baseline,mcmc,1,0.540272,0.000195,5
exact_gp,entropy_batch,warm,baseline,mcmc,2,0.540145,0.002273,5
exact_gp,entropy_batch,warm,baseline,mcmc,3,0.541700,0.002282,5
exact_gp,entropy_batch,warm,baseline,mcmc,4,0.545077,0.003138,5
exact_gp,entropy_batch,warm,baseline,mcmc,5,0.547361,0.003602,5
exact_gp,entropy_batch,warm,baseline,mcmc,6,0.550125,0.004391,5
exact_gp,entropy_batch,warm,baseline,mcmc,7,0.551814,0.004416,5
exact_gp,entropy_batch,warm,baseline,mcmc,8,0.554021,0.004893,5
exact_gp,entropy_batch,warm,baseline,mcmc,9,0.553955,0.004697,5
exact_gp,entropy_batch,warm,baseline,mcmc,10,0.554832,0.004477,5
exact_gp,entropy_batch,warm,baseline,mcmc,11,0.556052,0.004444,5
exact_gp,entropy_batch,warm,baseline,mcmc,12,0.557253,0.004951,5
exact_gp,entropy_batch,warm,baseline,mcmc,13,0.560189,0.005285,5
exact_gp,entropy_batch,warm,baseline,mcmc,14,0.561658,0.005466,5
exact_gp,entropy_batch,warm,baseline,mcmc,15,0.562503,0.005626,5
exact_gp,entropy_batch,warm,baseline,mcmc,16,0.560770,0.005308,5
exact_gp,entropy_batch,warm,baseline,mcmc,17,0.560391,0.005144,5
exact_gp,entropy_batch,warm,baseline,mcmc,18,0.562061,0.005897,5
exact_gp,entropy_batch,warm,baseline,mcmc,19,0.563033,0.006164,5
exact_gp,entropy_batch,warm,baseline,mcmc,20,0.562884,0.006202,5
exact_gp,entropy_batch,warm,baseline,mcmc,21,0.563194,0.006216,5
exact_gp,entropy_batch,warm,baseline,mcmc,22,0.562954,0.006586,5
exact_gp,entropy_batch,warm,baseline,mcmc,23,0.562922,0.006203,5
exact_gp,entropy_batch,warm,baseline,mcmc,24,0.562278,0.005883,5
exact_gp,entropy_batch,warm,baseline,mcmc,25,0.563259,0.005876,5
exact_gp,entropy_batch,warm,baseline,mcmc,26,0.563642,0.006146,5
exact_gp,entropy_batch,warm,baseline,mcmc,27,0.564127,0.006188,5
exact_gp,entropy_batch,warm,baseline,mcmc,28,0.565505,0.006564,5
exact_gp,entropy_batch,warm,baseline,mcmc,29,0.566598,0.006870,5
exact_gp,entropy_batch,warm,baseline,mcmc,30,0.568307,0.007110,5
exact_gp,entropy_batch,warm,baseline,mcmc,31,0.568222,0.007303,5
exact_gp,entropy_batch,warm,baseline,mcmc,32,0.568740,0.007409,5
exact_gp,entropy_batch,warm,baseline,mcmc,33,0.568632,0.007356,5
exact_gp,entropy_batch,warm,baseline,mcmc,34,0.569352,0.007644,5
exact_gp,entropy_batch,warm,baseline,mcmc,35,0.570216,0.007880,5
exact_gp,entropy_batch,warm,baseline,mcmc,36,0.570782,0.007973,5
exact_gp,entropy_batch,warm,baseline,mcmc,37,0.571742,0.008168,5
exact_gp,entropy_batch,warm,baseline,mcmc,38,0.572062,0.008254,5
exact_gp,entropy_batch,warm,baseline,mcmc,39,0.573120,0.008296,5
exact_gp,entropy_batch,warm,baseline,mcmc,40,0.573379,0.008534,5
exact_gp,entropy_batch,warm,baseline,train,1,0.999000,0.000319,5
exact_gp,entropy_batch,warm,baseline,train,2,0.963279,0.011542,5
exact_gp,entropy_batch,warm,baseline,train,3,0.963512,0.011324,5
exact_gp,entropy_batch,warm,baseline,train,4,0.954608,0.006078,5
exact_gp,entropy_batch,warm,baseline,train,5,0.954782,0.006077,5
exact_gp,entropy_batch,warm,baseline,train,6,0.955083,0.006077,5
exact_gp,entropy_batch,warm,baseline,train,7,0.956821,0.005849,5
exact_gp,entropy_batch,warm,baseline,train,8,0.959387,0.006552,5
exact_gp,entropy_batch,warm,baseline,train,9,0.959668,0.006797,5
exact_gp,entropy_batch,warm,baseline,train,10,0.961025,0.006856,5
exact_gp,entropy_batch,warm,baseline,train,11,0.961350,0.006643,5
exact_gp,entropy_batch,warm,baseline,train,12,0.961395,0.006284,5
exact_gp,entropy_batch,warm,baseline,train,13,0.961546,0.006485,5
exact_gp,entropy_batch,warm,baseline,train,14,0.961741,0.006612,5
exact_gp,entropy_batch,warm,baseline,train,15,0.961976,0.006751,5
exact_gp,entropy_batch,warm,baseline,train,16,0.962005,0.007087,5
exact_gp,entropy_batch,warm,baseline,train,17,0.961940,0.006878,5
exact_gp,entropy_batch,warm,baseline,train,18,0.962134,0.007163,5
exact_gp,entropy_batch,warm,baseline,train,19,0.962051,0.007068,5
exact_gp,entropy_batch,warm,baseline,train,20,0.962391,0.007293,5
exact_gp,entropy_batch,warm,baseline,train,21,0.963839,0.007486,5
exact_gp,entropy_batch,warm,baseline,train,22,0.963826,0.007291,5
exact_gp,entropy_batch,warm,baseline,train,23,0.963650,0.007362,5
exact_gp,entropy_batch,warm,baseline,train,24,0.964088,0.007406,5
exact_gp,entropy_batch,warm,baseline,train,25,0.964802,0.007399,5
exact_gp,entropy_batch,warm,baseline,train,26,0.964315,0.007325,5
exact_gp,entropy_batch,warm,baseline,train,27,0.964728,0.007408,5
exact_gp,entropy_batch,warm,baseline,train,28,0.964755,0.007505,5
exact_gp,entropy_batch,warm,baseline,train,29,0.964747,0.007493,5
exact_gp,entropy_batch,warm,baseline,train,30,0.964505,0.007486,5
exact_gp,entropy_batch,warm,baseline,train,31,0.964504,0.007374,5
exact_gp,entropy_batch,warm,baseline,train,32,0.964474,0.007564,5
exact_gp,entropy_batch,warm,baseline,train,33,0.964530,0.007561,5
exact_gp,entropy_batch,warm,baseline,train,34,0.964959,0.007763,5
exact_gp,entropy_batch,warm,baseline,train,35,0.964873,0.007790,5
exact_gp,entropy_batch,warm,baseline,train,36,0.964932,0.007784,5
exact_gp,entropy_batch,warm,baseline,train,37,0.965232,0.007727,5
exact_gp,entropy_batch,warm,baseline,train,38,0.965215,0.007639,5
exact_gp,entropy_batch,warm,baseline,train,39,0.965245,0.007594,5
exact_gp,entropy_batch,warm,baseline,train,40,0.965262,0.007475,5
exact_gp,entropy_batch,warm,baseline,val,1,0.906000,0.004000,5
exact_gp,entropy_batch,warm,baseline,val,2,0.912014,0.006249,5
exact_gp,entropy_batch,warm,baseline,val,3,0.917486,0.004557,5
exact_gp,entropy_batch,warm,baseline,val,4,0.919181,0.004348,5
exact_gp,entropy_batch,warm,baseline,val,5,0.925254,0.006880,5
exact_gp,entropy_batch,warm,baseline,val,6,0.927054,0.006355,5
exact_gp,entropy_batch,warm,baseline,val,7,0.924230,0.004354,5
exact_gp,entropy_batch,warm,baseline,val,8,0.934608,0.005920,5
exact_gp,entropy_batch,warm,baseline,val,9,0.939485,0.005755,5
exact_gp,entropy_batch,warm,baseline,val,10,0.934073,0.004608,5
exact_gp,entropy_batch,warm,baseline,val,11,0.933734,0.005700,5
exact_gp,entropy_batch,warm,baseline,val,12,0.939827,0.006626,5
exact_gp,entropy_batch,warm,baseline,val,13,0.942016,0.008452,5
exact_gp,entropy_batch,warm,baseline,val,14,0.943009,0.008234,5
exact_gp,entropy_batch,warm,baseline,val,15,0.939572,0.007375,5
exact_gp,entropy_batch,warm,baseline,val,16,0.940081,0.006119,5
exact_gp,entropy_batch,warm,baseline,val,17,0.944241,0.006324,5
exact_gp,entropy_batch,warm,baseline,val,18,0.944742,0.005868,5
exact_gp,entropy_batch,warm,baseline,val,19,0.949503,0.007234,5
exact_gp,entropy_batch,warm,baseline,val,20,0.949740,0.005586,5
exact_gp,entropy_batch,warm,baseline,val,21,0.948006,0.005806,5
exact_gp,entropy_batch,warm,baseline,val,22,0.948149,0.006565,5
exact_gp,entropy_batch,warm,baseline,val,23,0.949415,0.005346,5
exact_gp,entropy_batch,warm,baseline,val,24,0.947307,0.007035,5
exact_gp,entropy_batch,warm,baseline,val,25,0.947073,0.006641,5
exact_gp,entropy_batch,warm,baseline,val,26,0.947554,0.006679,5
exact_gp,entropy_batch,warm,baseline,val,27,0.947556,0.007530,5
exact_gp,entropy_batch,warm,baseline,val,28,0.947535,0.006766,5
exact_gp,entropy_batch,warm,baseline,val,29,0.946964,0.006733,5
exact_gp,entropy_batch,warm,baseline,val,30,0.948302,0.006342,5
exact_gp,entropy_batch,warm,baseline,val,31,0.950328,0.005800,5
exact_gp,entropy_batch,warm,baseline,val,32,0.951192,0.005230,5
exact_gp,entropy_batch,warm,baseline,val,33,0.949874,0.004605,5
exact_gp,entropy_batch,warm,baseline,val,34,0.951333,0.004346,5
exact_gp,entropy_batch,warm,baseline,val,35,0.951118,0.005047,5
exact_gp,entropy_batch,warm,baseline,val,36,0.951690,0.004685,5
exact_gp,entropy_batch,warm,baseline,val,37,0.949637,0.005099,5
exact_gp,entropy_batch,warm,baseline,val,38,0.949218,0.004717,5
exact_gp,entropy_batch,warm,baseline,val,39,0.950466,0.005660,5
exact_gp,entropy_batch,warm,baseline,val,40,0.951346,0.006151,5
tabpfn,top_k,tabpfn,al,static_random,1,0.960062,0.000497,5
tabpfn,top_k,tabpfn,al,static_random,2,0.960716,0.000616,5
tabpfn,top_k,tabpfn,al,static_random,3,0.963036,0.000740,5
tabpfn,top_k,tabpfn,al,static_random,4,0.964014,0.000559,5
tabpfn,top_k,tabpfn,al,static_random,5,0.965242,0.000524,5
tabpfn,top_k,tabpfn,al,static_random,6,0.965584,0.000680,5
tabpfn,top_k,tabpfn,al,static_random,7,0.966196,0.000766,5
tabpfn,top_k,tabpfn,al,static_random,8,0.966804,0.000825,5
tabpfn,top_k,tabpfn,al,static_random,9,0.967378,0.000785,5
tabpfn,top_k,tabpfn,al,static_random,10,0.967574,0.000777,5
tabpfn,top_k,tabpfn,al,static_random,11,0.968318,0.000957,5
tabpfn,top_k,tabpfn,al,static_random,12,0.968828,0.001036,5
tabpfn,top_k,tabpfn,al,static_random,13,0.969260,0.001209,5
tabpfn,top_k,tabpfn,al,static_random,14,0.969782,0.001176,5
tabpfn,top_k,tabpfn,al,static_random,15,0.970218,0.001385,5
tabpfn,top_k,tabpfn,al,static_random,16,0.970564,0.001411,5
tabpfn,top_k,tabpfn,al,static_random,17,0.970810,0.001460,5
tabpfn,top_k,tabpfn,al,static_random,18,0.970892,0.001570,5
tabpfn,top_k,tabpfn,al,static_random,19,0.970946,0.001639,5
tabpfn,top_k,tabpfn,al,static_random,20,0.971126,0.001666,5
tabpfn,top_k,tabpfn,al,static_random,21,0.971272,0.001742,5
tabpfn,top_k,tabpfn,al,static_random,22,0.971476,0.001783,5
tabpfn,top_k,tabpfn,al,static_random,23,0.971534,0.001665,5
tabpfn,top_k,tabpfn,al,static_random,24,0.971670,0.001665,5
tabpfn,top_k,tabpfn,al,static_random,25,0.971702,0.001654,5
tabpfn,top_k,tabpfn,al,static_random,26,0.971894,0.001664,5
tabpfn,top_k,tabpfn,al,static_random,27,0.971872,0.001713,5
tabpfn,top_k,tabpfn,al,static_random,28,0.972024,0.001667,5
tabpfn,top_k,tabpfn,al,static_random,29,0.971966,0.001711,5
tabpfn,top_k,tabpfn,al,static_random,30,0.972016,0.001675,5
tabpfn,top_k,tabpfn,al,static_random,31,0.972090,0.001708,5
tabpfn,top_k,tabpfn,al,static_random,32,0.971962,0.001665,5
tabpfn,top_k,tabpfn,al,static_random,33,0.971890,0.001626,5
tabpfn,top_k,tabpfn,al,static_random,34,0.971864,0.001688,5
tabpfn,top_k,tabpfn,al,static_random,35,0.971784,0.001785,5
tabpfn,top_k,tabpfn,al,static_random,36,0.971730,0.001758,5
tabpfn,top_k,tabpfn,al,static_random,37,0.971670,0.001711,5
tabpfn,top_k,tabpfn,al,static_random,38,0.971658,0.001722,5
tabpfn,top_k,tabpfn,al,static_random,39,0.971668,0.001755,5
tabpfn,top_k,tabpfn,al,static_random,40,0.971844,0.001678,5
tabpfn,top_k,tabpfn,al,mcmc,1,0.585836,0.005726,5
tabpfn,top_k,tabpfn,al,mcmc,2,0.584619,0.005184,5
tabpfn,top_k,tabpfn,al,mcmc,3,0.581161,0.004629,5
tabpfn,top_k,tabpfn,al,mcmc,4,0.580178,0.004885,5
tabpfn,top_k,tabpfn,al,mcmc,5,0.582091,0.003812,5
tabpfn,top_k,tabpfn,al,mcmc,6,0.583380,0.004419,5
tabpfn,top_k,tabpfn,al,mcmc,7,0.580744,0.004584,5
tabpfn,top_k,tabpfn,al,mcmc,8,0.580928,0.005670,5
tabpfn,top_k,tabpfn,al,mcmc,9,0.581681,0.005353,5
tabpfn,top_k,tabpfn,al,mcmc,10,0.582426,0.005045,5
tabpfn,top_k,tabpfn,al,mcmc,11,0.583063,0.005541,5
tabpfn,top_k,tabpfn,al,mcmc,12,0.583124,0.005506,5
tabpfn,top_k,tabpfn,al,mcmc,13,0.584340,0.005369,5
tabpfn,top_k,tabpfn,al,mcmc,14,0.584419,0.004840,5
tabpfn,top_k,tabpfn,al,mcmc,15,0.584378,0.004486,5
tabpfn,top_k,tabpfn,al,mcmc,16,0.584266,0.004036,5
tabpfn,top_k,tabpfn,al,mcmc,17,0.582745,0.004230,5
tabpfn,top_k,tabpfn,al,mcmc,18,0.582908,0.004489,5
tabpfn,top_k,tabpfn,al,mcmc,19,0.584090,0.003830,5
tabpfn,top_k,tabpfn,al,mcmc,20,0.583777,0.003955,5
tabpfn,top_k,tabpfn,al,mcmc,21,0.583718,0.004326,5
tabpfn,top_k,tabpfn,al,mcmc,22,0.585383,0.004468,5
tabpfn,top_k,tabpfn,al,mcmc,23,0.585667,0.004697,5
tabpfn,top_k,tabpfn,al,mcmc,24,0.586268,0.004755,5
tabpfn,top_k,tabpfn,al,mcmc,25,0.586365,0.004843,5
tabpfn,top_k,tabpfn,al,mcmc,26,0.585727,0.004792,5
tabpfn,top_k,tabpfn,al,mcmc,27,0.585545,0.004723,5
tabpfn,top_k,tabpfn,al,mcmc,28,0.585368,0.004839,5
tabpfn,top_k,tabpfn,al,mcmc,29,0.585082,0.004789,5
tabpfn,top_k,tabpfn,al,mcmc,30,0.584226,0.004882,5
tabpfn,top_k,tabpfn,al,mcmc,31,0.583543,0.005081,5
tabpfn,top_k,tabpfn,al,mcmc,32,0.582756,0.004753,5
tabpfn,top_k,tabpfn,al,mcmc,33,0.582926,0.004649,5
tabpfn,top_k,tabpfn,al,mcmc,34,0.582872,0.004892,5
tabpfn,top_k,tabpfn,al,mcmc,35,0.583171,0.004732,5
tabpfn,top_k,tabpfn,al,mcmc,36,0.583386,0.005057,5
tabpfn,top_k,tabpfn,al,mcmc,37,0.582015,0.005149,5
tabpfn,top_k,tabpfn,al,mcmc,38,0.581806,0.005226,5
tabpfn,top_k,tabpfn,al,mcmc,39,0.580989,0.004995,5
tabpfn,top_k,tabpfn,al,mcmc,40,0.580470,0.005038,5
tabpfn,top_k,tabpfn,al,train,1,0.982750,0.001406,5
tabpfn,top_k,tabpfn,al,train,2,0.977615,0.002829,5
tabpfn,top_k,tabpfn,al,train,3,0.977565,0.001524,5
tabpfn,top_k,tabpfn,al,train,4,0.975835,0.001579,5
tabpfn,top_k,tabpfn,al,train,5,0.970677,0.001988,5
tabpfn,top_k,tabpfn,al,train,6,0.970161,0.002000,5
tabpfn,top_k,tabpfn,al,train,7,0.967585,0.002650,5
tabpfn,top_k,tabpfn,al,train,8,0.965985,0.002647,5
tabpfn,top_k,tabpfn,al,train,9,0.963917,0.003262,5
tabpfn,top_k,tabpfn,al,train,10,0.961605,0.003685,5
tabpfn,top_k,tabpfn,al,train,11,0.960522,0.003739,5
tabpfn,top_k,tabpfn,al,train,12,0.957436,0.004550,5
tabpfn,top_k,tabpfn,al,train,13,0.956545,0.004035,5
tabpfn,top_k,tabpfn,al,train,14,0.954941,0.003915,5
tabpfn,top_k,tabpfn,al,train,15,0.957633,0.004018,5
tabpfn,top_k,tabpfn,al,train,16,0.954811,0.004332,5
tabpfn,top_k,tabpfn,al,train,17,0.954938,0.004215,5
tabpfn,top_k,tabpfn,al,train,18,0.955542,0.004133,5
tabpfn,top_k,tabpfn,al,train,19,0.954855,0.004403,5
tabpfn,top_k,tabpfn,al,train,20,0.953723,0.005243,5
tabpfn,top_k,tabpfn,al,train,21,0.952175,0.005591,5
tabpfn,top_k,tabpfn,al,train,22,0.951659,0.005846,5
tabpfn,top_k,tabpfn,al,train,23,0.951019,0.006045,5
tabpfn,top_k,tabpfn,al,train,24,0.950637,0.006010,5
tabpfn,top_k,tabpfn,al,train,25,0.950485,0.006006,5
tabpfn,top_k,tabpfn,al,train,26,0.950013,0.006471,5
tabpfn,top_k,tabpfn,al,train,27,0.948080,0.006507,5
tabpfn,top_k,tabpfn,al,train,28,0.948297,0.006655,5
tabpfn,top_k,tabpfn,al,train,29,0.947541,0.006621,5
tabpfn,top_k,tabpfn,al,train,30,0.946902,0.007013,5
tabpfn,top_k,tabpfn,al,train,31,0.946126,0.006776,5
tabpfn,top_k,tabpfn,al,train,32,0.944389,0.007294,5
tabpfn,top_k,tabpfn,al,train,33,0.944376,0.007345,5
tabpfn,top_k,tabpfn,al,train,34,0.942904,0.007333,5
tabpfn,top_k,tabpfn,al,train,35,0.941571,0.006633,5
tabpfn,top_k,tabpfn,al,train,36,0.942741,0.006867,5
tabpfn,top_k,tabpfn,al,train,37,0.942124,0.007288,5
tabpfn,top_k,tabpfn,al,train,38,0.941635,0.006524,5
tabpfn,top_k,tabpfn,al,train,39,0.940669,0.006877,5
tabpfn,top_k,tabpfn,al,train,40,0.939803,0.006727,5
tabpfn,top_k,tabpfn,al,val,1,0.950000,0.002850,5
tabpfn,top_k,tabpfn,al,val,2,0.930088,0.006140,5
tabpfn,top_k,tabpfn,al,val,3,0.926659,0.003719,5
tabpfn,top_k,tabpfn,al,val,4,0.915648,0.005018,5
tabpfn,top_k,tabpfn,al,val,5,0.900296,0.003083,5
tabpfn,top_k,tabpfn,al,val,6,0.894647,0.003350,5
tabpfn,top_k,tabpfn,al,val,7,0.891231,0.003085,5
tabpfn,top_k,tabpfn,al,val,8,0.881249,0.005330,5
tabpfn,top_k,tabpfn,al,val,9,0.883152,0.004905,5
tabpfn,top_k,tabpfn,al,val,10,0.877045,0.005554,5
tabpfn,top_k,tabpfn,al,val,11,0.866287,0.007594,5
tabpfn,top_k,tabpfn,al,val,12,0.860283,0.008412,5
tabpfn,top_k,tabpfn,al,val,13,0.857046,0.008476,5
tabpfn,top_k,tabpfn,al,val,14,0.859975,0.010546,5
tabpfn,top_k,tabpfn,al,val,15,0.857357,0.010043,5
tabpfn,top_k,tabpfn,al,val,16,0.852163,0.009056,5
tabpfn,top_k,tabpfn,al,val,17,0.849493,0.007780,5
tabpfn,top_k,tabpfn,al,val,18,0.844344,0.009128,5
tabpfn,top_k,tabpfn,al,val,19,0.838194,0.010568,5
tabpfn,top_k,tabpfn,al,val,20,0.842017,0.012077,5
tabpfn,top_k,tabpfn,al,val,21,0.839954,0.009428,5
tabpfn,top_k,tabpfn,al,val,22,0.840801,0.008253,5
tabpfn,top_k,tabpfn,al,val,23,0.833655,0.010290,5
tabpfn,top_k,tabpfn,al,val,24,0.826547,0.008358,5
tabpfn,top_k,tabpfn,al,val,25,0.824889,0.008167,5
tabpfn,top_k,tabpfn,al,val,26,0.824361,0.006835,5
tabpfn,top_k,tabpfn,al,val,27,0.818880,0.006802,5
tabpfn,top_k,tabpfn,al,val,28,0.816226,0.007412,5
tabpfn,top_k,tabpfn,al,val,29,0.817277,0.008734,5
tabpfn,top_k,tabpfn,al,val,30,0.816559,0.007651,5
tabpfn,top_k,tabpfn,al,val,31,0.812545,0.006957,5
tabpfn,top_k,tabpfn,al,val,32,0.808636,0.007894,5
tabpfn,top_k,tabpfn,al,val,33,0.808478,0.010331,5
tabpfn,top_k,tabpfn,al,val,34,0.805453,0.008955,5
tabpfn,top_k,tabpfn,al,val,35,0.804612,0.009248,5
tabpfn,top_k,tabpfn,al,val,36,0.801263,0.008343,5
tabpfn,top_k,tabpfn,al,val,37,0.796661,0.008962,5
tabpfn,top_k,tabpfn,al,val,38,0.798166,0.009916,5
tabpfn,top_k,tabpfn,al,val,39,0.794240,0.010454,5
tabpfn,top_k,tabpfn,al,val,40,0.793087,0.008952,5
tabpfn,top_k,tabpfn,baseline,static_random,1,0.960062,0.000497,5
tabpfn,top_k,tabpfn,baseline,static_random,2,0.962006,0.000522,5
tabpfn,top_k,tabpfn,baseline,static_random,3,0.963386,0.000765,5
tabpfn,top_k,tabpfn,baseline,static_random,4,0.964814,0.000695,5
tabpfn,top_k,tabpfn,baseline,static_random,5,0.966024,0.000487,5
tabpfn,top_k,tabpfn,baseline,static_random,6,0.966930,0.000609,5
tabpfn,top_k,tabpfn,baseline,static_random,7,0.967686,0.000540,5
tabpfn,top_k,tabpfn,baseline,static_random,8,0.968096,0.000601,5
tabpfn,top_k,tabpfn,baseline,static_random,9,0.968404,0.000690,5
tabpfn,top_k,tabpfn,baseline,static_random,10,0.968838,0.000603,5
tabpfn,top_k,tabpfn,baseline,static_random,11,0.969264,0.000711,5
tabpfn,top_k,tabpfn,baseline,static_random,12,0.969716,0.000759,5
tabpfn,top_k,tabpfn,baseline,static_random,13,0.970190,0.000785,5
tabpfn,top_k,tabpfn,baseline,static_random,14,0.970396,0.000824,5
tabpfn,top_k,tabpfn,baseline,static_random,15,0.970646,0.000832,5
tabpfn,top_k,tabpfn,baseline,static_random,16,0.970866,0.000906,5
tabpfn,top_k,tabpfn,baseline,static_random,17,0.971032,0.000875,5
tabpfn,top_k,tabpfn,baseline,static_random,18,0.971116,0.000854,5
tabpfn,top_k,tabpfn,baseline,static_random,19,0.971390,0.000949,5
tabpfn,top_k,tabpfn,baseline,static_random,20,0.971468,0.000990,5
tabpfn,top_k,tabpfn,baseline,static_random,21,0.971694,0.000990,5
tabpfn,top_k,tabpfn,baseline,static_random,22,0.971938,0.001031,5
tabpfn,top_k,tabpfn,baseline,static_random,23,0.972178,0.001032,5
tabpfn,top_k,tabpfn,baseline,static_random,24,0.972402,0.000977,5
tabpfn,top_k,tabpfn,baseline,static_random,25,0.972550,0.001007,5
tabpfn,top_k,tabpfn,baseline,static_random,26,0.972646,0.000993,5
tabpfn,top_k,tabpfn,baseline,static_random,27,0.972754,0.000974,5
tabpfn,top_k,tabpfn,baseline,static_random,28,0.973024,0.000901,5
tabpfn,top_k,tabpfn,baseline,static_random,29,0.973234,0.000902,5
tabpfn,top_k,tabpfn,baseline,static_random,30,0.973386,0.000889,5
tabpfn,top_k,tabpfn,baseline,static_random,31,0.973558,0.000827,5
tabpfn,top_k,tabpfn,baseline,static_random,32,0.973696,0.000862,5
tabpfn,top_k,tabpfn,baseline,static_random,33,0.973710,0.000851,5
tabpfn,top_k,tabpfn,baseline,static_random,34,0.973928,0.000876,5
tabpfn,top_k,tabpfn,baseline,static_random,35,0.974046,0.000837,5
tabpfn,top_k,tabpfn,baseline,static_random,36,0.974190,0.000835,5
tabpfn,top_k,tabpfn,baseline,static_random,37,0.974342,0.000876,5
tabpfn,top_k,tabpfn,baseline,static_random,38,0.974448,0.000886,5
tabpfn,top_k,tabpfn,baseline,static_random,39,0.974376,0.000873,5
tabpfn,top_k,tabpfn,baseline,static_random,40,0.974606,0.000857,5
tabpfn,top_k,tabpfn,baseline,mcmc,1,0.585836,0.005726,5
tabpfn,top_k,tabpfn,baseline,mcmc,2,0.587067,0.003249,5
tabpfn,top_k,tabpfn,baseline,mcmc,3,0.587780,0.001833,5
tabpfn,top_k,tabpfn,baseline,mcmc,4,0.590349,0.000778,5
tabpfn,top_k,tabpfn,baseline,mcmc,5,0.594604,0.001856,5
tabpfn,top_k,tabpfn,baseline,mcmc,6,0.599412,0.002814,5
tabpfn,top_k,tabpfn,baseline,mcmc,7,0.601806,0.004269,5
tabpfn,top_k,tabpfn,baseline,mcmc,8,0.604548,0.002671,5
tabpfn,top_k,tabpfn,baseline,mcmc,9,0.604245,0.002505,5
tabpfn,top_k,tabpfn,baseline,mcmc,10,0.604716,0.004236,5
tabpfn,top_k,tabpfn,baseline,mcmc,11,0.605122,0.004375,5
tabpfn,top_k,tabpfn,baseline,mcmc,12,0.609582,0.005485,5
tabpfn,top_k,tabpfn,baseline,mcmc,13,0.612688,0.006077,5
tabpfn,top_k,tabpfn,baseline,mcmc,14,0.615443,0.005907,5
tabpfn,top_k,tabpfn,baseline,mcmc,15,0.617748,0.005423,5
tabpfn,top_k,tabpfn,baseline,mcmc,16,0.618915,0.004591,5
tabpfn,top_k,tabpfn,baseline,mcmc,17,0.619479,0.005108,5
tabpfn,top_k,tabpfn,baseline,mcmc,18,0.619684,0.003814,5
tabpfn,top_k,tabpfn,baseline,mcmc,19,0.620702,0.004397,5
tabpfn,top_k,tabpfn,baseline,mcmc,20,0.622081,0.005140,5
tabpfn,top_k,tabpfn,baseline,mcmc,21,0.622766,0.005133,5
tabpfn,top_k,tabpfn,baseline,mcmc,22,0.622364,0.004999,5
tabpfn,top_k,tabpfn,baseline,mcmc,23,0.624433,0.005564,5
tabpfn,top_k,tabpfn,baseline,mcmc,24,0.624789,0.005886,5
tabpfn,top_k,tabpfn,baseline,mcmc,25,0.624875,0.005750,5
tabpfn,top_k,tabpfn,baseline,mcmc,26,0.625303,0.005995,5
tabpfn,top_k,tabpfn,baseline,mcmc,27,0.626330,0.005865,5
tabpfn,top_k,tabpfn,baseline,mcmc,28,0.627284,0.006177,5
tabpfn,top_k,tabpfn,baseline,mcmc,29,0.628416,0.006315,5
tabpfn,top_k,tabpfn,baseline,mcmc,30,0.629179,0.005849,5
tabpfn,top_k,tabpfn,baseline,mcmc,31,0.631194,0.005213,5
tabpfn,top_k,tabpfn,baseline,mcmc,32,0.631922,0.004499,5
tabpfn,top_k,tabpfn,baseline,mcmc,33,0.632592,0.004986,5
tabpfn,top_k,tabpfn,baseline,mcmc,34,0.633136,0.004888,5
tabpfn,top_k,tabpfn,baseline,mcmc,35,0.633094,0.004476,5
tabpfn,top_k,tabpfn,baseline,mcmc,36,0.634122,0.004401,5
tabpfn,top_k,tabpfn,baseline,mcmc,37,0.635037,0.004604,5
tabpfn,top_k,tabpfn,baseline,mcmc,38,0.636441,0.004444,5
tabpfn,top_k,tabpfn,baseline,mcmc,39,0.636004,0.004560,5
tabpfn,top_k,tabpfn,baseline,mcmc,40,0.636211,0.004515,5
tabpfn,top_k,tabpfn,baseline,train,1,0.982750,0.001406,5
tabpfn,top_k,tabpfn,baseline,train,2,0.983808,0.001302,5
tabpfn,top_k,tabpfn,baseline,train,3,0.985330,0.001245,5
tabpfn,top_k,tabpfn,baseline,train,4,0.985978,0.001743,5
tabpfn,top_k,tabpfn,baseline,train,5,0.985450,0.001746,5
tabpfn,top_k,tabpfn,baseline,train,6,0.985310,0.001116,5
tabpfn,top_k,tabpfn,baseline,train,7,0.985725,0.000936,5
tabpfn,top_k,tabpfn,baseline,train,8,0.986190,0.000922,5
tabpfn,top_k,tabpfn,baseline,train,9,0.986065,0.000939,5
tabpfn,top_k,tabpfn,baseline,train,10,0.985968,0.000867,5
tabpfn,top_k,tabpfn,baseline,train,11,0.985690,0.001043,5
tabpfn,top_k,tabpfn,baseline,train,12,0.985578,0.001134,5
tabpfn,top_k,tabpfn,baseline,train,13,0.986605,0.001131,5
tabpfn,top_k,tabpfn,baseline,train,14,0.986908,0.000890,5
tabpfn,top_k,tabpfn,baseline,train,15,0.987394,0.000827,5
tabpfn,top_k,tabpfn,baseline,train,16,0.987267,0.000603,5
tabpfn,top_k,tabpfn,baseline,train,17,0.987631,0.000584,5
tabpfn,top_k,tabpfn,baseline,train,18,0.987666,0.000556,5
tabpfn,top_k,tabpfn,baseline,train,19,0.987405,0.000754,5
tabpfn,top_k,tabpfn,baseline,train,20,0.987441,0.000902,5
tabpfn,top_k,tabpfn,baseline,train,21,0.987580,0.000772,5
tabpfn,top_k,tabpfn,baseline,train,22,0.987744,0.000687,5
tabpfn,top_k,tabpfn,baseline,train,23,0.987857,0.000738,5
tabpfn,top_k,tabpfn,baseline,train,24,0.988164,0.000658,5
tabpfn,top_k,tabpfn,baseline,train,25,0.988326,0.000659,5
tabpfn,top_k,tabpfn,baseline,train,26,0.988475,0.000740,5
tabpfn,top_k,tabpfn,baseline,train,27,0.988465,0.000565,5
tabpfn,top_k,tabpfn,baseline,train,28,0.988258,0.000541,5
tabpfn,top_k,tabpfn,baseline,train,29,0.988513,0.000636,5
tabpfn,top_k,tabpfn,baseline,train,30,0.988429,0.000679,5
tabpfn,top_k,tabpfn,baseline,train,31,0.988296,0.000550,5
tabpfn,top_k,tabpfn,baseline,train,32,0.988407,0.000715,5
tabpfn,top_k,tabpfn,baseline,train,33,0.988015,0.000584,5
tabpfn,top_k,tabpfn,baseline,train,34,0.987952,0.000625,5
tabpfn,top_k,tabpfn,baseline,train,35,0.988184,0.000721,5
tabpfn,top_k,tabpfn,baseline,train,36,0.987987,0.000566,5
tabpfn,top_k,tabpfn,baseline,train,37,0.988127,0.000562,5
tabpfn,top_k,tabpfn,baseline,train,38,0.988027,0.000480,5
tabpfn,top_k,tabpfn,baseline,train,39,0.987901,0.000514,5
tabpfn,top_k,tabpfn,baseline,train,40,0.987620,0.000539,5
tabpfn,top_k,tabpfn,baseline,val,1,0.950000,0.002850,5
tabpfn,top_k,tabpfn,baseline,val,2,0.954780,0.003379,5
tabpfn,top_k,tabpfn,baseline,val,3,0.957231,0.003055,5
tabpfn,top_k,tabpfn,baseline,val,4,0.959094,0.002975,5
tabpfn,top_k,tabpfn,baseline,val,5,0.963512,0.002681,5
tabpfn,top_k,tabpfn,baseline,val,6,0.965304,0.001525,5
tabpfn,top_k,tabpfn,baseline,val,7,0.965692,0.002664,5
tabpfn,top_k,tabpfn,baseline,val,8,0.966534,0.003078,5
tabpfn,top_k,tabpfn,baseline,val,9,0.965376,0.002362,5
tabpfn,top_k,tabpfn,baseline,val,10,0.967018,0.001881,5
tabpfn,top_k,tabpfn,baseline,val,11,0.967376,0.001763,5
tabpfn,top_k,tabpfn,baseline,val,12,0.967287,0.002181,5
tabpfn,top_k,tabpfn,baseline,val,13,0.968033,0.002806,5
tabpfn,top_k,tabpfn,baseline,val,14,0.969126,0.002441,5
tabpfn,top_k,tabpfn,baseline,val,15,0.968453,0.002586,5
tabpfn,top_k,tabpfn,baseline,val,16,0.969462,0.002669,5
tabpfn,top_k,tabpfn,baseline,val,17,0.969800,0.002755,5
tabpfn,top_k,tabpfn,baseline,val,18,0.970034,0.003250,5
tabpfn,top_k,tabpfn,baseline,val,19,0.969780,0.003347,5
tabpfn,top_k,tabpfn,baseline,val,20,0.970001,0.002836,5
tabpfn,top_k,tabpfn,baseline,val,21,0.969996,0.002337,5
tabpfn,top_k,tabpfn,baseline,val,22,0.970163,0.002467,5
tabpfn,top_k,tabpfn,baseline,val,23,0.970023,0.002403,5
tabpfn,top_k,tabpfn,baseline,val,24,0.970899,0.002037,5
tabpfn,top_k,tabpfn,baseline,val,25,0.971026,0.002207,5
tabpfn,top_k,tabpfn,baseline,val,26,0.970537,0.002002,5
tabpfn,top_k,tabpfn,baseline,val,27,0.971131,0.002140,5
tabpfn,top_k,tabpfn,baseline,val,28,0.972259,0.001754,5
tabpfn,top_k,tabpfn,baseline,val,29,0.972026,0.001852,5
tabpfn,top_k,tabpfn,baseline,val,30,0.971870,0.001870,5
tabpfn,top_k,tabpfn,baseline,val,31,0.971497,0.001882,5
tabpfn,top_k,tabpfn,baseline,val,32,0.971809,0.001932,5
tabpfn,top_k,tabpfn,baseline,val,33,0.972392,0.001645,5
tabpfn,top_k,tabpfn,baseline,val,34,0.972273,0.001489,5
tabpfn,top_k,tabpfn,baseline,val,35,0.972321,0.001681,5
tabpfn,top_k,tabpfn,baseline,val,36,0.973492,0.001638,5
tabpfn,top_k,tabpfn,baseline,val,37,0.972817,0.001736,5
tabpfn,top_k,tabpfn,baseline,val,38,0.973424,0.001848,5
tabpfn,top_k,tabpfn,baseline,val,39,0.973100,0.001631,5
tabpfn,top_k,tabpfn,baseline,val,40,0.973356,0.001845,5
transformer,entropy_batch,cold,al,static_random,1,0.957740,0.001399,5
transformer,entropy_batch,cold,al,static_random,2,0.960190,0.000917,5
transformer,entropy_batch,cold,al,static_random,3,0.962850,0.001968,5
transformer,entropy_batch,cold,al,static_random,4,0.964804,0.001249,5
transformer,entropy_batch,cold,al,static_random,5,0.966928,0.001005,5
transformer,entropy_batch,cold,al,static_random,6,0.969342,0.001171,5
transformer,entropy_batch,cold,al,static_random,7,0.969510,0.000745,5
transformer,entropy_batch,cold,al,static_random,8,0.971372,0.000916,5
transformer,entropy_batch,cold,al,static_random,9,0.971304,0.001044,5
transformer,entropy_batch,cold,al,static_random,10,0.972864,0.001275,5
transformer,entropy_batch,cold,al,static_random,11,0.973524,0.000931,5
transformer,entropy_batch,cold,al,static_random,12,0.976084,0.000506,5
transformer,entropy_batch,cold,al,static_random,13,0.975798,0.000838,5
transformer,entropy_batch,cold,al,static_random,14,0.979384,0.000933,5
transformer,entropy_batch,cold,al,static_random,15,0.976630,0.001030,5
transformer,entropy_batch,cold,al,static_random,16,0.979428,0.000735,5
transformer,entropy_batch,cold,al,static_random,17,0.980272,0.001070,5
transformer,entropy_batch,cold,al,static_random,18,0.978074,0.000360,5
transformer,entropy_batch,cold,al,static_random,19,0.977870,0.001144,5
transformer,entropy_batch,cold,al,static_random,20,0.979398,0.000911,5
transformer,entropy_batch,cold,al,static_random,21,0.980674,0.001180,5
transformer,entropy_batch,cold,al,static_random,22,0.982302,0.001038,5
transformer,entropy_batch,cold,al,static_random,23,0.982790,0.000606,5
transformer,entropy_batch,cold,al,static_random,24,0.979604,0.001555,5
transformer,entropy_batch,cold,al,static_random,25,0.980022,0.001592,5
transformer,entropy_batch,cold,al,static_random,26,0.979242,0.001975,5
transformer,entropy_batch,cold,al,static_random,27,0.979332,0.002287,5
transformer,entropy_batch,cold,al,static_random,28,0.982968,0.000420,5
transformer,entropy_batch,cold,al,static_random,29,0.983038,0.000836,5
transformer,entropy_batch,cold,al,static_random,30,0.982600,0.001116,5
transformer,entropy_batch,cold,al,static_random,31,0.981052,0.001792,5
transformer,entropy_batch,cold,al,static_random,32,0.982294,0.001031,5
transformer,entropy_batch,cold,al,static_random,33,0.979590,0.001931,5
transformer,entropy_batch,cold,al,static_random,34,0.982828,0.000572,5
transformer,entropy_batch,cold,al,static_random,35,0.980738,0.001282,5
transformer,entropy_batch,cold,al,static_random,36,0.980058,0.001792,5
transformer,entropy_batch,cold,al,static_random,37,0.981370,0.001346,5
transformer,entropy_batch,cold,al,static_random,38,0.980538,0.001781,5
transformer,entropy_batch,cold,al,static_random,39,0.982262,0.001721,5
transformer,entropy_batch,cold,al,static_random,40,0.984506,0.001189,5
transformer,entropy_batch,cold,al,static_random,41,0.980636,0.000868,5
transformer,entropy_batch,cold,al,static_random,42,0.981226,0.001349,5
transformer,entropy_batch,cold,al,static_random,43,0.982780,0.001488,5
transformer,entropy_batch,cold,al,static_random,44,0.984208,0.001550,5
transformer,entropy_batch,cold,al,static_random,45,0.983032,0.001571,5
transformer,entropy_batch,cold,al,static_random,46,0.984532,0.001079,5
transformer,entropy_batch,cold,al,static_random,47,0.984028,0.001252,5
transformer,entropy_batch,cold,al,static_random,48,0.983268,0.001407,5
transformer,entropy_batch,cold,al,static_random,49,0.985018,0.001086,5
transformer,entropy_batch,cold,al,static_random,50,0.983648,0.001379,5
transformer,entropy_batch,cold,al,static_random,51,0.985180,0.000417,5
transformer,entropy_batch,cold,al,static_random,52,0.985246,0.001224,5
transformer,entropy_batch,cold,al,static_random,53,0.985274,0.000577,5
transformer,entropy_batch,cold,al,static_random,54,0.983312,0.001710,5
transformer,entropy_batch,cold,al,static_random,55,0.986128,0.000359,5
transformer,entropy_batch,cold,al,static_random,56,0.983448,0.000668,5
transformer,entropy_batch,cold,al,static_random,57,0.984488,0.000930,5
transformer,entropy_batch,cold,al,static_random,58,0.984870,0.000427,5
transformer,entropy_batch,cold,al,static_random,59,0.986086,0.000887,5
transformer,entropy_batch,cold,al,static_random,60,0.983886,0.001308,5
transformer,entropy_batch,cold,al,static_random,61,0.982996,0.000668,5
transformer,entropy_batch,cold,al,static_random,62,0.983976,0.001448,5
transformer,entropy_batch,cold,al,static_random,63,0.985282,0.000889,5
transformer,entropy_batch,cold,al,static_random,64,0.985452,0.000777,5
transformer,entropy_batch,cold,al,static_random,65,0.985650,0.000793,5
transformer,entropy_batch,cold,al,static_random,66,0.985168,0.001495,5
transformer,entropy_batch,cold,al,static_random,67,0.984252,0.001312,5
transformer,entropy_batch,cold,al,static_random,68,0.985492,0.001333,5
transformer,entropy_batch,cold,al,static_random,69,0.986474,0.000470,5
transformer,entropy_batch,cold,al,static_random,70,0.986970,0.000790,5
transformer,entropy_batch,cold,al,static_random,71,0.986930,0.000414,5
transformer,entropy_batch,cold,al,static_random,72,0.983792,0.001155,5
transformer,entropy_batch,cold,al,static_random,73,0.985936,0.000795,5
transformer,entropy_batch,cold,al,static_random,74,0.984878,0.001635,5
transformer,entropy_batch,cold,al,static_random,75,0.986280,0.000486,5
transformer,entropy_batch,cold,al,static_random,76,0.987186,0.000656,5
transformer,entropy_batch,cold,al,static_random,77,0.986908,0.000372,5
transformer,entropy_batch,cold,al,static_random,78,0.987224,0.000666,5
transformer,entropy_batch,cold,al,static_random,79,0.985714,0.001073,5
transformer,entropy_batch,cold,al,static_random,80,0.987250,0.000453,5
transformer,entropy_batch,cold,al,static_random,81,0.984730,0.001107,5
transformer,entropy_batch,cold,al,static_random,82,0.986652,0.000654,5
transformer,entropy_batch,cold,al,static_random,83,0.985630,0.001115,5
transformer,entropy_batch,cold,al,static_random,84,0.985040,0.001115,5
transformer,entropy_batch,cold,al,static_random,85,0.987936,0.000719,5
transformer,entropy_batch,cold,al,static_random,86,0.986458,0.000699,5
transformer,entropy_batch,cold,al,static_random,87,0.987052,0.000674,5
transformer,entropy_batch,cold,al,static_random,88,0.986302,0.001058,5
transformer,entropy_batch,cold,al,static_random,89,0.986504,0.000543,5
transformer,entropy_batch,cold,al,static_random,90,0.986478,0.000673,5
transformer,entropy_batch,cold,al,static_random,91,0.985374,0.001444,5
transformer,entropy_batch,cold,al,static_random,92,0.987714,0.000660,5
transformer,entropy_batch,cold,al,static_random,93,0.984910,0.001410,5
transformer,entropy_batch,cold,al,static_random,94,0.985438,0.000756,5
transformer,entropy_batch,cold,al,static_random,95,0.986618,0.000692,5
transformer,entropy_batch,cold,al,static_random,96,0.985608,0.001740,5
transformer,entropy_batch,cold,al,static_random,97,0.986608,0.001716,5
transformer,entropy_batch,cold,al,static_random,98,0.987634,0.000809,5
transformer,entropy_batch,cold,al,static_random,99,0.985542,0.001687,5
transformer,entropy_batch,cold,al,static_random,100,0.987600,0.000646,5
transformer,entropy_batch,cold,al,static_random,101,0.985412,0.001353,5
transformer,entropy_batch,cold,al,static_random,102,0.984402,0.001793,5
transformer,entropy_batch,cold,al,static_random,103,0.985758,0.001941,5
transformer,entropy_batch,cold,al,static_random,104,0.986012,0.001223,4
transformer,entropy_batch,cold,al,static_random,105,0.985243,0.001690,4
transformer,entropy_batch,cold,al,static_random,106,0.986727,0.001984,3
transformer,entropy_batch,cold,al,static_random,107,0.987165,0.000985,2
transformer,entropy_batch,cold,al,static_random,108,0.986990,0.000710,2
transformer,entropy_batch,cold,al,static_random,109,0.979250,0.002640,2
transformer,entropy_batch,cold,al,static_random,110,0.980470,,1
transformer,entropy_batch,cold,al,static_random,111,0.983790,,1
transformer,entropy_batch,cold,al,static_random,112,0.984400,,1
transformer,entropy_batch,cold,al,static_random,113,0.983040,,1
transformer,entropy_batch,cold,al,static_random,114,0.988120,,1
transformer,entropy_batch,cold,al,static_random,115,0.982370,,1
transformer,entropy_batch,cold,al,static_random,116,0.986710,,1
transformer,entropy_batch,cold,al,static_random,117,0.987120,,1
transformer,entropy_batch,cold,al,static_random,118,0.987160,,1
transformer,entropy_batch,cold,al,static_random,119,0.981420,,1
transformer,entropy_batch,cold,al,static_random,120,0.978700,,1
transformer,entropy_batch,cold,al,static_random,121,0.981980,,1
transformer,entropy_batch,cold,al,static_random,122,0.985660,,1
transformer,entropy_batch,cold,al,static_random,123,0.982850,,1
transformer,entropy_batch,cold,al,static_random,124,0.985800,,1
transformer,entropy_batch,cold,al,static_random,125,0.978860,,1
transformer,entropy_batch,cold,al,static_random,126,0.981650,,1
transformer,entropy_batch,cold,al,static_random,127,0.981730,,1
transformer,entropy_batch,cold,al,static_random,128,0.985030,,1
transformer,entropy_batch,cold,al,static_random,129,0.986290,,1
transformer,entropy_batch,cold,al,static_random,130,0.980180,,1
transformer,entropy_batch,cold,al,static_random,131,0.979330,,1
transformer,entropy_batch,cold,al,static_random,132,0.982290,,1
transformer,entropy_batch,cold,al,static_random,133,0.984190,,1
transformer,entropy_batch,cold,al,static_random,134,0.982460,,1
transformer,entropy_batch,cold,al,static_random,135,0.988830,,1
transformer,entropy_batch,cold,al,static_random,136,0.980590,,1
transformer,entropy_batch,cold,al,static_random,137,0.987100,,1
transformer,entropy_batch,cold,al,static_random,138,0.982720,,1
transformer,entropy_batch,cold,al,static_random,139,0.985820,,1
transformer,entropy_batch,cold,al,static_random,140,0.986800,,1
transformer,entropy_batch,cold,al,static_random,141,0.987240,,1
transformer,entropy_batch,cold,al,static_random,142,0.987990,,1
transformer,entropy_batch,cold,al,static_random,143,0.985530,,1
transformer,entropy_batch,cold,al,static_random,144,0.988750,,1
transformer,entropy_batch,cold,al,static_random,145,0.989020,,1
transformer,entropy_batch,cold,al,static_random,146,0.979140,,1
transformer,entropy_batch,cold,al,static_random,147,0.987980,,1
transformer,entropy_batch,cold,al,static_random,148,0.979370,,1
transformer,entropy_batch,cold,al,mcmc,1,0.541030,0.001783,5
transformer,entropy_batch,cold,al,mcmc,2,0.540021,0.001284,5
transformer,entropy_batch,cold,al,mcmc,3,0.542026,0.003142,5
transformer,entropy_batch,cold,al,mcmc,4,0.543087,0.003412,5
transformer,entropy_batch,cold,al,mcmc,5,0.548854,0.002659,5
transformer,entropy_batch,cold,al,mcmc,6,0.552896,0.002808,5
transformer,entropy_batch,cold,al,mcmc,7,0.552190,0.001766,5
transformer,entropy_batch,cold,al,mcmc,8,0.552611,0.002604,5
transformer,entropy_batch,cold,al,mcmc,9,0.557270,0.004694,5
transformer,entropy_batch,cold,al,mcmc,10,0.560755,0.009293,5
transformer,entropy_batch,cold,al,mcmc,11,0.568894,0.006083,5
transformer,entropy_batch,cold,al,mcmc,12,0.572964,0.005158,5
transformer,entropy_batch,cold,al,mcmc,13,0.568095,0.009570,5
transformer,entropy_batch,cold,al,mcmc,14,0.587824,0.009695,5
transformer,entropy_batch,cold,al,mcmc,15,0.574337,0.008998,5
transformer,entropy_batch,cold,al,mcmc,16,0.581080,0.007827,5
transformer,entropy_batch,cold,al,mcmc,17,0.598207,0.010310,5
transformer,entropy_batch,cold,al,mcmc,18,0.573297,0.005019,5
transformer,entropy_batch,cold,al,mcmc,19,0.576897,0.005901,5
transformer,entropy_batch,cold,al,mcmc,20,0.572149,0.005250,5
transformer,entropy_batch,cold,al,mcmc,21,0.590054,0.010147,5
transformer,entropy_batch,cold,al,mcmc,22,0.587360,0.009383,5
transformer,entropy_batch,cold,al,mcmc,23,0.613585,0.008240,5
transformer,entropy_batch,cold,al,mcmc,24,0.576305,0.011150,5
transformer,entropy_batch,cold,al,mcmc,25,0.580687,0.007703,5
transformer,entropy_batch,cold,al,mcmc,26,0.580477,0.010765,5
transformer,entropy_batch,cold,al,mcmc,27,0.587477,0.016961,5
transformer,entropy_batch,cold,al,mcmc,28,0.595648,0.007804,5
transformer,entropy_batch,cold,al,mcmc,29,0.606292,0.008031,5
transformer,entropy_batch,cold,al,mcmc,30,0.590299,0.006247,5
transformer,entropy_batch,cold,al,mcmc,31,0.582946,0.012656,5
transformer,entropy_batch,cold,al,mcmc,32,0.588531,0.008261,5
transformer,entropy_batch,cold,al,mcmc,33,0.584926,0.012042,5
transformer,entropy_batch,cold,al,mcmc,34,0.599807,0.006446,5
transformer,entropy_batch,cold,al,mcmc,35,0.579008,0.007063,5
transformer,entropy_batch,cold,al,mcmc,36,0.581530,0.016805,5
transformer,entropy_batch,cold,al,mcmc,37,0.591403,0.009111,5
transformer,entropy_batch,cold,al,mcmc,38,0.584225,0.015646,5
transformer,entropy_batch,cold,al,mcmc,39,0.591857,0.015360,5
transformer,entropy_batch,cold,al,mcmc,40,0.603241,0.014125,5
transformer,entropy_batch,cold,al,mcmc,41,0.574596,0.004938,5
transformer,entropy_batch,cold,al,mcmc,42,0.587879,0.007659,5
transformer,entropy_batch,cold,al,mcmc,43,0.595658,0.010092,5
transformer,entropy_batch,cold,al,mcmc,44,0.612266,0.013153,5
transformer,entropy_batch,cold,al,mcmc,45,0.596781,0.008347,5
transformer,entropy_batch,cold,al,mcmc,46,0.611790,0.015434,5
transformer,entropy_batch,cold,al,mcmc,47,0.605646,0.011712,5
transformer,entropy_batch,cold,al,mcmc,48,0.595573,0.009468,5
transformer,entropy_batch,cold,al,mcmc,49,0.618491,0.011797,5
transformer,entropy_batch,cold,al,mcmc,50,0.599137,0.010578,5
transformer,entropy_batch,cold,al,mcmc,51,0.614374,0.005943,5
transformer,entropy_batch,cold,al,mcmc,52,0.605809,0.012845,5
transformer,entropy_batch,cold,al,mcmc,53,0.613134,0.006828,5
transformer,entropy_batch,cold,al,mcmc,54,0.599262,0.010679,5
transformer,entropy_batch,cold,al,mcmc,55,0.615729,0.009369,5
transformer,entropy_batch,cold,al,mcmc,56,0.585602,0.008094,5
transformer,entropy_batch,cold,al,mcmc,57,0.604450,0.007458,5
transformer,entropy_batch,cold,al,mcmc,58,0.613357,0.001799,5
transformer,entropy_batch,cold,al,mcmc,59,0.629848,0.003428,5
transformer,entropy_batch,cold,al,mcmc,60,0.606668,0.011990,5
transformer,entropy_batch,cold,al,mcmc,61,0.589104,0.008766,5
transformer,entropy_batch,cold,al,mcmc,62,0.606521,0.014021,5
transformer,entropy_batch,cold,al,mcmc,63,0.619312,0.009630,5
transformer,entropy_batch,cold,al,mcmc,64,0.618356,0.010727,5
transformer,entropy_batch,cold,al,mcmc,65,0.614829,0.006802,5
transformer,entropy_batch,cold,al,mcmc,66,0.614063,0.009009,5
transformer,entropy_batch,cold,al,mcmc,67,0.601627,0.008016,5
transformer,entropy_batch,cold,al,mcmc,68,0.613840,0.014368,5
transformer,entropy_batch,cold,al,mcmc,69,0.621986,0.006995,5
transformer,entropy_batch,cold,al,mcmc,70,0.626655,0.008338,5
transformer,entropy_batch,cold,al,mcmc,71,0.627650,0.008481,5
transformer,entropy_batch,cold,al,mcmc,72,0.596050,0.012598,5
transformer,entropy_batch,cold,al,mcmc,73,0.629818,0.011247,5
transformer,entropy_batch,cold,al,mcmc,74,0.607068,0.015350,5
transformer,entropy_batch,cold,al,mcmc,75,0.620448,0.005776,5
transformer,entropy_batch,cold,al,mcmc,76,0.627333,0.009901,5
transformer,entropy_batch,cold,al,mcmc,77,0.631926,0.002247,5
transformer,entropy_batch,cold,al,mcmc,78,0.628963,0.006061,5
transformer,entropy_batch,cold,al,mcmc,79,0.617631,0.013110,5
transformer,entropy_batch,cold,al,mcmc,80,0.635345,0.004479,5
transformer,entropy_batch,cold,al,mcmc,81,0.608622,0.011836,5
transformer,entropy_batch,cold,al,mcmc,82,0.625553,0.006802,5
transformer,entropy_batch,cold,al,mcmc,83,0.621427,0.016672,5
transformer,entropy_batch,cold,al,mcmc,84,0.607036,0.011322,5
transformer,entropy_batch,cold,al,mcmc,85,0.640793,0.012060,5
transformer,entropy_batch,cold,al,mcmc,86,0.617750,0.013353,5
transformer,entropy_batch,cold,al,mcmc,87,0.616648,0.008057,5
transformer,entropy_batch,cold,al,mcmc,88,0.623716,0.013481,5
transformer,entropy_batch,cold,al,mcmc,89,0.618941,0.016133,5
transformer,entropy_batch,cold,al,mcmc,90,0.623257,0.009762,5
transformer,entropy_batch,cold,al,mcmc,91,0.613595,0.008474,5
transformer,entropy_batch,cold,al,mcmc,92,0.634567,0.014107,5
transformer,entropy_batch,cold,al,mcmc,93,0.604491,0.013709,5
transformer,entropy_batch,cold,al,mcmc,94,0.599307,0.012352,5
transformer,entropy_batch,cold,al,mcmc,95,0.628388,0.008653,5
transformer,entropy_batch,cold,al,mcmc,96,0.617560,0.019331,5
transformer,entropy_batch,cold,al,mcmc,97,0.627187,0.018491,5
transformer,entropy_batch,cold,al,mcmc,98,0.641253,0.015158,5
transformer,entropy_batch,cold,al,mcmc,99,0.609799,0.010735,5
transformer,entropy_batch,cold,al,mcmc,100,0.626725,0.003322,5
transformer,entropy_batch,cold,al,mcmc,101,0.597335,0.013945,5
transformer,entropy_batch,cold,al,mcmc,102,0.612996,0.016252,5
transformer,entropy_batch,cold,al,mcmc,103,0.613940,0.014343,5
transformer,entropy_batch,cold,al,mcmc,104,0.621163,0.015784,4
transformer,entropy_batch,cold,al,mcmc,105,0.607845,0.013303,4
transformer,entropy_batch,cold,al,mcmc,106,0.625614,0.019513,3
transformer,entropy_batch,cold,al,mcmc,107,0.610173,0.019639,2
transformer,entropy_batch,cold,al,mcmc,108,0.606410,0.000840,2
transformer,entropy_batch,cold,al,mcmc,109,0.567596,0.002918,2
transformer,entropy_batch,cold,al,mcmc,110,0.577832,,1
transformer,entropy_batch,cold,al,mcmc,111,0.580620,,1
transformer,entropy_batch,cold,al,mcmc,112,0.596980,,1
transformer,entropy_batch,cold,al,mcmc,113,0.613744,,1
transformer,entropy_batch,cold,al,mcmc,114,0.653364,,1
transformer,entropy_batch,cold,al,mcmc,115,0.583834,,1
transformer,entropy_batch,cold,al,mcmc,116,0.616952,,1
transformer,entropy_batch,cold,al,mcmc,117,0.628270,,1
transformer,entropy_batch,cold,al,mcmc,118,0.625154,,1
transformer,entropy_batch,cold,al,mcmc,119,0.564024,,1
transformer,entropy_batch,cold,al,mcmc,120,0.562412,,1
transformer,entropy_batch,cold,al,mcmc,121,0.570328,,1
transformer,entropy_batch,cold,al,mcmc,122,0.580586,,1
transformer,entropy_batch,cold,al,mcmc,123,0.557312,,1
transformer,entropy_batch,cold,al,mcmc,124,0.623586,,1
transformer,entropy_batch,cold,al,mcmc,125,0.565206,,1
transformer,entropy_batch,cold,al,mcmc,126,0.580034,,1
transformer,entropy_batch,cold,al,mcmc,127,0.572320,,1
transformer,entropy_batch,cold,al,mcmc,128,0.592902,,1
transformer,entropy_batch,cold,al,mcmc,129,0.615080,,1
transformer,entropy_batch,cold,al,mcmc,130,0.568578,,1
transformer,entropy_batch,cold,al,mcmc,131,0.560730,,1
transformer,entropy_batch,cold,al,mcmc,132,0.579698,,1
transformer,entropy_batch,cold,al,mcmc,133,0.614124,,1
transformer,entropy_batch,cold,al,mcmc,134,0.570732,,1
transformer,entropy_batch,cold,al,mcmc,135,0.635358,,1
transformer,entropy_batch,cold,al,mcmc,136,0.571326,,1
transformer,entropy_batch,cold,al,mcmc,137,0.636270,,1
transformer,entropy_batch,cold,al,mcmc,138,0.571902,,1
transformer,entropy_batch,cold,al,mcmc,139,0.598566,,1
transformer,entropy_batch,cold,al,mcmc,140,0.655836,,1
transformer,entropy_batch,cold,al,mcmc,141,0.644256,,1
transformer,entropy_batch,cold,al,mcmc,142,0.638362,,1
transformer,entropy_batch,cold,al,mcmc,143,0.576740,,1
transformer,entropy_batch,cold,al,mcmc,144,0.655254,,1
transformer,entropy_batch,cold,al,mcmc,145,0.635662,,1
transformer,entropy_batch,cold,al,mcmc,146,0.567604,,1
transformer,entropy_batch,cold,al,mcmc,147,0.639810,,1
transformer,entropy_batch,cold,al,mcmc,148,0.580368,,1
transformer,entropy_batch,cold,al,train,1,0.970375,0.005239,5
transformer,entropy_batch,cold,al,train,2,0.943149,0.005572,5
transformer,entropy_batch,cold,al,train,3,0.939589,0.008939,5
transformer,entropy_batch,cold,al,train,4,0.914668,0.002033,5
transformer,entropy_batch,cold,al,train,5,0.924785,0.011097,5
transformer,entropy_batch,cold,al,train,6,0.918542,0.017010,5
transformer,entropy_batch,cold,al,train,7,0.910261,0.010678,5
transformer,entropy_batch,cold,al,train,8,0.899594,0.009171,5
transformer,entropy_batch,cold,al,train,9,0.925666,0.017043,5
transformer,entropy_batch,cold,al,train,10,0.909926,0.010903,5
transformer,entropy_batch,cold,al,train,11,0.919613,0.015950,5
transformer,entropy_batch,cold,al,train,12,0.908466,0.013536,5
transformer,entropy_batch,cold,al,train,13,0.897404,0.011637,5
transformer,entropy_batch,cold,al,train,14,0.918128,0.006088,5
transformer,entropy_batch,cold,al,train,15,0.902609,0.015546,5
transformer,entropy_batch,cold,al,train,16,0.911365,0.008450,5
transformer,entropy_batch,cold,al,train,17,0.903396,0.012514,5
transformer,entropy_batch,cold,al,train,18,0.867225,0.011583,5
transformer,entropy_batch,cold,al,train,19,0.871010,0.012887,5
transformer,entropy_batch,cold,al,train,20,0.872630,0.015215,5
transformer,entropy_batch,cold,al,train,21,0.908970,0.017099,5
transformer,entropy_batch,cold,al,train,22,0.896457,0.015284,5
transformer,entropy_batch,cold,al,train,23,0.924344,0.017228,5
transformer,entropy_batch,cold,al,train,24,0.855931,0.012443,5
transformer,entropy_batch,cold,al,train,25,0.883171,0.020716,5
transformer,entropy_batch,cold,al,train,26,0.868194,0.014532,5
transformer,entropy_batch,cold,al,train,27,0.871486,0.029206,5
transformer,entropy_batch,cold,al,train,28,0.913267,0.008401,5
transformer,entropy_batch,cold,al,train,29,0.893565,0.014176,5
transformer,entropy_batch,cold,al,train,30,0.888183,0.014076,5
transformer,entropy_batch,cold,al,train,31,0.869602,0.022961,5
transformer,entropy_batch,cold,al,train,32,0.875436,0.015557,5
transformer,entropy_batch,cold,al,train,33,0.850779,0.023559,5
transformer,entropy_batch,cold,al,train,34,0.865584,0.010817,5
transformer,entropy_batch,cold,al,train,35,0.855229,0.007657,5
transformer,entropy_batch,cold,al,train,36,0.846241,0.022371,5
transformer,entropy_batch,cold,al,train,37,0.861531,0.018215,5
transformer,entropy_batch,cold,al,train,38,0.848499,0.016306,5
transformer,entropy_batch,cold,al,train,39,0.881217,0.022163,5
transformer,entropy_batch,cold,al,train,40,0.892087,0.016284,5
transformer,entropy_batch,cold,al,train,41,0.847386,0.008861,5
transformer,entropy_batch,cold,al,train,42,0.849959,0.019776,5
transformer,entropy_batch,cold,al,train,43,0.859921,0.021227,5
transformer,entropy_batch,cold,al,train,44,0.886519,0.022020,5
transformer,entropy_batch,cold,al,train,45,0.876430,0.022105,5
transformer,entropy_batch,cold,al,train,46,0.889820,0.022778,5
transformer,entropy_batch,cold,al,train,47,0.883132,0.022808,5
transformer,entropy_batch,cold,al,train,48,0.873075,0.023191,5
transformer,entropy_batch,cold,al,train,49,0.895797,0.024070,5
transformer,entropy_batch,cold,al,train,50,0.865258,0.029561,5
transformer,entropy_batch,cold,al,train,51,0.886936,0.013301,5
transformer,entropy_batch,cold,al,train,52,0.884155,0.021778,5
transformer,entropy_batch,cold,al,train,53,0.901096,0.012503,5
transformer,entropy_batch,cold,al,train,54,0.871470,0.025443,5
transformer,entropy_batch,cold,al,train,55,0.893404,0.013726,5
transformer,entropy_batch,cold,al,train,56,0.862347,0.022545,5
transformer,entropy_batch,cold,al,train,57,0.861341,0.024133,5
transformer,entropy_batch,cold,al,train,58,0.889146,0.026035,5
transformer,entropy_batch,cold,al,train,59,0.908608,0.013456,5
transformer,entropy_batch,cold,al,train,60,0.858341,0.026019,5
transformer,entropy_batch,cold,al,train,61,0.861413,0.023057,5
transformer,entropy_batch,cold,al,train,62,0.862337,0.028140,5
transformer,entropy_batch,cold,al,train,63,0.878304,0.024963,5
transformer,entropy_batch,cold,al,train,64,0.871905,0.022541,5
transformer,entropy_batch,cold,al,train,65,0.870835,0.026787,5
transformer,entropy_batch,cold,al,train,66,0.878219,0.024021,5
transformer,entropy_batch,cold,al,train,67,0.871863,0.023635,5
transformer,entropy_batch,cold,al,train,68,0.882660,0.024810,5
transformer,entropy_batch,cold,al,train,69,0.890244,0.019186,5
transformer,entropy_batch,cold,al,train,70,0.892331,0.020898,5
transformer,entropy_batch,cold,al,train,71,0.887268,0.017899,5
transformer,entropy_batch,cold,al,train,72,0.862144,0.026542,5
transformer,entropy_batch,cold,al,train,73,0.873850,0.021966,5
transformer,entropy_batch,cold,al,train,74,0.879954,0.024326,5
transformer,entropy_batch,cold,al,train,75,0.875859,0.022286,5
transformer,entropy_batch,cold,al,train,76,0.882364,0.017733,5
transformer,entropy_batch,cold,al,train,77,0.876550,0.019155,5
transformer,entropy_batch,cold,al,train,78,0.881526,0.020758,5
transformer,entropy_batch,cold,al,train,79,0.875796,0.025923,5
transformer,entropy_batch,cold,al,train,80,0.883329,0.022232,5
transformer,entropy_batch,cold,al,train,81,0.859871,0.024387,5
transformer,entropy_batch,cold,al,train,82,0.891742,0.018693,5
transformer,entropy_batch,cold,al,train,83,0.866912,0.025823,5
transformer,entropy_batch,cold,al,train,84,0.868889,0.023947,5
transformer,entropy_batch,cold,al,train,85,0.896136,0.015103,5
transformer,entropy_batch,cold,al,train,86,0.875035,0.019652,5
transformer,entropy_batch,cold,al,train,87,0.874681,0.017057,5
transformer,entropy_batch,cold,al,train,88,0.872292,0.020791,5
transformer,entropy_batch,cold,al,train,89,0.885421,0.016306,5
transformer,entropy_batch,cold,al,train,90,0.865377,0.019655,5
transformer,entropy_batch,cold,al,train,91,0.859688,0.024141,5
transformer,entropy_batch,cold,al,train,92,0.882883,0.019274,5
transformer,entropy_batch,cold,al,train,93,0.860178,0.027138,5
transformer,entropy_batch,cold,al,train,94,0.868060,0.020695,5
transformer,entropy_batch,cold,al,train,95,0.867440,0.018904,5
transformer,entropy_batch,cold,al,train,96,0.870462,0.022875,5
transformer,entropy_batch,cold,al,train,97,0.865998,0.024190,5
transformer,entropy_batch,cold,al,train,98,0.868483,0.005142,5
transformer,entropy_batch,cold,al,train,99,0.856846,0.007110,5
transformer,entropy_batch,cold,al,train,100,0.857560,0.012136,5
transformer,entropy_batch,cold,al,train,101,0.847154,0.007680,5
transformer,entropy_batch,cold,al,train,102,0.840054,0.008342,5
transformer,entropy_batch,cold,al,train,103,0.852105,0.010517,5
transformer,entropy_batch,cold,al,train,104,0.850782,0.009509,4
transformer,entropy_batch,cold,al,train,105,0.839067,0.008192,4
transformer,entropy_batch,cold,al,train,106,0.845313,0.012675,3
transformer,entropy_batch,cold,al,train,107,0.872038,0.031534,2
transformer,entropy_batch,cold,al,train,108,0.855114,0.006482,2
transformer,entropy_batch,cold,al,train,109,0.786944,0.016362,2
transformer,entropy_batch,cold,al,train,110,0.826669,,1
transformer,entropy_batch,cold,al,train,111,0.837935,,1
transformer,entropy_batch,cold,al,train,112,0.862047,,1
transformer,entropy_batch,cold,al,train,113,0.830549,,1
transformer,entropy_batch,cold,al,train,114,0.876787,,1
transformer,entropy_batch,cold,al,train,115,0.845647,,1
transformer,entropy_batch,cold,al,train,116,0.870080,,1
transformer,entropy_batch,cold,al,train,117,0.875832,,1
transformer,entropy_batch,cold,al,train,118,0.860372,,1
transformer,entropy_batch,cold,al,train,119,0.830069,,1
transformer,entropy_batch,cold,al,train,120,0.792383,,1
transformer,entropy_batch,cold,al,train,121,0.827902,,1
transformer,entropy_batch,cold,al,train,122,0.842794,,1
transformer,entropy_batch,cold,al,train,123,0.854097,,1
transformer,entropy_batch,cold,al,train,124,0.837980,,1
transformer,entropy_batch,cold,al,train,125,0.824487,,1
transformer,entropy_batch,cold,al,train,126,0.817363,,1
transformer,entropy_batch,cold,al,train,127,0.814382,,1
transformer,entropy_batch,cold,al,train,128,0.847233,,1
transformer,entropy_batch,cold,al,train,129,0.819159,,1
transformer,entropy_batch,cold,al,train,130,0.828360,,1
transformer,entropy_batch,cold,al,train,131,0.795639,,1
transformer,entropy_batch,cold,al,train,132,0.820873,,1
transformer,entropy_batch,cold,al,train,133,0.841810,,1
transformer,entropy_batch,cold,al,train,134,0.807800,,1
transformer,entropy_batch,cold,al,train,135,0.884763,,1
transformer,entropy_batch,cold,al,train,136,0.803837,,1
transformer,entropy_batch,cold,al,train,137,0.851680,,1
transformer,entropy_batch,cold,al,train,138,0.828882,,1
transformer,entropy_batch,cold,al,train,139,0.855125,,1
transformer,entropy_batch,cold,al,train,140,0.861965,,1
transformer,entropy_batch,cold,al,train,141,0.855875,,1
transformer,entropy_batch,cold,al,train,142,0.861347,,1
transformer,entropy_batch,cold,al,train,143,0.861852,,1
transformer,entropy_batch,cold,al,train,144,0.875444,,1
transformer,entropy_batch,cold,al,train,145,0.861237,,1
transformer,entropy_batch,cold,al,train,146,0.787379,,1
transformer,entropy_batch,cold,al,train,147,0.847639,,1
transformer,entropy_batch,cold,al,train,148,0.808342,,1
transformer,entropy_batch,cold,al,val,1,0.952000,0.003742,5
transformer,entropy_batch,cold,al,val,2,0.932172,0.007025,5
transformer,entropy_batch,cold,al,val,3,0.917410,0.003884,5
transformer,entropy_batch,cold,al,val,4,0.892063,0.006593,5
transformer,entropy_batch,cold,al,val,5,0.897156,0.010321,5
transformer,entropy_batch,cold,al,val,6,0.888367,0.011825,5
transformer,entropy_batch,cold,al,val,7,0.883736,0.005135,5
transformer,entropy_batch,cold,al,val,8,0.878649,0.004797,5
transformer,entropy_batch,cold,al,val,9,0.880306,0.009494,5
transformer,entropy_batch,cold,al,val,10,0.858626,0.009618,5
transformer,entropy_batch,cold,al,val,11,0.868263,0.010153,5
transformer,entropy_batch,cold,al,val,12,0.863437,0.014077,5
transformer,entropy_batch,cold,al,val,13,0.861998,0.007535,5
transformer,entropy_batch,cold,al,val,14,0.877143,0.005509,5
transformer,entropy_batch,cold,al,val,15,0.857819,0.012408,5
transformer,entropy_batch,cold,al,val,16,0.872637,0.010488,5
transformer,entropy_batch,cold,al,val,17,0.863633,0.007966,5
transformer,entropy_batch,cold,al,val,18,0.840322,0.004877,5
transformer,entropy_batch,cold,al,val,19,0.836088,0.011655,5
transformer,entropy_batch,cold,al,val,20,0.848152,0.010894,5
transformer,entropy_batch,cold,al,val,21,0.871279,0.009398,5
transformer,entropy_batch,cold,al,val,22,0.867577,0.010898,5
transformer,entropy_batch,cold,al,val,23,0.866746,0.007088,5
transformer,entropy_batch,cold,al,val,24,0.834103,0.014032,5
transformer,entropy_batch,cold,al,val,25,0.838719,0.012811,5
transformer,entropy_batch,cold,al,val,26,0.832951,0.015822,5
transformer,entropy_batch,cold,al,val,27,0.833113,0.021932,5
transformer,entropy_batch,cold,al,val,28,0.862431,0.004740,5
transformer,entropy_batch,cold,al,val,29,0.848428,0.008784,5
transformer,entropy_batch,cold,al,val,30,0.849247,0.009615,5
transformer,entropy_batch,cold,al,val,31,0.825397,0.016728,5
transformer,entropy_batch,cold,al,val,32,0.833979,0.008175,5
transformer,entropy_batch,cold,al,val,33,0.808798,0.022541,5
transformer,entropy_batch,cold,al,val,34,0.837419,0.008263,5
transformer,entropy_batch,cold,al,val,35,0.823568,0.008432,5
transformer,entropy_batch,cold,al,val,36,0.810556,0.018449,5
transformer,entropy_batch,cold,al,val,37,0.828587,0.011301,5
transformer,entropy_batch,cold,al,val,38,0.815377,0.014780,5
transformer,entropy_batch,cold,al,val,39,0.828595,0.009982,5
transformer,entropy_batch,cold,al,val,40,0.849513,0.011238,5
transformer,entropy_batch,cold,al,val,41,0.811216,0.008676,5
transformer,entropy_batch,cold,al,val,42,0.810944,0.007622,5
transformer,entropy_batch,cold,al,val,43,0.826341,0.010100,5
transformer,entropy_batch,cold,al,val,44,0.839834,0.013954,5
transformer,entropy_batch,cold,al,val,45,0.822474,0.018527,5
transformer,entropy_batch,cold,al,val,46,0.844991,0.011869,5
transformer,entropy_batch,cold,al,val,47,0.837570,0.013337,5
transformer,entropy_batch,cold,al,val,48,0.821139,0.015603,5
transformer,entropy_batch,cold,al,val,49,0.840608,0.012582,5
transformer,entropy_batch,cold,al,val,50,0.820367,0.019081,5
transformer,entropy_batch,cold,al,val,51,0.837639,0.003998,5
transformer,entropy_batch,cold,al,val,52,0.843049,0.013125,5
transformer,entropy_batch,cold,al,val,53,0.845426,0.005683,5
transformer,entropy_batch,cold,al,val,54,0.822766,0.017836,5
transformer,entropy_batch,cold,al,val,55,0.846443,0.007569,5
transformer,entropy_batch,cold,al,val,56,0.819656,0.009926,5
transformer,entropy_batch,cold,al,val,57,0.817803,0.007354,5
transformer,entropy_batch,cold,al,val,58,0.831197,0.007164,5
transformer,entropy_batch,cold,al,val,59,0.852425,0.007409,5
transformer,entropy_batch,cold,al,val,60,0.814595,0.009791,5
transformer,entropy_batch,cold,al,val,61,0.813625,0.003575,5
transformer,entropy_batch,cold,al,val,62,0.817095,0.013867,5
transformer,entropy_batch,cold,al,val,63,0.821035,0.004720,5
transformer,entropy_batch,cold,al,val,64,0.827180,0.007259,5
transformer,entropy_batch,cold,al,val,65,0.824911,0.010449,5
transformer,entropy_batch,cold,al,val,66,0.835144,0.010706,5
transformer,entropy_batch,cold,al,val,67,0.820435,0.013650,5
transformer,entropy_batch,cold,al,val,68,0.830160,0.011897,5
transformer,entropy_batch,cold,al,val,69,0.833881,0.007660,5
transformer,entropy_batch,cold,al,val,70,0.838431,0.011191,5
transformer,entropy_batch,cold,al,val,71,0.831807,0.007096,5
transformer,entropy_batch,cold,al,val,72,0.814414,0.009200,5
transformer,entropy_batch,cold,al,val,73,0.818200,0.005400,5
transformer,entropy_batch,cold,al,val,74,0.825471,0.009760,5
transformer,entropy_batch,cold,al,val,75,0.826197,0.008586,5
transformer,entropy_batch,cold,al,val,76,0.830679,0.008087,5
transformer,entropy_batch,cold,al,val,77,0.825323,0.007438,5
transformer,entropy_batch,cold,al,val,78,0.830496,0.008432,5
transformer,entropy_batch,cold,al,val,79,0.821193,0.014236,5
transformer,entropy_batch,cold,al,val,80,0.829479,0.009847,5
transformer,entropy_batch,cold,al,val,81,0.809341,0.009517,5
transformer,entropy_batch,cold,al,val,82,0.825355,0.005235,5
transformer,entropy_batch,cold,al,val,83,0.816835,0.010596,5
transformer,entropy_batch,cold,al,val,84,0.809828,0.008580,5
transformer,entropy_batch,cold,al,val,85,0.841885,0.009641,5
transformer,entropy_batch,cold,al,val,86,0.824180,0.008093,5
transformer,entropy_batch,cold,al,val,87,0.826297,0.012698,5
transformer,entropy_batch,cold,al,val,88,0.821314,0.009165,5
transformer,entropy_batch,cold,al,val,89,0.824487,0.006136,5
transformer,entropy_batch,cold,al,val,90,0.811127,0.005397,5
transformer,entropy_batch,cold,al,val,91,0.808554,0.010181,5
transformer,entropy_batch,cold,al,val,92,0.834185,0.010694,5
transformer,entropy_batch,cold,al,val,93,0.809410,0.011502,5
transformer,entropy_batch,cold,al,val,94,0.818274,0.007864,5
transformer,entropy_batch,cold,al,val,95,0.816164,0.006822,5
transformer,entropy_batch,cold,al,val,96,0.814955,0.011197,5
transformer,entropy_batch,cold,al,val,97,0.815711,0.013691,5
transformer,entropy_batch,cold,al,val,98,0.841258,0.004758,5
transformer,entropy_batch,cold,al,val,99,0.825470,0.008804,5
transformer,entropy_batch,cold,al,val,100,0.832470,0.010646,5
transformer,entropy_batch,cold,al,val,101,0.821308,0.007748,5
transformer,entropy_batch,cold,al,val,102,0.815348,0.008402,5
transformer,entropy_batch,cold,al,val,103,0.827549,0.009080,5
transformer,entropy_batch,cold,al,val,104,0.820442,0.009027,4
transformer,entropy_batch,cold,al,val,105,0.810815,0.007085,4
transformer,entropy_batch,cold,al,val,106,0.818598,0.007840,3
transformer,entropy_batch,cold,al,val,107,0.840955,0.022591,2
transformer,entropy_batch,cold,al,val,108,0.825165,0.009552,2
transformer,entropy_batch,cold,al,val,109,0.775143,0.014248,2
transformer,entropy_batch,cold,al,val,110,0.785767,,1
transformer,entropy_batch,cold,al,val,111,0.811942,,1
transformer,entropy_batch,cold,al,val,112,0.825450,,1
transformer,entropy_batch,cold,al,val,113,0.806299,,1
transformer,entropy_batch,cold,al,val,114,0.853700,,1
transformer,entropy_batch,cold,al,val,115,0.821216,,1
transformer,entropy_batch,cold,al,val,116,0.845959,,1
transformer,entropy_batch,cold,al,val,117,0.849086,,1
transformer,entropy_batch,cold,al,val,118,0.840957,,1
transformer,entropy_batch,cold,al,val,119,0.817844,,1
transformer,entropy_batch,cold,al,val,120,0.777763,,1
transformer,entropy_batch,cold,al,val,121,0.810687,,1
transformer,entropy_batch,cold,al,val,122,0.812709,,1
transformer,entropy_batch,cold,al,val,123,0.825192,,1
transformer,entropy_batch,cold,al,val,124,0.824358,,1
transformer,entropy_batch,cold,al,val,125,0.792208,,1
transformer,entropy_batch,cold,al,val,126,0.799844,,1
transformer,entropy_batch,cold,al,val,127,0.798146,,1
transformer,entropy_batch,cold,al,val,128,0.829293,,1
transformer,entropy_batch,cold,al,val,129,0.797646,,1
transformer,entropy_batch,cold,al,val,130,0.809536,,1
transformer,entropy_batch,cold,al,val,131,0.786914,,1
transformer,entropy_batch,cold,al,val,132,0.798794,,1
transformer,entropy_batch,cold,al,val,133,0.819546,,1
transformer,entropy_batch,cold,al,val,134,0.792085,,1
transformer,entropy_batch,cold,al,val,135,0.859940,,1
transformer,entropy_batch,cold,al,val,136,0.787625,,1
transformer,entropy_batch,cold,al,val,137,0.824875,,1
transformer,entropy_batch,cold,al,val,138,0.802760,,1
transformer,entropy_batch,cold,al,val,139,0.830510,,1
transformer,entropy_batch,cold,al,val,140,0.842691,,1
transformer,entropy_batch,cold,al,val,141,0.831111,,1
transformer,entropy_batch,cold,al,val,142,0.832934,,1
transformer,entropy_batch,cold,al,val,143,0.837528,,1
transformer,entropy_batch,cold,al,val,144,0.852670,,1
transformer,entropy_batch,cold,al,val,145,0.833911,,1
transformer,entropy_batch,cold,al,val,146,0.771226,,1
transformer,entropy_batch,cold,al,val,147,0.818691,,1
transformer,entropy_batch,cold,al,val,148,0.784857,,1
transformer,entropy_batch,cold,baseline,static_random,1,0.957022,0.001517,5
transformer,entropy_batch,cold,baseline,static_random,2,0.959332,0.001173,5
transformer,entropy_batch,cold,baseline,static_random,3,0.958430,0.001629,5
transformer,entropy_batch,cold,baseline,static_random,4,0.961268,0.001658,5
transformer,entropy_batch,cold,baseline,static_random,5,0.961994,0.001529,5
transformer,entropy_batch,cold,baseline,static_random,6,0.965216,0.001093,5
transformer,entropy_batch,cold,baseline,static_random,7,0.963996,0.001057,5
transformer,entropy_batch,cold,baseline,static_random,8,0.963618,0.000988,5
transformer,entropy_batch,cold,baseline,static_random,9,0.966044,0.000977,5
transformer,entropy_batch,cold,baseline,static_random,10,0.965252,0.001019,5
transformer,entropy_batch,cold,baseline,static_random,11,0.965410,0.000733,5
transformer,entropy_batch,cold,baseline,static_random,12,0.967392,0.000207,5
transformer,entropy_batch,cold,baseline,static_random,13,0.966074,0.001487,5
transformer,entropy_batch,cold,baseline,static_random,14,0.966992,0.000954,5
transformer,entropy_batch,cold,baseline,static_random,15,0.967030,0.000767,5
transformer,entropy_batch,cold,baseline,static_random,16,0.968838,0.000731,5
transformer,entropy_batch,cold,baseline,static_random,17,0.968556,0.000647,5
transformer,entropy_batch,cold,baseline,static_random,18,0.969800,0.000752,5
transformer,entropy_batch,cold,baseline,static_random,19,0.969280,0.000818,5
transformer,entropy_batch,cold,baseline,static_random,20,0.967692,0.000753,5
transformer,entropy_batch,cold,baseline,static_random,21,0.968214,0.000846,5
transformer,entropy_batch,cold,baseline,static_random,22,0.969598,0.000215,5
transformer,entropy_batch,cold,baseline,static_random,23,0.968678,0.000995,5
transformer,entropy_batch,cold,baseline,static_random,24,0.969664,0.000553,5
transformer,entropy_batch,cold,baseline,static_random,25,0.969854,0.000518,5
transformer,entropy_batch,cold,baseline,static_random,26,0.969884,0.000937,5
transformer,entropy_batch,cold,baseline,static_random,27,0.970666,0.000821,5
transformer,entropy_batch,cold,baseline,static_random,28,0.970420,0.000781,5
transformer,entropy_batch,cold,baseline,static_random,29,0.971700,0.000712,5
transformer,entropy_batch,cold,baseline,static_random,30,0.971022,0.000503,5
transformer,entropy_batch,cold,baseline,static_random,31,0.971568,0.000518,5
transformer,entropy_batch,cold,baseline,static_random,32,0.971306,0.001415,5
transformer,entropy_batch,cold,baseline,static_random,33,0.971128,0.000731,5
transformer,entropy_batch,cold,baseline,static_random,34,0.972142,0.001013,5
transformer,entropy_batch,cold,baseline,static_random,35,0.971844,0.000952,5
transformer,entropy_batch,cold,baseline,static_random,36,0.972184,0.000511,5
transformer,entropy_batch,cold,baseline,static_random,37,0.972412,0.000803,5
transformer,entropy_batch,cold,baseline,static_random,38,0.974300,0.000710,5
transformer,entropy_batch,cold,baseline,static_random,39,0.972730,0.000630,5
transformer,entropy_batch,cold,baseline,static_random,40,0.973108,0.001022,5
transformer,entropy_batch,cold,baseline,static_random,41,0.974896,0.000973,5
transformer,entropy_batch,cold,baseline,static_random,42,0.974176,0.001034,5
transformer,entropy_batch,cold,baseline,static_random,43,0.975094,0.000516,5
transformer,entropy_batch,cold,baseline,static_random,44,0.973760,0.000750,5
transformer,entropy_batch,cold,baseline,static_random,45,0.975196,0.000893,5
transformer,entropy_batch,cold,baseline,static_random,46,0.974648,0.001300,5
transformer,entropy_batch,cold,baseline,static_random,47,0.974648,0.001065,5
transformer,entropy_batch,cold,baseline,static_random,48,0.973476,0.000721,5
transformer,entropy_batch,cold,baseline,static_random,49,0.977008,0.001064,5
transformer,entropy_batch,cold,baseline,static_random,50,0.974854,0.001328,5
transformer,entropy_batch,cold,baseline,static_random,51,0.975758,0.001035,5
transformer,entropy_batch,cold,baseline,static_random,52,0.977084,0.000793,5
transformer,entropy_batch,cold,baseline,static_random,53,0.976932,0.001491,5
transformer,entropy_batch,cold,baseline,static_random,54,0.975186,0.001220,5
transformer,entropy_batch,cold,baseline,static_random,55,0.977226,0.000993,5
transformer,entropy_batch,cold,baseline,static_random,56,0.976036,0.000645,5
transformer,entropy_batch,cold,baseline,static_random,57,0.976344,0.000759,5
transformer,entropy_batch,cold,baseline,static_random,58,0.976292,0.001065,5
transformer,entropy_batch,cold,baseline,static_random,59,0.976870,0.001050,5
transformer,entropy_batch,cold,baseline,static_random,60,0.975458,0.000610,5
transformer,entropy_batch,cold,baseline,static_random,61,0.976720,0.001115,5
transformer,entropy_batch,cold,baseline,static_random,62,0.979396,0.000951,5
transformer,entropy_batch,cold,baseline,static_random,63,0.976664,0.000545,5
transformer,entropy_batch,cold,baseline,static_random,64,0.979806,0.000743,5
transformer,entropy_batch,cold,baseline,static_random,65,0.977838,0.001056,5
transformer,entropy_batch,cold,baseline,static_random,66,0.976422,0.000735,5
transformer,entropy_batch,cold,baseline,static_random,67,0.977270,0.000608,5
transformer,entropy_batch,cold,baseline,static_random,68,0.978746,0.001366,5
transformer,entropy_batch,cold,baseline,static_random,69,0.978846,0.000975,5
transformer,entropy_batch,cold,baseline,static_random,70,0.979528,0.000977,5
transformer,entropy_batch,cold,baseline,static_random,71,0.979662,0.000997,5
transformer,entropy_batch,cold,baseline,static_random,72,0.979224,0.000772,5
transformer,entropy_batch,cold,baseline,static_random,73,0.979758,0.000701,5
transformer,entropy_batch,cold,baseline,static_random,74,0.976932,0.000465,5
transformer,entropy_batch,cold,baseline,static_random,75,0.978896,0.001109,5
transformer,entropy_batch,cold,baseline,static_random,76,0.977284,0.000568,5
transformer,entropy_batch,cold,baseline,static_random,77,0.981196,0.001164,5
transformer,entropy_batch,cold,baseline,static_random,78,0.979680,0.001072,5
transformer,entropy_batch,cold,baseline,static_random,79,0.980108,0.001014,5
transformer,entropy_batch,cold,baseline,static_random,80,0.979546,0.001204,5
transformer,entropy_batch,cold,baseline,static_random,81,0.979496,0.001335,5
transformer,entropy_batch,cold,baseline,static_random,82,0.977952,0.000801,5
transformer,entropy_batch,cold,baseline,static_random,83,0.980568,0.000994,5
transformer,entropy_batch,cold,baseline,static_random,84,0.981494,0.001119,5
transformer,entropy_batch,cold,baseline,static_random,85,0.979966,0.000851,5
transformer,entropy_batch,cold,baseline,static_random,86,0.980954,0.000965,5
transformer,entropy_batch,cold,baseline,static_random,87,0.979926,0.001395,5
transformer,entropy_batch,cold,baseline,static_random,88,0.980480,0.001005,5
transformer,entropy_batch,cold,baseline,static_random,89,0.979322,0.001193,5
transformer,entropy_batch,cold,baseline,static_random,90,0.980354,0.000990,5
transformer,entropy_batch,cold,baseline,static_random,91,0.981776,0.001321,5
transformer,entropy_batch,cold,baseline,static_random,92,0.979360,0.000824,5
transformer,entropy_batch,cold,baseline,static_random,93,0.979572,0.001048,5
transformer,entropy_batch,cold,baseline,static_random,94,0.979982,0.001393,5
transformer,entropy_batch,cold,baseline,static_random,95,0.981854,0.001202,5
transformer,entropy_batch,cold,baseline,static_random,96,0.982096,0.001155,5
transformer,entropy_batch,cold,baseline,static_random,97,0.982404,0.001223,5
transformer,entropy_batch,cold,baseline,static_random,98,0.980870,0.000964,5
transformer,entropy_batch,cold,baseline,static_random,99,0.982754,0.000558,5
transformer,entropy_batch,cold,baseline,static_random,100,0.981500,0.001219,5
transformer,entropy_batch,cold,baseline,static_random,101,0.982710,0.000433,5
transformer,entropy_batch,cold,baseline,static_random,102,0.981308,0.000935,5
transformer,entropy_batch,cold,baseline,static_random,103,0.982006,0.001635,5
transformer,entropy_batch,cold,baseline,static_random,104,0.981750,0.001025,4
transformer,entropy_batch,cold,baseline,static_random,105,0.983245,0.000652,4
transformer,entropy_batch,cold,baseline,static_random,106,0.982340,0.001199,3
transformer,entropy_batch,cold,baseline,static_random,107,0.980545,0.004355,2
transformer,entropy_batch,cold,baseline,static_random,108,0.981350,0.003320,2
transformer,entropy_batch,cold,baseline,static_random,109,0.982090,0.000570,2
transformer,entropy_batch,cold,baseline,static_random,110,0.982730,,1
transformer,entropy_batch,cold,baseline,static_random,111,0.984070,,1
transformer,entropy_batch,cold,baseline,static_random,112,0.982790,,1
transformer,entropy_batch,cold,baseline,static_random,113,0.980410,,1
transformer,entropy_batch,cold,baseline,static_random,114,0.981730,,1
transformer,entropy_batch,cold,baseline,static_random,115,0.982020,,1
transformer,entropy_batch,cold,baseline,static_random,116,0.983030,,1
transformer,entropy_batch,cold,baseline,static_random,117,0.981440,,1
transformer,entropy_batch,cold,baseline,static_random,118,0.984050,,1
transformer,entropy_batch,cold,baseline,static_random,119,0.981440,,1
transformer,entropy_batch,cold,baseline,static_random,120,0.979680,,1
transformer,entropy_batch,cold,baseline,static_random,121,0.983890,,1
transformer,entropy_batch,cold,baseline,static_random,122,0.981370,,1
transformer,entropy_batch,cold,baseline,static_random,123,0.982240,,1
transformer,entropy_batch,cold,baseline,static_random,124,0.979890,,1
transformer,entropy_batch,cold,baseline,static_random,125,0.981600,,1
transformer,entropy_batch,cold,baseline,static_random,126,0.978660,,1
transformer,entropy_batch,cold,baseline,static_random,127,0.978910,,1
transformer,entropy_batch,cold,baseline,static_random,128,0.983410,,1
transformer,entropy_batch,cold,baseline,static_random,129,0.980060,,1
transformer,entropy_batch,cold,baseline,static_random,130,0.982520,,1
transformer,entropy_batch,cold,baseline,static_random,131,0.983800,,1
transformer,entropy_batch,cold,baseline,static_random,132,0.984280,,1
transformer,entropy_batch,cold,baseline,static_random,133,0.980350,,1
transformer,entropy_batch,cold,baseline,static_random,134,0.984980,,1
transformer,entropy_batch,cold,baseline,static_random,135,0.984870,,1
transformer,entropy_batch,cold,baseline,static_random,136,0.984560,,1
transformer,entropy_batch,cold,baseline,static_random,137,0.984610,,1
transformer,entropy_batch,cold,baseline,static_random,138,0.985440,,1
transformer,entropy_batch,cold,baseline,static_random,139,0.984800,,1
transformer,entropy_batch,cold,baseline,static_random,140,0.983900,,1
transformer,entropy_batch,cold,baseline,static_random,141,0.985100,,1
transformer,entropy_batch,cold,baseline,static_random,142,0.985420,,1
transformer,entropy_batch,cold,baseline,static_random,143,0.982330,,1
transformer,entropy_batch,cold,baseline,static_random,144,0.985550,,1
transformer,entropy_batch,cold,baseline,static_random,145,0.981540,,1
transformer,entropy_batch,cold,baseline,static_random,146,0.985810,,1
transformer,entropy_batch,cold,baseline,static_random,147,0.983580,,1
transformer,entropy_batch,cold,baseline,static_random,148,0.983830,,1
transformer,entropy_batch,cold,baseline,mcmc,1,0.544681,0.001173,5
transformer,entropy_batch,cold,baseline,mcmc,2,0.545405,0.002934,5
transformer,entropy_batch,cold,baseline,mcmc,3,0.545293,0.002467,5
transformer,entropy_batch,cold,baseline,mcmc,4,0.548260,0.004554,5
transformer,entropy_batch,cold,baseline,mcmc,5,0.545864,0.002126,5
transformer,entropy_batch,cold,baseline,mcmc,6,0.549128,0.001333,5
transformer,entropy_batch,cold,baseline,mcmc,7,0.555807,0.004855,5
transformer,entropy_batch,cold,baseline,mcmc,8,0.545946,0.001651,5
transformer,entropy_batch,cold,baseline,mcmc,9,0.559448,0.005478,5
transformer,entropy_batch,cold,baseline,mcmc,10,0.552860,0.003388,5
transformer,entropy_batch,cold,baseline,mcmc,11,0.556868,0.005071,5
transformer,entropy_batch,cold,baseline,mcmc,12,0.565006,0.001279,5
transformer,entropy_batch,cold,baseline,mcmc,13,0.564936,0.006494,5
transformer,entropy_batch,cold,baseline,mcmc,14,0.555839,0.003226,5
transformer,entropy_batch,cold,baseline,mcmc,15,0.557602,0.003607,5
transformer,entropy_batch,cold,baseline,mcmc,16,0.558537,0.002981,5
transformer,entropy_batch,cold,baseline,mcmc,17,0.562630,0.006129,5
transformer,entropy_batch,cold,baseline,mcmc,18,0.561524,0.010502,5
transformer,entropy_batch,cold,baseline,mcmc,19,0.559746,0.005019,5
transformer,entropy_batch,cold,baseline,mcmc,20,0.552735,0.004628,5
transformer,entropy_batch,cold,baseline,mcmc,21,0.555894,0.002345,5
transformer,entropy_batch,cold,baseline,mcmc,22,0.569538,0.003476,5
transformer,entropy_batch,cold,baseline,mcmc,23,0.557790,0.004603,5
transformer,entropy_batch,cold,baseline,mcmc,24,0.566340,0.002610,5
transformer,entropy_batch,cold,baseline,mcmc,25,0.555476,0.003496,5
transformer,entropy_batch,cold,baseline,mcmc,26,0.569120,0.005589,5
transformer,entropy_batch,cold,baseline,mcmc,27,0.564232,0.004948,5
transformer,entropy_batch,cold,baseline,mcmc,28,0.568620,0.004532,5
transformer,entropy_batch,cold,baseline,mcmc,29,0.575750,0.006478,5
transformer,entropy_batch,cold,baseline,mcmc,30,0.568630,0.005888,5
transformer,entropy_batch,cold,baseline,mcmc,31,0.571324,0.006374,5
transformer,entropy_batch,cold,baseline,mcmc,32,0.562157,0.006749,5
transformer,entropy_batch,cold,baseline,mcmc,33,0.563298,0.005774,5
transformer,entropy_batch,cold,baseline,mcmc,34,0.583548,0.006685,5
transformer,entropy_batch,cold,baseline,mcmc,35,0.571856,0.005486,5
transformer,entropy_batch,cold,baseline,mcmc,36,0.564564,0.001719,5
transformer,entropy_batch,cold,baseline,mcmc,37,0.584986,0.006964,5
transformer,entropy_batch,cold,baseline,mcmc,38,0.585816,0.009974,5
transformer,entropy_batch,cold,baseline,mcmc,39,0.573662,0.006952,5
transformer,entropy_batch,cold,baseline,mcmc,40,0.578242,0.005594,5
transformer,entropy_batch,cold,baseline,mcmc,41,0.589902,0.007194,5
transformer,entropy_batch,cold,baseline,mcmc,42,0.580282,0.008633,5
transformer,entropy_batch,cold,baseline,mcmc,43,0.591785,0.008551,5
transformer,entropy_batch,cold,baseline,mcmc,44,0.590444,0.004860,5
transformer,entropy_batch,cold,baseline,mcmc,45,0.599963,0.009253,5
transformer,entropy_batch,cold,baseline,mcmc,46,0.592890,0.009013,5
transformer,entropy_batch,cold,baseline,mcmc,47,0.589526,0.011846,5
transformer,entropy_batch,cold,baseline,mcmc,48,0.582464,0.012010,5
transformer,entropy_batch,cold,baseline,mcmc,49,0.619623,0.002496,5
transformer,entropy_batch,cold,baseline,mcmc,50,0.591508,0.013129,5
transformer,entropy_batch,cold,baseline,mcmc,51,0.593298,0.007152,5
transformer,entropy_batch,cold,baseline,mcmc,52,0.604777,0.007578,5
transformer,entropy_batch,cold,baseline,mcmc,53,0.605025,0.016702,5
transformer,entropy_batch,cold,baseline,mcmc,54,0.592789,0.014319,5
transformer,entropy_batch,cold,baseline,mcmc,55,0.610766,0.006019,5
transformer,entropy_batch,cold,baseline,mcmc,56,0.595740,0.008224,5
transformer,entropy_batch,cold,baseline,mcmc,57,0.591923,0.013509,5
transformer,entropy_batch,cold,baseline,mcmc,58,0.597964,0.012475,5
transformer,entropy_batch,cold,baseline,mcmc,59,0.602278,0.012178,5
transformer,entropy_batch,cold,baseline,mcmc,60,0.591985,0.012343,5
transformer,entropy_batch,cold,baseline,mcmc,61,0.607914,0.007381,5
transformer,entropy_batch,cold,baseline,mcmc,62,0.623835,0.003318,5
transformer,entropy_batch,cold,baseline,mcmc,63,0.600206,0.010363,5
transformer,entropy_batch,cold,baseline,mcmc,64,0.628384,0.004326,5
transformer,entropy_batch,cold,baseline,mcmc,65,0.611637,0.013720,5
transformer,entropy_batch,cold,baseline,mcmc,66,0.603272,0.012057,5
transformer,entropy_batch,cold,baseline,mcmc,67,0.602866,0.011061,5
transformer,entropy_batch,cold,baseline,mcmc,68,0.614128,0.013479,5
transformer,entropy_batch,cold,baseline,mcmc,69,0.607014,0.009574,5
transformer,entropy_batch,cold,baseline,mcmc,70,0.632143,0.008223,5
transformer,entropy_batch,cold,baseline,mcmc,71,0.632030,0.005281,5
transformer,entropy_batch,cold,baseline,mcmc,72,0.624015,0.005631,5
transformer,entropy_batch,cold,baseline,mcmc,73,0.625363,0.004821,5
transformer,entropy_batch,cold,baseline,mcmc,74,0.599364,0.012650,5
transformer,entropy_batch,cold,baseline,mcmc,75,0.619198,0.009703,5
transformer,entropy_batch,cold,baseline,mcmc,76,0.608899,0.007388,5
transformer,entropy_batch,cold,baseline,mcmc,77,0.630612,0.009062,5
transformer,entropy_batch,cold,baseline,mcmc,78,0.624130,0.004157,5
transformer,entropy_batch,cold,baseline,mcmc,79,0.623509,0.005564,5
transformer,entropy_batch,cold,baseline,mcmc,80,0.610549,0.011279,5
transformer,entropy_batch,cold,baseline,mcmc,81,0.620127,0.005974,5
transformer,entropy_batch,cold,baseline,mcmc,82,0.614758,0.006809,5
transformer,entropy_batch,cold,baseline,mcmc,83,0.625707,0.008490,5
transformer,entropy_batch,cold,baseline,mcmc,84,0.636512,0.008185,5
transformer,entropy_batch,cold,baseline,mcmc,85,0.617882,0.004108,5
transformer,entropy_batch,cold,baseline,mcmc,86,0.631024,0.005560,5
transformer,entropy_batch,cold,baseline,mcmc,87,0.609017,0.017219,5
transformer,entropy_batch,cold,baseline,mcmc,88,0.629167,0.005696,5
transformer,entropy_batch,cold,baseline,mcmc,89,0.610429,0.007763,5
transformer,entropy_batch,cold,baseline,mcmc,90,0.628061,0.003613,5
transformer,entropy_batch,cold,baseline,mcmc,91,0.636718,0.008591,5
transformer,entropy_batch,cold,baseline,mcmc,92,0.617286,0.006267,5
transformer,entropy_batch,cold,baseline,mcmc,93,0.614211,0.005511,5
transformer,entropy_batch,cold,baseline,mcmc,94,0.624357,0.010606,5
transformer,entropy_batch,cold,baseline,mcmc,95,0.633851,0.007864,5
transformer,entropy_batch,cold,baseline,mcmc,96,0.637074,0.009898,5
transformer,entropy_batch,cold,baseline,mcmc,97,0.641660,0.004124,5
transformer,entropy_batch,cold,baseline,mcmc,98,0.607206,0.009807,5
transformer,entropy_batch,cold,baseline,mcmc,99,0.629690,0.007435,5
transformer,entropy_batch,cold,baseline,mcmc,100,0.629466,0.012100,5
transformer,entropy_batch,cold,baseline,mcmc,101,0.640398,0.007047,5
transformer,entropy_batch,cold,baseline,mcmc,102,0.624507,0.006775,5
transformer,entropy_batch,cold,baseline,mcmc,103,0.633841,0.007010,5
transformer,entropy_batch,cold,baseline,mcmc,104,0.636569,0.007554,4
transformer,entropy_batch,cold,baseline,mcmc,105,0.641520,0.006658,4
transformer,entropy_batch,cold,baseline,mcmc,106,0.644351,0.010786,3
transformer,entropy_batch,cold,baseline,mcmc,107,0.620763,0.031907,2
transformer,entropy_batch,cold,baseline,mcmc,108,0.619522,0.031890,2
transformer,entropy_batch,cold,baseline,mcmc,109,0.633935,0.003751,2
transformer,entropy_batch,cold,baseline,mcmc,110,0.598364,,1
transformer,entropy_batch,cold,baseline,mcmc,111,0.649976,,1
transformer,entropy_batch,cold,baseline,mcmc,112,0.653516,,1
transformer,entropy_batch,cold,baseline,mcmc,113,0.602464,,1
transformer,entropy_batch,cold,baseline,mcmc,114,0.591100,,1
transformer,entropy_batch,cold,baseline,mcmc,115,0.623828,,1
transformer,entropy_batch,cold,baseline,mcmc,116,0.634252,,1
transformer,entropy_batch,cold,baseline,mcmc,117,0.631846,,1
transformer,entropy_batch,cold,baseline,mcmc,118,0.625096,,1
transformer,entropy_batch,cold,baseline,mcmc,119,0.629118,,1
transformer,entropy_batch,cold,baseline,mcmc,120,0.611762,,1
transformer,entropy_batch,cold,baseline,mcmc,121,0.655744,,1
transformer,entropy_batch,cold,baseline,mcmc,122,0.612702,,1
transformer,entropy_batch,cold,baseline,mcmc,123,0.618288,,1
transformer,entropy_batch,cold,baseline,mcmc,124,0.620558,,1
transformer,entropy_batch,cold,baseline,mcmc,125,0.652736,,1
transformer,entropy_batch,cold,baseline,mcmc,126,0.593134,,1
transformer,entropy_batch,cold,baseline,mcmc,127,0.602598,,1
transformer,entropy_batch,cold,baseline,mcmc,128,0.649870,,1
transformer,entropy_batch,cold,baseline,mcmc,129,0.604492,,1
transformer,entropy_batch,cold,baseline,mcmc,130,0.635802,,1
transformer,entropy_batch,cold,baseline,mcmc,131,0.658180,,1
transformer,entropy_batch,cold,baseline,mcmc,132,0.657944,,1
transformer,entropy_batch,cold,baseline,mcmc,133,0.630414,,1
transformer,entropy_batch,cold,baseline,mcmc,134,0.665728,,1
transformer,entropy_batch,cold,baseline,mcmc,135,0.629998,,1
transformer,entropy_batch,cold,baseline,mcmc,136,0.618966,,1
transformer,entropy_batch,cold,baseline,mcmc,137,0.666772,,1
transformer,entropy_batch,cold,baseline,mcmc,138,0.648790,,1
transformer,entropy_batch,cold,baseline,mcmc,139,0.650152,,1
transformer,entropy_batch,cold,baseline,mcmc,140,0.639512,,1
transformer,entropy_batch,cold,baseline,mcmc,141,0.676044,,1
transformer,entropy_batch,cold,baseline,mcmc,142,0.663550,,1
transformer,entropy_batch,cold,baseline,mcmc,143,0.617392,,1
transformer,entropy_batch,cold,baseline,mcmc,144,0.652352,,1
transformer,entropy_batch,cold,baseline,mcmc,145,0.647378,,1
transformer,entropy_batch,cold,baseline,mcmc,146,0.655450,,1
transformer,entropy_batch,cold,baseline,mcmc,147,0.631122,,1
transformer,entropy_batch,cold,baseline,mcmc,148,0.639034,,1
transformer,entropy_batch,cold,baseline,train,1,0.974125,0.005064,5
transformer,entropy_batch,cold,baseline,train,2,0.975252,0.004766,5
transformer,entropy_batch,cold,baseline,train,3,0.979708,0.006449,5
transformer,entropy_batch,cold,baseline,train,4,0.980240,0.004004,5
transformer,entropy_batch,cold,baseline,train,5,0.972750,0.001113,5
transformer,entropy_batch,cold,baseline,train,6,0.973701,0.001996,5
transformer,entropy_batch,cold,baseline,train,7,0.979274,0.000906,5
transformer,entropy_batch,cold,baseline,train,8,0.977397,0.004138,5
transformer,entropy_batch,cold,baseline,train,9,0.978990,0.001854,5
transformer,entropy_batch,cold,baseline,train,10,0.976721,0.001392,5
transformer,entropy_batch,cold,baseline,train,11,0.981363,0.002015,5
transformer,entropy_batch,cold,baseline,train,12,0.981697,0.000848,5
transformer,entropy_batch,cold,baseline,train,13,0.979732,0.003640,5
transformer,entropy_batch,cold,baseline,train,14,0.978639,0.002428,5
transformer,entropy_batch,cold,baseline,train,15,0.984170,0.001507,5
transformer,entropy_batch,cold,baseline,train,16,0.978541,0.001493,5
transformer,entropy_batch,cold,baseline,train,17,0.981560,0.002295,5
transformer,entropy_batch,cold,baseline,train,18,0.980399,0.001719,5
transformer,entropy_batch,cold,baseline,train,19,0.980135,0.001495,5
transformer,entropy_batch,cold,baseline,train,20,0.982958,0.001628,5
transformer,entropy_batch,cold,baseline,train,21,0.980598,0.001622,5
transformer,entropy_batch,cold,baseline,train,22,0.981289,0.001281,5
transformer,entropy_batch,cold,baseline,train,23,0.980075,0.001281,5
transformer,entropy_batch,cold,baseline,train,24,0.983466,0.001488,5
transformer,entropy_batch,cold,baseline,train,25,0.979340,0.002427,5
transformer,entropy_batch,cold,baseline,train,26,0.979702,0.002059,5
transformer,entropy_batch,cold,baseline,train,27,0.981862,0.000926,5
transformer,entropy_batch,cold,baseline,train,28,0.982470,0.000829,5
transformer,entropy_batch,cold,baseline,train,29,0.984270,0.001393,5
transformer,entropy_batch,cold,baseline,train,30,0.981481,0.001026,5
transformer,entropy_batch,cold,baseline,train,31,0.985276,0.001985,5
transformer,entropy_batch,cold,baseline,train,32,0.981361,0.002185,5
transformer,entropy_batch,cold,baseline,train,33,0.982038,0.001312,5
transformer,entropy_batch,cold,baseline,train,34,0.985949,0.001847,5
transformer,entropy_batch,cold,baseline,train,35,0.984096,0.002409,5
transformer,entropy_batch,cold,baseline,train,36,0.980072,0.001671,5
transformer,entropy_batch,cold,baseline,train,37,0.985475,0.002016,5
transformer,entropy_batch,cold,baseline,train,38,0.984840,0.002601,5
transformer,entropy_batch,cold,baseline,train,39,0.984008,0.000743,5
transformer,entropy_batch,cold,baseline,train,40,0.983288,0.001490,5
transformer,entropy_batch,cold,baseline,train,41,0.987517,0.001081,5
transformer,entropy_batch,cold,baseline,train,42,0.983864,0.001429,5
transformer,entropy_batch,cold,baseline,train,43,0.987885,0.001369,5
transformer,entropy_batch,cold,baseline,train,44,0.986514,0.000772,5
transformer,entropy_batch,cold,baseline,train,45,0.989084,0.001060,5
transformer,entropy_batch,cold,baseline,train,46,0.987955,0.001007,5
transformer,entropy_batch,cold,baseline,train,47,0.986846,0.002020,5
transformer,entropy_batch,cold,baseline,train,48,0.985223,0.002289,5
transformer,entropy_batch,cold,baseline,train,49,0.991540,0.001587,5
transformer,entropy_batch,cold,baseline,train,50,0.987900,0.002526,5
transformer,entropy_batch,cold,baseline,train,51,0.989056,0.002502,5
transformer,entropy_batch,cold,baseline,train,52,0.992122,0.001637,5
transformer,entropy_batch,cold,baseline,train,53,0.988997,0.002582,5
transformer,entropy_batch,cold,baseline,train,54,0.988682,0.003250,5
transformer,entropy_batch,cold,baseline,train,55,0.990391,0.002870,5
transformer,entropy_batch,cold,baseline,train,56,0.988096,0.002676,5
transformer,entropy_batch,cold,baseline,train,57,0.988329,0.002736,5
transformer,entropy_batch,cold,baseline,train,58,0.988031,0.002679,5
transformer,entropy_batch,cold,baseline,train,59,0.989338,0.002855,5
transformer,entropy_batch,cold,baseline,train,60,0.986176,0.003047,5
transformer,entropy_batch,cold,baseline,train,61,0.989258,0.002543,5
transformer,entropy_batch,cold,baseline,train,62,0.993685,0.001230,5
transformer,entropy_batch,cold,baseline,train,63,0.988613,0.002474,5
transformer,entropy_batch,cold,baseline,train,64,0.993057,0.001541,5
transformer,entropy_batch,cold,baseline,train,65,0.989549,0.002279,5
transformer,entropy_batch,cold,baseline,train,66,0.988365,0.003029,5
transformer,entropy_batch,cold,baseline,train,67,0.990222,0.002611,5
transformer,entropy_batch,cold,baseline,train,68,0.990771,0.003019,5
transformer,entropy_batch,cold,baseline,train,69,0.990827,0.002525,5
transformer,entropy_batch,cold,baseline,train,70,0.993179,0.001712,5
transformer,entropy_batch,cold,baseline,train,71,0.991729,0.002064,5
transformer,entropy_batch,cold,baseline,train,72,0.991750,0.002562,5
transformer,entropy_batch,cold,baseline,train,73,0.991938,0.001849,5
transformer,entropy_batch,cold,baseline,train,74,0.987634,0.002869,5
transformer,entropy_batch,cold,baseline,train,75,0.991548,0.002048,5
transformer,entropy_batch,cold,baseline,train,76,0.988293,0.002585,5
transformer,entropy_batch,cold,baseline,train,77,0.993049,0.001479,5
transformer,entropy_batch,cold,baseline,train,78,0.991081,0.001861,5
transformer,entropy_batch,cold,baseline,train,79,0.992324,0.001679,5
transformer,entropy_batch,cold,baseline,train,80,0.990215,0.002980,5
transformer,entropy_batch,cold,baseline,train,81,0.990763,0.002359,5
transformer,entropy_batch,cold,baseline,train,82,0.989544,0.002458,5
transformer,entropy_batch,cold,baseline,train,83,0.991074,0.002261,5
transformer,entropy_batch,cold,baseline,train,84,0.992571,0.001696,5
transformer,entropy_batch,cold,baseline,train,85,0.990941,0.002160,5
transformer,entropy_batch,cold,baseline,train,86,0.993208,0.001591,5
transformer,entropy_batch,cold,baseline,train,87,0.990581,0.002444,5
transformer,entropy_batch,cold,baseline,train,88,0.992488,0.001597,5
transformer,entropy_batch,cold,baseline,train,89,0.989708,0.002436,5
transformer,entropy_batch,cold,baseline,train,90,0.993020,0.001413,5
transformer,entropy_batch,cold,baseline,train,91,0.993115,0.001785,5
transformer,entropy_batch,cold,baseline,train,92,0.990347,0.002072,5
transformer,entropy_batch,cold,baseline,train,93,0.989465,0.001934,5
transformer,entropy_batch,cold,baseline,train,94,0.991545,0.002718,5
transformer,entropy_batch,cold,baseline,train,95,0.992311,0.001896,5
transformer,entropy_batch,cold,baseline,train,96,0.992247,0.001726,5
transformer,entropy_batch,cold,baseline,train,97,0.992516,0.001459,5
transformer,entropy_batch,cold,baseline,train,98,0.986192,0.001613,5
transformer,entropy_batch,cold,baseline,train,99,0.990048,0.000928,5
transformer,entropy_batch,cold,baseline,train,100,0.989764,0.001971,5
transformer,entropy_batch,cold,baseline,train,101,0.991182,0.000650,5
transformer,entropy_batch,cold,baseline,train,102,0.988691,0.000602,5
transformer,entropy_batch,cold,baseline,train,103,0.989384,0.001607,5
transformer,entropy_batch,cold,baseline,train,104,0.989996,0.001011,4
transformer,entropy_batch,cold,baseline,train,105,0.991075,0.001178,4
transformer,entropy_batch,cold,baseline,train,106,0.991216,0.002194,3
transformer,entropy_batch,cold,baseline,train,107,0.988906,0.005368,2
transformer,entropy_batch,cold,baseline,train,108,0.986382,0.003055,2
transformer,entropy_batch,cold,baseline,train,109,0.986953,0.000227,2
transformer,entropy_batch,cold,baseline,train,110,0.988381,,1
transformer,entropy_batch,cold,baseline,train,111,0.992044,,1
transformer,entropy_batch,cold,baseline,train,112,0.992760,,1
transformer,entropy_batch,cold,baseline,train,113,0.988113,,1
transformer,entropy_batch,cold,baseline,train,114,0.989381,,1
transformer,entropy_batch,cold,baseline,train,115,0.990800,,1
transformer,entropy_batch,cold,baseline,train,116,0.991646,,1
transformer,entropy_batch,cold,baseline,train,117,0.986381,,1
transformer,entropy_batch,cold,baseline,train,118,0.989647,,1
transformer,entropy_batch,cold,baseline,train,119,0.985406,,1
transformer,entropy_batch,cold,baseline,train,120,0.986910,,1
transformer,entropy_batch,cold,baseline,train,121,0.991425,,1
transformer,entropy_batch,cold,baseline,train,122,0.989860,,1
transformer,entropy_batch,cold,baseline,train,123,0.990082,,1
transformer,entropy_batch,cold,baseline,train,124,0.987743,,1
transformer,entropy_batch,cold,baseline,train,125,0.988538,,1
transformer,entropy_batch,cold,baseline,train,126,0.985762,,1
transformer,entropy_batch,cold,baseline,train,127,0.985395,,1
transformer,entropy_batch,cold,baseline,train,128,0.990086,,1
transformer,entropy_batch,cold,baseline,train,129,0.984542,,1
transformer,entropy_batch,cold,baseline,train,130,0.988848,,1
transformer,entropy_batch,cold,baseline,train,131,0.990271,,1
transformer,entropy_batch,cold,baseline,train,132,0.991415,,1
transformer,entropy_batch,cold,baseline,train,133,0.984944,,1
transformer,entropy_batch,cold,baseline,train,134,0.992218,,1
transformer,entropy_batch,cold,baseline,train,135,0.991978,,1
transformer,entropy_batch,cold,baseline,train,136,0.992320,,1
transformer,entropy_batch,cold,baseline,train,137,0.993553,,1
transformer,entropy_batch,cold,baseline,train,138,0.991448,,1
transformer,entropy_batch,cold,baseline,train,139,0.991967,,1
transformer,entropy_batch,cold,baseline,train,140,0.988480,,1
transformer,entropy_batch,cold,baseline,train,141,0.992808,,1
transformer,entropy_batch,cold,baseline,train,142,0.994444,,1
transformer,entropy_batch,cold,baseline,train,143,0.988065,,1
transformer,entropy_batch,cold,baseline,train,144,0.991247,,1
transformer,entropy_batch,cold,baseline,train,145,0.985421,,1
transformer,entropy_batch,cold,baseline,train,146,0.991882,,1
transformer,entropy_batch,cold,baseline,train,147,0.989312,,1
transformer,entropy_batch,cold,baseline,train,148,0.990818,,1
transformer,entropy_batch,cold,baseline,val,1,0.948500,0.003588,5
transformer,entropy_batch,cold,baseline,val,2,0.947946,0.003445,5
transformer,entropy_batch,cold,baseline,val,3,0.950155,0.003083,5
transformer,entropy_batch,cold,baseline,val,4,0.955295,0.003212,5
transformer,entropy_batch,cold,baseline,val,5,0.954328,0.002475,5
transformer,entropy_batch,cold,baseline,val,6,0.958063,0.003457,5
transformer,entropy_batch,cold,baseline,val,7,0.962988,0.002299,5
transformer,entropy_batch,cold,baseline,val,8,0.958677,0.002618,5
transformer,entropy_batch,cold,baseline,val,9,0.960815,0.002461,5
transformer,entropy_batch,cold,baseline,val,10,0.962991,0.002503,5
transformer,entropy_batch,cold,baseline,val,11,0.964956,0.001663,5
transformer,entropy_batch,cold,baseline,val,12,0.967865,0.002598,5
transformer,entropy_batch,cold,baseline,val,13,0.964318,0.001769,5
transformer,entropy_batch,cold,baseline,val,14,0.964264,0.001770,5
transformer,entropy_batch,cold,baseline,val,15,0.965724,0.001700,5
transformer,entropy_batch,cold,baseline,val,16,0.967232,0.002603,5
transformer,entropy_batch,cold,baseline,val,17,0.966448,0.001855,5
transformer,entropy_batch,cold,baseline,val,18,0.967141,0.001504,5
transformer,entropy_batch,cold,baseline,val,19,0.965166,0.001612,5
transformer,entropy_batch,cold,baseline,val,20,0.963305,0.001342,5
transformer,entropy_batch,cold,baseline,val,21,0.965184,0.000629,5
transformer,entropy_batch,cold,baseline,val,22,0.966015,0.000895,5
transformer,entropy_batch,cold,baseline,val,23,0.966481,0.002217,5
transformer,entropy_batch,cold,baseline,val,24,0.966450,0.000697,5
transformer,entropy_batch,cold,baseline,val,25,0.966504,0.001314,5
transformer,entropy_batch,cold,baseline,val,26,0.967249,0.001906,5
transformer,entropy_batch,cold,baseline,val,27,0.968362,0.002421,5
transformer,entropy_batch,cold,baseline,val,28,0.967729,0.002377,5
transformer,entropy_batch,cold,baseline,val,29,0.970582,0.002304,5
transformer,entropy_batch,cold,baseline,val,30,0.970711,0.001464,5
transformer,entropy_batch,cold,baseline,val,31,0.969708,0.001287,5
transformer,entropy_batch,cold,baseline,val,32,0.970192,0.001518,5
transformer,entropy_batch,cold,baseline,val,33,0.970425,0.001663,5
transformer,entropy_batch,cold,baseline,val,34,0.971027,0.001473,5
transformer,entropy_batch,cold,baseline,val,35,0.970241,0.000823,5
transformer,entropy_batch,cold,baseline,val,36,0.972362,0.001443,5
transformer,entropy_batch,cold,baseline,val,37,0.970913,0.001284,5
transformer,entropy_batch,cold,baseline,val,38,0.972908,0.000573,5
transformer,entropy_batch,cold,baseline,val,39,0.969702,0.001339,5
transformer,entropy_batch,cold,baseline,val,40,0.971899,0.001078,5
transformer,entropy_batch,cold,baseline,val,41,0.973972,0.001750,5
transformer,entropy_batch,cold,baseline,val,42,0.972661,0.001434,5
transformer,entropy_batch,cold,baseline,val,43,0.973036,0.000493,5
transformer,entropy_batch,cold,baseline,val,44,0.973863,0.000657,5
transformer,entropy_batch,cold,baseline,val,45,0.975614,0.001569,5
transformer,entropy_batch,cold,baseline,val,46,0.973913,0.002001,5
transformer,entropy_batch,cold,baseline,val,47,0.973805,0.001084,5
transformer,entropy_batch,cold,baseline,val,48,0.971239,0.001339,5
transformer,entropy_batch,cold,baseline,val,49,0.976341,0.001691,5
transformer,entropy_batch,cold,baseline,val,50,0.973016,0.002751,5
transformer,entropy_batch,cold,baseline,val,51,0.974398,0.000648,5
transformer,entropy_batch,cold,baseline,val,52,0.974147,0.001450,5
transformer,entropy_batch,cold,baseline,val,53,0.975340,0.001906,5
transformer,entropy_batch,cold,baseline,val,54,0.973604,0.000884,5
transformer,entropy_batch,cold,baseline,val,55,0.976398,0.001367,5
transformer,entropy_batch,cold,baseline,val,56,0.974345,0.001332,5
transformer,entropy_batch,cold,baseline,val,57,0.975675,0.001503,5
transformer,entropy_batch,cold,baseline,val,58,0.975271,0.001593,5
transformer,entropy_batch,cold,baseline,val,59,0.976167,0.001846,5
transformer,entropy_batch,cold,baseline,val,60,0.973925,0.000892,5
transformer,entropy_batch,cold,baseline,val,61,0.976649,0.000653,5
transformer,entropy_batch,cold,baseline,val,62,0.977928,0.001762,5
transformer,entropy_batch,cold,baseline,val,63,0.976620,0.001228,5
transformer,entropy_batch,cold,baseline,val,64,0.980132,0.000444,5
transformer,entropy_batch,cold,baseline,val,65,0.978323,0.001601,5
transformer,entropy_batch,cold,baseline,val,66,0.975634,0.001568,5
transformer,entropy_batch,cold,baseline,val,67,0.976554,0.000292,5
transformer,entropy_batch,cold,baseline,val,68,0.978003,0.001840,5
transformer,entropy_batch,cold,baseline,val,69,0.979119,0.001393,5
transformer,entropy_batch,cold,baseline,val,70,0.978920,0.002089,5
transformer,entropy_batch,cold,baseline,val,71,0.979219,0.001247,5
transformer,entropy_batch,cold,baseline,val,72,0.978330,0.001063,5
transformer,entropy_batch,cold,baseline,val,73,0.980223,0.001102,5
transformer,entropy_batch,cold,baseline,val,74,0.976753,0.000707,5
transformer,entropy_batch,cold,baseline,val,75,0.978632,0.000991,5
transformer,entropy_batch,cold,baseline,val,76,0.977027,0.001250,5
transformer,entropy_batch,cold,baseline,val,77,0.981174,0.001212,5
transformer,entropy_batch,cold,baseline,val,78,0.979584,0.001251,5
transformer,entropy_batch,cold,baseline,val,79,0.978950,0.001429,5
transformer,entropy_batch,cold,baseline,val,80,0.978295,0.001080,5
transformer,entropy_batch,cold,baseline,val,81,0.978438,0.000935,5
transformer,entropy_batch,cold,baseline,val,82,0.977480,0.000927,5
transformer,entropy_batch,cold,baseline,val,83,0.980534,0.000822,5
transformer,entropy_batch,cold,baseline,val,84,0.981523,0.000974,5
transformer,entropy_batch,cold,baseline,val,85,0.978667,0.001348,5
transformer,entropy_batch,cold,baseline,val,86,0.981292,0.001239,5
transformer,entropy_batch,cold,baseline,val,87,0.980292,0.001228,5
transformer,entropy_batch,cold,baseline,val,88,0.980527,0.001218,5
transformer,entropy_batch,cold,baseline,val,89,0.979792,0.001535,5
transformer,entropy_batch,cold,baseline,val,90,0.981182,0.001213,5
transformer,entropy_batch,cold,baseline,val,91,0.981611,0.001797,5
transformer,entropy_batch,cold,baseline,val,92,0.979635,0.001316,5
transformer,entropy_batch,cold,baseline,val,93,0.979316,0.001083,5
transformer,entropy_batch,cold,baseline,val,94,0.980149,0.001424,5
transformer,entropy_batch,cold,baseline,val,95,0.981883,0.001309,5
transformer,entropy_batch,cold,baseline,val,96,0.981233,0.001293,5
transformer,entropy_batch,cold,baseline,val,97,0.982667,0.001308,5
transformer,entropy_batch,cold,baseline,val,98,0.979776,0.001081,5
transformer,entropy_batch,cold,baseline,val,99,0.982319,0.000480,5
transformer,entropy_batch,cold,baseline,val,100,0.980591,0.001555,5
transformer,entropy_batch,cold,baseline,val,101,0.981721,0.000577,5
transformer,entropy_batch,cold,baseline,val,102,0.980855,0.001070,5
transformer,entropy_batch,cold,baseline,val,103,0.982024,0.001907,5
transformer,entropy_batch,cold,baseline,val,104,0.981642,0.001534,4
transformer,entropy_batch,cold,baseline,val,105,0.982547,0.001310,4
transformer,entropy_batch,cold,baseline,val,106,0.982420,0.000768,3
transformer,entropy_batch,cold,baseline,val,107,0.979807,0.004201,2
transformer,entropy_batch,cold,baseline,val,108,0.979509,0.001999,2
transformer,entropy_batch,cold,baseline,val,109,0.981456,0.000186,2
transformer,entropy_batch,cold,baseline,val,110,0.982578,,1
transformer,entropy_batch,cold,baseline,val,111,0.983316,,1
transformer,entropy_batch,cold,baseline,val,112,0.980702,,1
transformer,entropy_batch,cold,baseline,val,113,0.979724,,1
transformer,entropy_batch,cold,baseline,val,114,0.981748,,1
transformer,entropy_batch,cold,baseline,val,115,0.980545,,1
transformer,entropy_batch,cold,baseline,val,116,0.983526,,1
transformer,entropy_batch,cold,baseline,val,117,0.980874,,1
transformer,entropy_batch,cold,baseline,val,118,0.982622,,1
transformer,entropy_batch,cold,baseline,val,119,0.981275,,1
transformer,entropy_batch,cold,baseline,val,120,0.978880,,1
transformer,entropy_batch,cold,baseline,val,121,0.983403,,1
transformer,entropy_batch,cold,baseline,val,122,0.980777,,1
transformer,entropy_batch,cold,baseline,val,123,0.979028,,1
transformer,entropy_batch,cold,baseline,val,124,0.980909,,1
transformer,entropy_batch,cold,baseline,val,125,0.982159,,1
transformer,entropy_batch,cold,baseline,val,126,0.979711,,1
transformer,entropy_batch,cold,baseline,val,127,0.977214,,1
transformer,entropy_batch,cold,baseline,val,128,0.982138,,1
transformer,entropy_batch,cold,baseline,val,129,0.982789,,1
transformer,entropy_batch,cold,baseline,val,130,0.983940,,1
transformer,entropy_batch,cold,baseline,val,131,0.983456,,1
transformer,entropy_batch,cold,baseline,val,132,0.985233,,1
transformer,entropy_batch,cold,baseline,val,133,0.980112,,1
transformer,entropy_batch,cold,baseline,val,134,0.984993,,1
transformer,entropy_batch,cold,baseline,val,135,0.983303,,1
transformer,entropy_batch,cold,baseline,val,136,0.984711,,1
transformer,entropy_batch,cold,baseline,val,137,0.982607,,1
transformer,entropy_batch,cold,baseline,val,138,0.984900,,1
transformer,entropy_batch,cold,baseline,val,139,0.983997,,1
transformer,entropy_batch,cold,baseline,val,140,0.982947,,1
transformer,entropy_batch,cold,baseline,val,141,0.984594,,1
transformer,entropy_batch,cold,baseline,val,142,0.983670,,1
transformer,entropy_batch,cold,baseline,val,143,0.981859,,1
transformer,entropy_batch,cold,baseline,val,144,0.984794,,1
transformer,entropy_batch,cold,baseline,val,145,0.981993,,1
transformer,entropy_batch,cold,baseline,val,146,0.985258,,1
transformer,entropy_batch,cold,baseline,val,147,0.982978,,1
transformer,entropy_batch,cold,baseline,val,148,0.983090,,1
