model,strategy,warm_start,role,dataset,iteration,accuracy_mean,accuracy_sem,n_seeds
deep_gp_expr,entropy_batch,warm,al,static_random,1,0.822892,0.001796,5
deep_gp_expr,entropy_batch,warm,al,static_random,2,0.828660,0.001482,5
deep_gp_expr,entropy_batch,warm,al,static_random,3,0.833290,0.001860,5
deep_gp_expr,entropy_batch,warm,al,static_random,4,0.836502,0.001645,5
deep_gp_expr,entropy_batch,warm,al,static_random,5,0.840242,0.001207,5
deep_gp_expr,entropy_batch,warm,al,static_random,6,0.843996,0.000696,5
deep_gp_expr,entropy_batch,warm,al,static_random,7,0.846228,0.000940,5
deep_gp_expr,entropy_batch,warm,al,static_random,8,0.848954,0.000856,5
deep_gp_expr,entropy_batch,warm,al,static_random,9,0.851450,0.001019,5
deep_gp_expr,entropy_batch,warm,al,static_random,10,0.852962,0.001157,5
deep_gp_expr,entropy_batch,warm,al,static_random,11,0.855358,0.000872,5
deep_gp_expr,entropy_batch,warm,al,static_random,12,0.856880,0.001026,5
deep_gp_expr,entropy_batch,warm,al,static_random,13,0.857382,0.001163,5
deep_gp_expr,entropy_batch,warm,al,static_random,14,0.859600,0.000924,5
deep_gp_expr,entropy_batch,warm,al,static_random,15,0.860526,0.001085,5
deep_gp_expr,entropy_batch,warm,al,static_random,16,0.861140,0.001073,5
deep_gp_expr,entropy_batch,warm,al,static_random,17,0.862168,0.001174,5
deep_gp_expr,entropy_batch,warm,al,static_random,18,0.863362,0.001007,5
deep_gp_expr,entropy_batch,warm,al,static_random,19,0.864468,0.001279,5
deep_gp_expr,entropy_batch,warm,al,static_random,20,0.865374,0.001285,5
deep_gp_expr,entropy_batch,warm,al,static_random,21,0.866014,0.001513,5
deep_gp_expr,entropy_batch,warm,al,static_random,22,0.867060,0.001431,5
deep_gp_expr,entropy_batch,warm,al,static_random,23,0.868596,0.001522,5
deep_gp_expr,entropy_batch,warm,al,static_random,24,0.868894,0.001678,5
deep_gp_expr,entropy_batch,warm,al,static_random,25,0.869490,0.001422,5
deep_gp_expr,entropy_batch,warm,al,static_random,26,0.870586,0.001304,5
deep_gp_expr,entropy_batch,warm,al,static_random,27,0.871924,0.001155,5
deep_gp_expr,entropy_batch,warm,al,static_random,28,0.872018,0.001189,5
deep_gp_expr,entropy_batch,warm,al,static_random,29,0.872512,0.001455,5
deep_gp_expr,entropy_batch,warm,al,static_random,30,0.873744,0.001654,5
deep_gp_expr,entropy_batch,warm,al,static_random,31,0.873816,0.001336,5
deep_gp_expr,entropy_batch,warm,al,static_random,32,0.874610,0.001109,5
deep_gp_expr,entropy_batch,warm,al,static_random,33,0.875042,0.001012,5
deep_gp_expr,entropy_batch,warm,al,static_random,34,0.875140,0.001194,5
deep_gp_expr,entropy_batch,warm,al,static_random,35,0.876472,0.000892,5
deep_gp_expr,entropy_batch,warm,al,static_random,36,0.876324,0.000881,5
deep_gp_expr,entropy_batch,warm,al,static_random,37,0.876830,0.000924,5
deep_gp_expr,entropy_batch,warm,al,static_random,38,0.877574,0.001042,5
deep_gp_expr,entropy_batch,warm,al,static_random,39,0.877966,0.001356,5
deep_gp_expr,entropy_batch,warm,al,static_random,40,0.878130,0.001118,5
deep_gp_expr,entropy_batch,warm,al,static_random,41,0.883580,,1
deep_gp_expr,entropy_batch,warm,al,static_random,42,0.883990,,1
deep_gp_expr,entropy_batch,warm,al,static_random,43,0.885200,,1
deep_gp_expr,entropy_batch,warm,al,static_random,44,0.886650,,1
deep_gp_expr,entropy_batch,warm,al,static_random,45,0.886740,,1
deep_gp_expr,entropy_batch,warm,al,static_random,46,0.886990,,1
deep_gp_expr,entropy_batch,warm,al,static_random,47,0.887640,,1
deep_gp_expr,entropy_batch,warm,al,static_random,48,0.887980,,1
deep_gp_expr,entropy_batch,warm,al,static_random,49,0.888900,,1
deep_gp_expr,entropy_batch,warm,al,static_random,50,0.889120,,1
deep_gp_expr,entropy_batch,warm,al,static_random,51,0.887330,,1
deep_gp_expr,entropy_batch,warm,al,static_random,52,0.889880,,1
deep_gp_expr,entropy_batch,warm,al,static_random,53,0.887880,,1
deep_gp_expr,entropy_batch,warm,al,static_random,54,0.888950,,1
deep_gp_expr,entropy_batch,warm,al,static_random,55,0.890280,,1
deep_gp_expr,entropy_batch,warm,al,static_random,56,0.890570,,1
deep_gp_expr,entropy_batch,warm,al,static_random,57,0.890860,,1
deep_gp_expr,entropy_batch,warm,al,static_random,58,0.889740,,1
deep_gp_expr,entropy_batch,warm,al,static_random,59,0.891110,,1
deep_gp_expr,entropy_batch,warm,al,static_random,60,0.889450,,1
deep_gp_expr,entropy_batch,warm,al,static_random,61,0.891640,,1
deep_gp_expr,entropy_batch,warm,al,static_random,62,0.891170,,1
deep_gp_expr,entropy_batch,warm,al,static_random,63,0.890650,,1
deep_gp_expr,entropy_batch,warm,al,static_random,64,0.892360,,1
deep_gp_expr,entropy_batch,warm,al,static_random,65,0.892960,,1
deep_gp_expr,entropy_batch,warm,al,static_random,66,0.892450,,1
deep_gp_expr,entropy_batch,warm,al,static_random,67,0.893210,,1
deep_gp_expr,entropy_batch,warm,al,static_random,68,0.892520,,1
deep_gp_expr,entropy_batch,warm,al,static_random,69,0.892570,,1
deep_gp_expr,entropy_batch,warm,al,static_random,70,0.893560,,1
deep_gp_expr,entropy_batch,warm,al,static_random,71,0.892350,,1
deep_gp_expr,entropy_batch,warm,al,static_random,72,0.894540,,1
deep_gp_expr,entropy_batch,warm,al,static_random,73,0.893380,,1
deep_gp_expr,entropy_batch,warm,al,static_random,74,0.893230,,1
deep_gp_expr,entropy_batch,warm,al,static_random,75,0.893170,,1
deep_gp_expr,entropy_batch,warm,al,static_random,76,0.892770,,1
deep_gp_expr,entropy_batch,warm,al,static_random,77,0.893170,,1
deep_gp_expr,entropy_batch,warm,al,static_random,78,0.893340,,1
deep_gp_expr,entropy_batch,warm,al,static_random,79,0.893880,,1
deep_gp_expr,entropy_batch,warm,al,static_random,80,0.895890,,1
deep_gp_expr,entropy_batch,warm,al,static_random,81,0.893990,,1
deep_gp_expr,entropy_batch,warm,al,static_random,82,0.894340,,1
deep_gp_expr,entropy_batch,warm,al,static_random,83,0.894040,,1
deep_gp_expr,entropy_batch,warm,al,static_random,84,0.895230,,1
deep_gp_expr,entropy_batch,warm,al,static_random,85,0.894150,,1
deep_gp_expr,entropy_batch,warm,al,static_random,86,0.894610,,1
deep_gp_expr,entropy_batch,warm,al,static_random,87,0.894940,,1
deep_gp_expr,entropy_batch,warm,al,static_random,88,0.894770,,1
deep_gp_expr,entropy_batch,warm,al,static_random,89,0.894330,,1
deep_gp_expr,entropy_batch,warm,al,static_random,90,0.893820,,1
deep_gp_expr,entropy_batch,warm,al,static_random,91,0.894830,,1
deep_gp_expr,entropy_batch,warm,al,static_random,92,0.894880,,1
deep_gp_expr,entropy_batch,warm,al,static_random,93,0.893510,,1
deep_gp_expr,entropy_batch,warm,al,static_random,94,0.893450,,1
deep_gp_expr,entropy_batch,warm,al,static_random,95,0.895610,,1
deep_gp_expr,entropy_batch,warm,al,static_random,96,0.894680,,1
deep_gp_expr,entropy_batch,warm,al,static_random,97,0.894400,,1
deep_gp_expr,entropy_batch,warm,al,static_random,98,0.895150,,1
deep_gp_expr,entropy_batch,warm,al,static_random,99,0.895140,,1
deep_gp_expr,entropy_batch,warm,al,static_random,100,0.894660,,1
deep_gp_expr,entropy_batch,warm,al,static_random,101,0.894910,,1
deep_gp_expr,entropy_batch,warm,al,static_random,102,0.894910,,1
deep_gp_expr,entropy_batch,warm,al,static_random,103,0.896330,,1
deep_gp_expr,entropy_batch,warm,al,static_random,104,0.893770,,1
deep_gp_expr,entropy_batch,warm,al,static_random,105,0.893300,,1
deep_gp_expr,entropy_batch,warm,al,static_random,106,0.894110,,1
deep_gp_expr,entropy_batch,warm,al,static_random,107,0.894300,,1
deep_gp_expr,entropy_batch,warm,al,static_random,108,0.895920,,1
deep_gp_expr,entropy_batch,warm,al,static_random,109,0.894210,,1
deep_gp_expr,entropy_batch,warm,al,static_random,110,0.894070,,1
deep_gp_expr,entropy_batch,warm,al,static_random,111,0.892850,,1
deep_gp_expr,entropy_batch,warm,al,static_random,112,0.894220,,1
deep_gp_expr,entropy_batch,warm,al,static_random,113,0.893770,,1
deep_gp_expr,entropy_batch,warm,al,static_random,114,0.895210,,1
deep_gp_expr,entropy_batch,warm,al,static_random,115,0.894660,,1
deep_gp_expr,entropy_batch,warm,al,static_random,116,0.895040,,1
deep_gp_expr,entropy_batch,warm,al,static_random,117,0.894520,,1
deep_gp_expr,entropy_batch,warm,al,static_random,118,0.893190,,1
deep_gp_expr,entropy_batch,warm,al,static_random,119,0.894090,,1
deep_gp_expr,entropy_batch,warm,al,static_random,120,0.893450,,1
deep_gp_expr,entropy_batch,warm,al,static_random,121,0.894220,,1
deep_gp_expr,entropy_batch,warm,al,static_random,122,0.892650,,1
deep_gp_expr,entropy_batch,warm,al,static_random,123,0.890480,,1
deep_gp_expr,entropy_batch,warm,al,static_random,124,0.889050,,1
deep_gp_expr,entropy_batch,warm,al,mcmc,1,0.849138,0.010607,5
deep_gp_expr,entropy_batch,warm,al,mcmc,2,0.837100,0.010722,5
deep_gp_expr,entropy_batch,warm,al,mcmc,3,0.840168,0.012843,5
deep_gp_expr,entropy_batch,warm,al,mcmc,4,0.839668,0.010542,5
deep_gp_expr,entropy_batch,warm,al,mcmc,5,0.845602,0.012177,5
deep_gp_expr,entropy_batch,warm,al,mcmc,6,0.843097,0.009533,5
deep_gp_expr,entropy_batch,warm,al,mcmc,7,0.842180,0.008060,5
deep_gp_expr,entropy_batch,warm,al,mcmc,8,0.844298,0.004759,5
deep_gp_expr,entropy_batch,warm,al,mcmc,9,0.842771,0.002042,5
deep_gp_expr,entropy_batch,warm,al,mcmc,10,0.842108,0.001543,5
deep_gp_expr,entropy_batch,warm,al,mcmc,11,0.840263,0.001426,5
deep_gp_expr,entropy_batch,warm,al,mcmc,12,0.841946,0.001708,5
deep_gp_expr,entropy_batch,warm,al,mcmc,13,0.844182,0.001855,5
deep_gp_expr,entropy_batch,warm,al,mcmc,14,0.845805,0.001752,5
deep_gp_expr,entropy_batch,warm,al,mcmc,15,0.844435,0.002490,5
deep_gp_expr,entropy_batch,warm,al,mcmc,16,0.842350,0.001357,5
deep_gp_expr,entropy_batch,warm,al,mcmc,17,0.846234,0.001136,5
deep_gp_expr,entropy_batch,warm,al,mcmc,18,0.847708,0.001789,5
deep_gp_expr,entropy_batch,warm,al,mcmc,19,0.847287,0.001582,5
deep_gp_expr,entropy_batch,warm,al,mcmc,20,0.850397,0.001569,5
deep_gp_expr,entropy_batch,warm,al,mcmc,21,0.850137,0.000991,5
deep_gp_expr,entropy_batch,warm,al,mcmc,22,0.849663,0.000886,5
deep_gp_expr,entropy_batch,warm,al,mcmc,23,0.852232,0.001429,5
deep_gp_expr,entropy_batch,warm,al,mcmc,24,0.851006,0.000644,5
deep_gp_expr,entropy_batch,warm,al,mcmc,25,0.852166,0.001555,5
deep_gp_expr,entropy_batch,warm,al,mcmc,26,0.853419,0.001171,5
deep_gp_expr,entropy_batch,warm,al,mcmc,27,0.855892,0.002640,5
deep_gp_expr,entropy_batch,warm,al,mcmc,28,0.855680,0.002335,5
deep_gp_expr,entropy_batch,warm,al,mcmc,29,0.854166,0.002509,5
deep_gp_expr,entropy_batch,warm,al,mcmc,30,0.855218,0.002897,5
deep_gp_expr,entropy_batch,warm,al,mcmc,31,0.854983,0.003170,5
deep_gp_expr,entropy_batch,warm,al,mcmc,32,0.854549,0.002631,5
deep_gp_expr,entropy_batch,warm,al,mcmc,33,0.855988,0.002920,5
deep_gp_expr,entropy_batch,warm,al,mcmc,34,0.857220,0.003332,5
deep_gp_expr,entropy_batch,warm,al,mcmc,35,0.856039,0.003207,5
deep_gp_expr,entropy_batch,warm,al,mcmc,36,0.856662,0.002932,5
deep_gp_expr,entropy_batch,warm,al,mcmc,37,0.855569,0.002898,5
deep_gp_expr,entropy_batch,warm,al,mcmc,38,0.856694,0.002876,5
deep_gp_expr,entropy_batch,warm,al,mcmc,39,0.856510,0.002617,5
deep_gp_expr,entropy_batch,warm,al,mcmc,40,0.858293,0.003547,5
deep_gp_expr,entropy_batch,warm,al,mcmc,41,0.866312,,1
deep_gp_expr,entropy_batch,warm,al,mcmc,42,0.867438,,1
deep_gp_expr,entropy_batch,warm,al,mcmc,43,0.865298,,1
deep_gp_expr,entropy_batch,warm,al,mcmc,44,0.867234,,1
deep_gp_expr,entropy_batch,warm,al,mcmc,45,0.864176,,1
deep_gp_expr,entropy_batch,warm,al,mcmc,46,0.865528,,1
deep_gp_expr,entropy_batch,warm,al,mcmc,47,0.865616,,1
deep_gp_expr,entropy_batch,warm,al,mcmc,48,0.866554,,1
deep_gp_expr,entropy_batch,warm,al,mcmc,49,0.864744,,1
deep_gp_expr,entropy_batch,warm,al,mcmc,50,0.866094,,1
deep_gp_expr,entropy_batch,warm,al,mcmc,51,0.867138,,1
deep_gp_expr,entropy_batch,warm,al,mcmc,52,0.865114,,1
deep_gp_expr,entropy_batch,warm,al,mcmc,53,0.860834,,1
deep_gp_expr,entropy_batch,warm,al,mcmc,54,0.867894,,1
deep_gp_expr,entropy_batch,warm,al,mcmc,55,0.863640,,1
deep_gp_expr,entropy_batch,warm,al,mcmc,56,0.868824,,1
deep_gp_expr,entropy_batch,warm,al,mcmc,57,0.868096,,1
deep_gp_expr,entropy_batch,warm,al,mcmc,58,0.863222,,1
deep_gp_expr,entropy_batch,warm,al,mcmc,59,0.864456,,1
deep_gp_expr,entropy_batch,warm,al,mcmc,60,0.863342,,1
deep_gp_expr,entropy_batch,warm,al,mcmc,61,0.866556,,1
deep_gp_expr,entropy_batch,warm,al,mcmc,62,0.865162,,1
deep_gp_expr,entropy_batch,warm,al,mcmc,63,0.868308,,1
deep_gp_expr,entropy_batch,warm,al,mcmc,64,0.871728,,1
deep_gp_expr,entropy_batch,warm,al,mcmc,65,0.866956,,1
deep_gp_expr,entropy_batch,warm,al,mcmc,66,0.865302,,1
deep_gp_expr,entropy_batch,warm,al,mcmc,67,0.870728,,1
deep_gp_expr,entropy_batch,warm,al,mcmc,68,0.866198,,1
deep_gp_expr,entropy_batch,warm,al,mcmc,69,0.863114,,1
deep_gp_expr,entropy_batch,warm,al,mcmc,70,0.861816,,1
deep_gp_expr,entropy_batch,warm,al,mcmc,71,0.870046,,1
deep_gp_expr,entropy_batch,warm,al,mcmc,72,0.860260,,1
deep_gp_expr,entropy_batch,warm,al,mcmc,73,0.864028,,1
deep_gp_expr,entropy_batch,warm,al,mcmc,74,0.863356,,1
deep_gp_expr,entropy_batch,warm,al,mcmc,75,0.865444,,1
deep_gp_expr,entropy_batch,warm,al,mcmc,76,0.864550,,1
deep_gp_expr,entropy_batch,warm,al,mcmc,77,0.862312,,1
deep_gp_expr,entropy_batch,warm,al,mcmc,78,0.871536,,1
deep_gp_expr,entropy_batch,warm,al,mcmc,79,0.864858,,1
deep_gp_expr,entropy_batch,warm,al,mcmc,80,0.865774,,1
deep_gp_expr,entropy_batch,warm,al,mcmc,81,0.862676,,1
deep_gp_expr,entropy_batch,warm,al,mcmc,82,0.869360,,1
deep_gp_expr,entropy_batch,warm,al,mcmc,83,0.861894,,1
deep_gp_expr,entropy_batch,warm,al,mcmc,84,0.870984,,1
deep_gp_expr,entropy_batch,warm,al,mcmc,85,0.863106,,1
deep_gp_expr,entropy_batch,warm,al,mcmc,86,0.864824,,1
deep_gp_expr,entropy_batch,warm,al,mcmc,87,0.864140,,1
deep_gp_expr,entropy_batch,warm,al,mcmc,88,0.867606,,1
deep_gp_expr,entropy_batch,warm,al,mcmc,89,0.862428,,1
deep_gp_expr,entropy_batch,warm,al,mcmc,90,0.868792,,1
deep_gp_expr,entropy_batch,warm,al,mcmc,91,0.867102,,1
deep_gp_expr,entropy_batch,warm,al,mcmc,92,0.862818,,1
deep_gp_expr,entropy_batch,warm,al,mcmc,93,0.864320,,1
deep_gp_expr,entropy_batch,warm,al,mcmc,94,0.870172,,1
deep_gp_expr,entropy_batch,warm,al,mcmc,95,0.871016,,1
deep_gp_expr,entropy_batch,warm,al,mcmc,96,0.869292,,1
deep_gp_expr,entropy_batch,warm,al,mcmc,97,0.863574,,1
deep_gp_expr,entropy_batch,warm,al,mcmc,98,0.863562,,1
deep_gp_expr,entropy_batch,warm,al,mcmc,99,0.865954,,1
deep_gp_expr,entropy_batch,warm,al,mcmc,100,0.870776,,1
deep_gp_expr,entropy_batch,warm,al,mcmc,101,0.863316,,1
deep_gp_expr,entropy_batch,warm,al,mcmc,102,0.863046,,1
deep_gp_expr,entropy_batch,warm,al,mcmc,103,0.867446,,1
deep_gp_expr,entropy_batch,warm,al,mcmc,104,0.864548,,1
deep_gp_expr,entropy_batch,warm,al,mcmc,105,0.869084,,1
deep_gp_expr,entropy_batch,warm,al,mcmc,106,0.867400,,1
deep_gp_expr,entropy_batch,warm,al,mcmc,107,0.863006,,1
deep_gp_expr,entropy_batch,warm,al,mcmc,108,0.865740,,1
deep_gp_expr,entropy_batch,warm,al,mcmc,109,0.866068,,1
deep_gp_expr,entropy_batch,warm,al,mcmc,110,0.873804,,1
deep_gp_expr,entropy_batch,warm,al,mcmc,111,0.865124,,1
deep_gp_expr,entropy_batch,warm,al,mcmc,112,0.865048,,1
deep_gp_expr,entropy_batch,warm,al,mcmc,113,0.864302,,1
deep_gp_expr,entropy_batch,warm,al,mcmc,114,0.864714,,1
deep_gp_expr,entropy_batch,warm,al,mcmc,115,0.865806,,1
deep_gp_expr,entropy_batch,warm,al,mcmc,116,0.864994,,1
deep_gp_expr,entropy_batch,warm,al,mcmc,117,0.867196,,1
deep_gp_expr,entropy_batch,warm,al,mcmc,118,0.864384,,1
deep_gp_expr,entropy_batch,warm,al,mcmc,119,0.867744,,1
deep_gp_expr,entropy_batch,warm,al,mcmc,120,0.863428,,1
deep_gp_expr,entropy_batch,warm,al,mcmc,121,0.861920,,1
deep_gp_expr,entropy_batch,warm,al,mcmc,122,0.862464,,1
deep_gp_expr,entropy_batch,warm,al,mcmc,123,0.860868,,1
deep_gp_expr,entropy_batch,warm,al,mcmc,124,0.870042,,1
deep_gp_expr,entropy_batch,warm,al,train,1,0.843250,0.001389,5
deep_gp_expr,entropy_batch,warm,al,train,2,0.823551,0.004542,5
deep_gp_expr,entropy_batch,warm,al,train,3,0.800909,0.005612,5
deep_gp_expr,entropy_batch,warm,al,train,4,0.781858,0.004495,5
deep_gp_expr,entropy_batch,warm,al,train,5,0.772382,0.006770,5
deep_gp_expr,entropy_batch,warm,al,train,6,0.764479,0.004760,5
deep_gp_expr,entropy_batch,warm,al,train,7,0.753522,0.006091,5
deep_gp_expr,entropy_batch,warm,al,train,8,0.750019,0.003899,5
deep_gp_expr,entropy_batch,warm,al,train,9,0.742177,0.004116,5
deep_gp_expr,entropy_batch,warm,al,train,10,0.736576,0.004708,5
deep_gp_expr,entropy_batch,warm,al,train,11,0.737785,0.002982,5
deep_gp_expr,entropy_batch,warm,al,train,12,0.731608,0.004076,5
deep_gp_expr,entropy_batch,warm,al,train,13,0.725588,0.004821,5
deep_gp_expr,entropy_batch,warm,al,train,14,0.726735,0.005999,5
deep_gp_expr,entropy_batch,warm,al,train,15,0.723085,0.005061,5
deep_gp_expr,entropy_batch,warm,al,train,16,0.719199,0.004264,5
deep_gp_expr,entropy_batch,warm,al,train,17,0.714806,0.002848,5
deep_gp_expr,entropy_batch,warm,al,train,18,0.715987,0.005902,5
deep_gp_expr,entropy_batch,warm,al,train,19,0.712079,0.005890,5
deep_gp_expr,entropy_batch,warm,al,train,20,0.711182,0.005574,5
deep_gp_expr,entropy_batch,warm,al,train,21,0.706433,0.007412,5
deep_gp_expr,entropy_batch,warm,al,train,22,0.706011,0.007520,5
deep_gp_expr,entropy_batch,warm,al,train,23,0.710704,0.008718,5
deep_gp_expr,entropy_batch,warm,al,train,24,0.707859,0.009076,5
deep_gp_expr,entropy_batch,warm,al,train,25,0.707211,0.008132,5
deep_gp_expr,entropy_batch,warm,al,train,26,0.709029,0.007174,5
deep_gp_expr,entropy_batch,warm,al,train,27,0.709321,0.006808,5
deep_gp_expr,entropy_batch,warm,al,train,28,0.706993,0.006584,5
deep_gp_expr,entropy_batch,warm,al,train,29,0.707712,0.007418,5
deep_gp_expr,entropy_batch,warm,al,train,30,0.713197,0.006270,5
deep_gp_expr,entropy_batch,warm,al,train,31,0.706717,0.005661,5
deep_gp_expr,entropy_batch,warm,al,train,32,0.706788,0.004400,5
deep_gp_expr,entropy_batch,warm,al,train,33,0.705809,0.002570,5
deep_gp_expr,entropy_batch,warm,al,train,34,0.703271,0.004774,5
deep_gp_expr,entropy_batch,warm,al,train,35,0.707290,0.003680,5
deep_gp_expr,entropy_batch,warm,al,train,36,0.704786,0.004645,5
deep_gp_expr,entropy_batch,warm,al,train,37,0.701372,0.004132,5
deep_gp_expr,entropy_batch,warm,al,train,38,0.703975,0.006805,5
deep_gp_expr,entropy_batch,warm,al,train,39,0.706624,0.007788,5
deep_gp_expr,entropy_batch,warm,al,train,40,0.708778,0.006627,5
deep_gp_expr,entropy_batch,warm,al,train,41,0.725416,,1
deep_gp_expr,entropy_batch,warm,al,train,42,0.728097,,1
deep_gp_expr,entropy_batch,warm,al,train,43,0.741608,,1
deep_gp_expr,entropy_batch,warm,al,train,44,0.738794,,1
deep_gp_expr,entropy_batch,warm,al,train,45,0.741298,,1
deep_gp_expr,entropy_batch,warm,al,train,46,0.735310,,1
deep_gp_expr,entropy_batch,warm,al,train,47,0.729549,,1
deep_gp_expr,entropy_batch,warm,al,train,48,0.731508,,1
deep_gp_expr,entropy_batch,warm,al,train,49,0.730050,,1
deep_gp_expr,entropy_batch,warm,al,train,50,0.732475,,1
deep_gp_expr,entropy_batch,warm,al,train,51,0.720641,,1
deep_gp_expr,entropy_batch,warm,al,train,52,0.733134,,1
deep_gp_expr,entropy_batch,warm,al,train,53,0.720716,,1
deep_gp_expr,entropy_batch,warm,al,train,54,0.715983,,1
deep_gp_expr,entropy_batch,warm,al,train,55,0.728580,,1
deep_gp_expr,entropy_batch,warm,al,train,56,0.721478,,1
deep_gp_expr,entropy_batch,warm,al,train,57,0.721904,,1
deep_gp_expr,entropy_batch,warm,al,train,58,0.711411,,1
deep_gp_expr,entropy_batch,warm,al,train,59,0.724109,,1
deep_gp_expr,entropy_batch,warm,al,train,60,0.708514,,1
deep_gp_expr,entropy_batch,warm,al,train,61,0.718652,,1
deep_gp_expr,entropy_batch,warm,al,train,62,0.718052,,1
deep_gp_expr,entropy_batch,warm,al,train,63,0.703886,,1
deep_gp_expr,entropy_batch,warm,al,train,64,0.705559,,1
deep_gp_expr,entropy_batch,warm,al,train,65,0.711785,,1
deep_gp_expr,entropy_batch,warm,al,train,66,0.710287,,1
deep_gp_expr,entropy_batch,warm,al,train,67,0.708066,,1
deep_gp_expr,entropy_batch,warm,al,train,68,0.713529,,1
deep_gp_expr,entropy_batch,warm,al,train,69,0.708766,,1
deep_gp_expr,entropy_batch,warm,al,train,70,0.712354,,1
deep_gp_expr,entropy_batch,warm,al,train,71,0.695378,,1
deep_gp_expr,entropy_batch,warm,al,train,72,0.712890,,1
deep_gp_expr,entropy_batch,warm,al,train,73,0.708447,,1
deep_gp_expr,entropy_batch,warm,al,train,74,0.706446,,1
deep_gp_expr,entropy_batch,warm,al,train,75,0.705418,,1
deep_gp_expr,entropy_batch,warm,al,train,76,0.699194,,1
deep_gp_expr,entropy_batch,warm,al,train,77,0.700687,,1
deep_gp_expr,entropy_batch,warm,al,train,78,0.696899,,1
deep_gp_expr,entropy_batch,warm,al,train,79,0.703495,,1
deep_gp_expr,entropy_batch,warm,al,train,80,0.715469,,1
deep_gp_expr,entropy_batch,warm,al,train,81,0.707371,,1
deep_gp_expr,entropy_batch,warm,al,train,82,0.696945,,1
deep_gp_expr,entropy_batch,warm,al,train,83,0.686119,,1
deep_gp_expr,entropy_batch,warm,al,train,84,0.697217,,1
deep_gp_expr,entropy_batch,warm,al,train,85,0.698754,,1
deep_gp_expr,entropy_batch,warm,al,train,86,0.691012,,1
deep_gp_expr,entropy_batch,warm,al,train,87,0.701194,,1
deep_gp_expr,entropy_batch,warm,al,train,88,0.697301,,1
deep_gp_expr,entropy_batch,warm,al,train,89,0.689985,,1
deep_gp_expr,entropy_batch,warm,al,train,90,0.682619,,1
deep_gp_expr,entropy_batch,warm,al,train,91,0.694346,,1
deep_gp_expr,entropy_batch,warm,al,train,92,0.695638,,1
deep_gp_expr,entropy_batch,warm,al,train,93,0.687440,,1
deep_gp_expr,entropy_batch,warm,al,train,94,0.686118,,1
deep_gp_expr,entropy_batch,warm,al,train,95,0.696190,,1
deep_gp_expr,entropy_batch,warm,al,train,96,0.691201,,1
deep_gp_expr,entropy_batch,warm,al,train,97,0.690131,,1
deep_gp_expr,entropy_batch,warm,al,train,98,0.692020,,1
deep_gp_expr,entropy_batch,warm,al,train,99,0.693797,,1
deep_gp_expr,entropy_batch,warm,al,train,100,0.690162,,1
deep_gp_expr,entropy_batch,warm,al,train,101,0.687951,,1
deep_gp_expr,entropy_batch,warm,al,train,102,0.687965,,1
deep_gp_expr,entropy_batch,warm,al,train,103,0.692639,,1
deep_gp_expr,entropy_batch,warm,al,train,104,0.683830,,1
deep_gp_expr,entropy_batch,warm,al,train,105,0.671233,,1
deep_gp_expr,entropy_batch,warm,al,train,106,0.682961,,1
deep_gp_expr,entropy_batch,warm,al,train,107,0.683233,,1
deep_gp_expr,entropy_batch,warm,al,train,108,0.689305,,1
deep_gp_expr,entropy_batch,warm,al,train,109,0.680352,,1
deep_gp_expr,entropy_batch,warm,al,train,110,0.670795,,1
deep_gp_expr,entropy_batch,warm,al,train,111,0.676409,,1
deep_gp_expr,entropy_batch,warm,al,train,112,0.677827,,1
deep_gp_expr,entropy_batch,warm,al,train,113,0.677623,,1
deep_gp_expr,entropy_batch,warm,al,train,114,0.691515,,1
deep_gp_expr,entropy_batch,warm,al,train,115,0.686230,,1
deep_gp_expr,entropy_batch,warm,al,train,116,0.686221,,1
deep_gp_expr,entropy_batch,warm,al,train,117,0.688017,,1
deep_gp_expr,entropy_batch,warm,al,train,118,0.685514,,1
deep_gp_expr,entropy_batch,warm,al,train,119,0.683829,,1
deep_gp_expr,entropy_batch,warm,al,train,120,0.674021,,1
deep_gp_expr,entropy_batch,warm,al,train,121,0.680975,,1
deep_gp_expr,entropy_batch,warm,al,train,122,0.681595,,1
deep_gp_expr,entropy_batch,warm,al,train,123,0.677844,,1
deep_gp_expr,entropy_batch,warm,al,train,124,0.673986,,1
deep_gp_expr,entropy_batch,warm,al,val,1,0.811500,0.006736,5
deep_gp_expr,entropy_batch,warm,al,val,2,0.796619,0.011773,5
deep_gp_expr,entropy_batch,warm,al,val,3,0.761663,0.008855,5
deep_gp_expr,entropy_batch,warm,al,val,4,0.761414,0.010250,5
deep_gp_expr,entropy_batch,warm,al,val,5,0.742016,0.007805,5
deep_gp_expr,entropy_batch,warm,al,val,6,0.739114,0.009213,5
deep_gp_expr,entropy_batch,warm,al,val,7,0.730359,0.009693,5
deep_gp_expr,entropy_batch,warm,al,val,8,0.727638,0.006605,5
deep_gp_expr,entropy_batch,warm,al,val,9,0.722857,0.009934,5
deep_gp_expr,entropy_batch,warm,al,val,10,0.717230,0.004796,5
deep_gp_expr,entropy_batch,warm,al,val,11,0.720939,0.003695,5
deep_gp_expr,entropy_batch,warm,al,val,12,0.712109,0.003160,5
deep_gp_expr,entropy_batch,warm,al,val,13,0.706877,0.003757,5
deep_gp_expr,entropy_batch,warm,al,val,14,0.702540,0.002810,5
deep_gp_expr,entropy_batch,warm,al,val,15,0.700250,0.005732,5
deep_gp_expr,entropy_batch,warm,al,val,16,0.696400,0.006245,5
deep_gp_expr,entropy_batch,warm,al,val,17,0.691866,0.004595,5
deep_gp_expr,entropy_batch,warm,al,val,18,0.693934,0.008873,5
deep_gp_expr,entropy_batch,warm,al,val,19,0.694115,0.004115,5
deep_gp_expr,entropy_batch,warm,al,val,20,0.686804,0.005266,5
deep_gp_expr,entropy_batch,warm,al,val,21,0.690811,0.004584,5
deep_gp_expr,entropy_batch,warm,al,val,22,0.688992,0.007691,5
deep_gp_expr,entropy_batch,warm,al,val,23,0.692571,0.007595,5
deep_gp_expr,entropy_batch,warm,al,val,24,0.694027,0.007534,5
deep_gp_expr,entropy_batch,warm,al,val,25,0.690750,0.004522,5
deep_gp_expr,entropy_batch,warm,al,val,26,0.697776,0.006413,5
deep_gp_expr,entropy_batch,warm,al,val,27,0.699040,0.004213,5
deep_gp_expr,entropy_batch,warm,al,val,28,0.695772,0.005601,5
deep_gp_expr,entropy_batch,warm,al,val,29,0.700641,0.002788,5
deep_gp_expr,entropy_batch,warm,al,val,30,0.702811,0.005440,5
deep_gp_expr,entropy_batch,warm,al,val,31,0.697890,0.005735,5
deep_gp_expr,entropy_batch,warm,al,val,32,0.699653,0.005562,5
deep_gp_expr,entropy_batch,warm,al,val,33,0.695656,0.004400,5
deep_gp_expr,entropy_batch,warm,al,val,34,0.691605,0.009557,5
deep_gp_expr,entropy_batch,warm,al,val,35,0.697910,0.005334,5
deep_gp_expr,entropy_batch,warm,al,val,36,0.688132,0.006591,5
deep_gp_expr,entropy_batch,warm,al,val,37,0.691278,0.005686,5
deep_gp_expr,entropy_batch,warm,al,val,38,0.693965,0.008649,5
deep_gp_expr,entropy_batch,warm,al,val,39,0.695701,0.010611,5
deep_gp_expr,entropy_batch,warm,al,val,40,0.695603,0.006530,5
deep_gp_expr,entropy_batch,warm,al,val,41,0.715906,,1
deep_gp_expr,entropy_batch,warm,al,val,42,0.723837,,1
deep_gp_expr,entropy_batch,warm,al,val,43,0.740626,,1
deep_gp_expr,entropy_batch,warm,al,val,44,0.729367,,1
deep_gp_expr,entropy_batch,warm,al,val,45,0.728220,,1
deep_gp_expr,entropy_batch,warm,al,val,46,0.725967,,1
deep_gp_expr,entropy_batch,warm,al,val,47,0.730852,,1
deep_gp_expr,entropy_batch,warm,al,val,48,0.735067,,1
deep_gp_expr,entropy_batch,warm,al,val,49,0.730327,,1
deep_gp_expr,entropy_batch,warm,al,val,50,0.728856,,1
deep_gp_expr,entropy_batch,warm,al,val,51,0.710983,,1
deep_gp_expr,entropy_batch,warm,al,val,52,0.724847,,1
deep_gp_expr,entropy_batch,warm,al,val,53,0.711336,,1
deep_gp_expr,entropy_batch,warm,al,val,54,0.720330,,1
deep_gp_expr,entropy_batch,warm,al,val,55,0.736623,,1
deep_gp_expr,entropy_batch,warm,al,val,56,0.720525,,1
deep_gp_expr,entropy_batch,warm,al,val,57,0.725015,,1
deep_gp_expr,entropy_batch,warm,al,val,58,0.710505,,1
deep_gp_expr,entropy_batch,warm,al,val,59,0.721318,,1
deep_gp_expr,entropy_batch,warm,al,val,60,0.709203,,1
deep_gp_expr,entropy_batch,warm,al,val,61,0.722719,,1
deep_gp_expr,entropy_batch,warm,al,val,62,0.711362,,1
deep_gp_expr,entropy_batch,warm,al,val,63,0.699371,,1
deep_gp_expr,entropy_batch,warm,al,val,64,0.708988,,1
deep_gp_expr,entropy_batch,warm,al,val,65,0.712149,,1
deep_gp_expr,entropy_batch,warm,al,val,66,0.702506,,1
deep_gp_expr,entropy_batch,warm,al,val,67,0.709174,,1
deep_gp_expr,entropy_batch,warm,al,val,68,0.715994,,1
deep_gp_expr,entropy_batch,warm,al,val,69,0.703628,,1
deep_gp_expr,entropy_batch,warm,al,val,70,0.705037,,1
deep_gp_expr,entropy_batch,warm,al,val,71,0.691999,,1
deep_gp_expr,entropy_batch,warm,al,val,72,0.715183,,1
deep_gp_expr,entropy_batch,warm,al,val,73,0.712418,,1
deep_gp_expr,entropy_batch,warm,al,val,74,0.707250,,1
deep_gp_expr,entropy_batch,warm,al,val,75,0.708260,,1
deep_gp_expr,entropy_batch,warm,al,val,76,0.698624,,1
deep_gp_expr,entropy_batch,warm,al,val,77,0.695639,,1
deep_gp_expr,entropy_batch,warm,al,val,78,0.687084,,1
deep_gp_expr,entropy_batch,warm,al,val,79,0.703187,,1
deep_gp_expr,entropy_batch,warm,al,val,80,0.716581,,1
deep_gp_expr,entropy_batch,warm,al,val,81,0.707708,,1
deep_gp_expr,entropy_batch,warm,al,val,82,0.699881,,1
deep_gp_expr,entropy_batch,warm,al,val,83,0.695134,,1
deep_gp_expr,entropy_batch,warm,al,val,84,0.700756,,1
deep_gp_expr,entropy_batch,warm,al,val,85,0.697564,,1
deep_gp_expr,entropy_batch,warm,al,val,86,0.689749,,1
deep_gp_expr,entropy_batch,warm,al,val,87,0.696875,,1
deep_gp_expr,entropy_batch,warm,al,val,88,0.687342,,1
deep_gp_expr,entropy_batch,warm,al,val,89,0.686848,,1
deep_gp_expr,entropy_batch,warm,al,val,90,0.678118,,1
deep_gp_expr,entropy_batch,warm,al,val,91,0.702311,,1
deep_gp_expr,entropy_batch,warm,al,val,92,0.692923,,1
deep_gp_expr,entropy_batch,warm,al,val,93,0.683638,,1
deep_gp_expr,entropy_batch,warm,al,val,94,0.678966,,1
deep_gp_expr,entropy_batch,warm,al,val,95,0.696381,,1
deep_gp_expr,entropy_batch,warm,al,val,96,0.685175,,1
deep_gp_expr,entropy_batch,warm,al,val,97,0.692288,,1
deep_gp_expr,entropy_batch,warm,al,val,98,0.690277,,1
deep_gp_expr,entropy_batch,warm,al,val,99,0.690549,,1
deep_gp_expr,entropy_batch,warm,al,val,100,0.691206,,1
deep_gp_expr,entropy_batch,warm,al,val,101,0.684773,,1
deep_gp_expr,entropy_batch,warm,al,val,102,0.690292,,1
deep_gp_expr,entropy_batch,warm,al,val,103,0.688382,,1
deep_gp_expr,entropy_batch,warm,al,val,104,0.671583,,1
deep_gp_expr,entropy_batch,warm,al,val,105,0.660527,,1
deep_gp_expr,entropy_batch,warm,al,val,106,0.676998,,1
deep_gp_expr,entropy_batch,warm,al,val,107,0.676202,,1
deep_gp_expr,entropy_batch,warm,al,val,108,0.686352,,1
deep_gp_expr,entropy_batch,warm,al,val,109,0.673576,,1
deep_gp_expr,entropy_batch,warm,al,val,110,0.665295,,1
deep_gp_expr,entropy_batch,warm,al,val,111,0.671607,,1
deep_gp_expr,entropy_batch,warm,al,val,112,0.672691,,1
deep_gp_expr,entropy_batch,warm,al,val,113,0.673300,,1
deep_gp_expr,entropy_batch,warm,al,val,114,0.680338,,1
deep_gp_expr,entropy_batch,warm,al,val,115,0.683829,,1
deep_gp_expr,entropy_batch,warm,al,val,116,0.692688,,1
deep_gp_expr,entropy_batch,warm,al,val,117,0.679357,,1
deep_gp_expr,entropy_batch,warm,al,val,118,0.685103,,1
deep_gp_expr,entropy_batch,warm,al,val,119,0.682999,,1
deep_gp_expr,entropy_batch,warm,al,val,120,0.671916,,1
deep_gp_expr,entropy_batch,warm,al,val,121,0.679026,,1
deep_gp_expr,entropy_batch,warm,al,val,122,0.678224,,1
deep_gp_expr,entropy_batch,warm,al,val,123,0.675487,,1
deep_gp_expr,entropy_batch,warm,al,val,124,0.671816,,1
deep_gp_expr,entropy_batch,warm,baseline,static_random,1,0.822738,0.001824,5
deep_gp_expr,entropy_batch,warm,baseline,static_random,2,0.827968,0.001765,5
deep_gp_expr,entropy_batch,warm,baseline,static_random,3,0.833144,0.001423,5
deep_gp_expr,entropy_batch,warm,baseline,static_random,4,0.837026,0.000690,5
deep_gp_expr,entropy_batch,warm,baseline,static_random,5,0.838632,0.000305,5
deep_gp_expr,entropy_batch,warm,baseline,static_random,6,0.841018,0.000612,5
deep_gp_expr,entropy_batch,warm,baseline,static_random,7,0.841644,0.000829,5
deep_gp_expr,entropy_batch,warm,baseline,static_random,8,0.843306,0.001109,5
deep_gp_expr,entropy_batch,warm,baseline,static_random,9,0.843378,0.000851,5
deep_gp_expr,entropy_batch,warm,baseline,static_random,10,0.844932,0.000681,5
deep_gp_expr,entropy_batch,warm,baseline,static_random,11,0.846644,0.001643,5
deep_gp_expr,entropy_batch,warm,baseline,static_random,12,0.848300,0.001764,5
deep_gp_expr,entropy_batch,warm,baseline,static_random,13,0.849962,0.001714,5
deep_gp_expr,entropy_batch,warm,baseline,static_random,14,0.850850,0.001481,5
deep_gp_expr,entropy_batch,warm,baseline,static_random,15,0.851378,0.001691,5
deep_gp_expr,entropy_batch,warm,baseline,static_random,16,0.852172,0.001219,5
deep_gp_expr,entropy_batch,warm,baseline,static_random,17,0.852694,0.001008,5
deep_gp_expr,entropy_batch,warm,baseline,static_random,18,0.852364,0.000828,5
deep_gp_expr,entropy_batch,warm,baseline,static_random,19,0.853008,0.001496,5
deep_gp_expr,entropy_batch,warm,baseline,static_random,20,0.853432,0.001250,5
deep_gp_expr,entropy_batch,warm,baseline,static_random,21,0.855478,0.002003,5
deep_gp_expr,entropy_batch,warm,baseline,static_random,22,0.855934,0.002272,5
deep_gp_expr,entropy_batch,warm,baseline,static_random,23,0.856994,0.002448,5
deep_gp_expr,entropy_batch,warm,baseline,static_random,24,0.857160,0.002109,5
deep_gp_expr,entropy_batch,warm,baseline,static_random,25,0.857882,0.002529,5
deep_gp_expr,entropy_batch,warm,baseline,static_random,26,0.857578,0.002520,5
deep_gp_expr,entropy_batch,warm,baseline,static_random,27,0.857738,0.002883,5
deep_gp_expr,entropy_batch,warm,baseline,static_random,28,0.858054,0.002344,5
deep_gp_expr,entropy_batch,warm,baseline,static_random,29,0.857956,0.002729,5
deep_gp_expr,entropy_batch,warm,baseline,static_random,30,0.857628,0.002581,5
deep_gp_expr,entropy_batch,warm,baseline,static_random,31,0.859010,0.002870,5
deep_gp_expr,entropy_batch,warm,baseline,static_random,32,0.858646,0.002656,5
deep_gp_expr,entropy_batch,warm,baseline,static_random,33,0.859272,0.002630,5
deep_gp_expr,entropy_batch,warm,baseline,static_random,34,0.859240,0.002550,5
deep_gp_expr,entropy_batch,warm,baseline,static_random,35,0.859776,0.002568,5
deep_gp_expr,entropy_batch,warm,baseline,static_random,36,0.859514,0.002598,5
deep_gp_expr,entropy_batch,warm,baseline,static_random,37,0.860218,0.002628,5
deep_gp_expr,entropy_batch,warm,baseline,static_random,38,0.860616,0.002563,5
deep_gp_expr,entropy_batch,warm,baseline,static_random,39,0.860568,0.002515,5
deep_gp_expr,entropy_batch,warm,baseline,static_random,40,0.862632,0.002607,5
deep_gp_expr,entropy_batch,warm,baseline,static_random,41,0.869390,,1
deep_gp_expr,entropy_batch,warm,baseline,static_random,42,0.870240,,1
deep_gp_expr,entropy_batch,warm,baseline,static_random,43,0.870910,,1
deep_gp_expr,entropy_batch,warm,baseline,static_random,44,0.870520,,1
deep_gp_expr,entropy_batch,warm,baseline,static_random,45,0.869620,,1
deep_gp_expr,entropy_batch,warm,baseline,static_random,46,0.871100,,1
deep_gp_expr,entropy_batch,warm,baseline,static_random,47,0.870700,,1
deep_gp_expr,entropy_batch,warm,baseline,static_random,48,0.872740,,1
deep_gp_expr,entropy_batch,warm,baseline,static_random,49,0.871680,,1
deep_gp_expr,entropy_batch,warm,baseline,static_random,50,0.871190,,1
deep_gp_expr,entropy_batch,warm,baseline,static_random,51,0.870740,,1
deep_gp_expr,entropy_batch,warm,baseline,static_random,52,0.870890,,1
deep_gp_expr,entropy_batch,warm,baseline,static_random,53,0.871260,,1
deep_gp_expr,entropy_batch,warm,baseline,static_random,54,0.873320,,1
deep_gp_expr,entropy_batch,warm,baseline,static_random,55,0.874570,,1
deep_gp_expr,entropy_batch,warm,baseline,static_random,56,0.875570,,1
deep_gp_expr,entropy_batch,warm,baseline,static_random,57,0.875940,,1
deep_gp_expr,entropy_batch,warm,baseline,static_random,58,0.876750,,1
deep_gp_expr,entropy_batch,warm,baseline,static_random,59,0.877090,,1
deep_gp_expr,entropy_batch,warm,baseline,static_random,60,0.877230,,1
deep_gp_expr,entropy_batch,warm,baseline,static_random,61,0.878780,,1
deep_gp_expr,entropy_batch,warm,baseline,static_random,62,0.878340,,1
deep_gp_expr,entropy_batch,warm,baseline,static_random,63,0.878780,,1
deep_gp_expr,entropy_batch,warm,baseline,static_random,64,0.879960,,1
deep_gp_expr,entropy_batch,warm,baseline,static_random,65,0.879590,,1
deep_gp_expr,entropy_batch,warm,baseline,static_random,66,0.880320,,1
deep_gp_expr,entropy_batch,warm,baseline,static_random,67,0.880880,,1
deep_gp_expr,entropy_batch,warm,baseline,static_random,68,0.880770,,1
deep_gp_expr,entropy_batch,warm,baseline,static_random,69,0.878630,,1
deep_gp_expr,entropy_batch,warm,baseline,static_random,70,0.880780,,1
deep_gp_expr,entropy_batch,warm,baseline,static_random,71,0.881170,,1
deep_gp_expr,entropy_batch,warm,baseline,static_random,72,0.879830,,1
deep_gp_expr,entropy_batch,warm,baseline,static_random,73,0.879090,,1
deep_gp_expr,entropy_batch,warm,baseline,static_random,74,0.881290,,1
deep_gp_expr,entropy_batch,warm,baseline,static_random,75,0.880790,,1
deep_gp_expr,entropy_batch,warm,baseline,static_random,76,0.881030,,1
deep_gp_expr,entropy_batch,warm,baseline,static_random,77,0.880370,,1
deep_gp_expr,entropy_batch,warm,baseline,static_random,78,0.879170,,1
deep_gp_expr,entropy_batch,warm,baseline,static_random,79,0.881290,,1
deep_gp_expr,entropy_batch,warm,baseline,static_random,80,0.881250,,1
deep_gp_expr,entropy_batch,warm,baseline,static_random,81,0.880040,,1
deep_gp_expr,entropy_batch,warm,baseline,static_random,82,0.881420,,1
deep_gp_expr,entropy_batch,warm,baseline,static_random,83,0.881470,,1
deep_gp_expr,entropy_batch,warm,baseline,static_random,84,0.881510,,1
deep_gp_expr,entropy_batch,warm,baseline,static_random,85,0.881770,,1
deep_gp_expr,entropy_batch,warm,baseline,static_random,86,0.882240,,1
deep_gp_expr,entropy_batch,warm,baseline,static_random,87,0.881090,,1
deep_gp_expr,entropy_batch,warm,baseline,static_random,88,0.881490,,1
deep_gp_expr,entropy_batch,warm,baseline,static_random,89,0.882120,,1
deep_gp_expr,entropy_batch,warm,baseline,static_random,90,0.881910,,1
deep_gp_expr,entropy_batch,warm,baseline,static_random,91,0.880730,,1
deep_gp_expr,entropy_batch,warm,baseline,static_random,92,0.881300,,1
deep_gp_expr,entropy_batch,warm,baseline,static_random,93,0.880400,,1
deep_gp_expr,entropy_batch,warm,baseline,static_random,94,0.882640,,1
deep_gp_expr,entropy_batch,warm,baseline,static_random,95,0.880550,,1
deep_gp_expr,entropy_batch,warm,baseline,static_random,96,0.879850,,1
deep_gp_expr,entropy_batch,warm,baseline,static_random,97,0.882650,,1
deep_gp_expr,entropy_batch,warm,baseline,static_random,98,0.883040,,1
deep_gp_expr,entropy_batch,warm,baseline,static_random,99,0.883150,,1
deep_gp_expr,entropy_batch,warm,baseline,static_random,100,0.882510,,1
deep_gp_expr,entropy_batch,warm,baseline,static_random,101,0.880410,,1
deep_gp_expr,entropy_batch,warm,baseline,static_random,102,0.883310,,1
deep_gp_expr,entropy_batch,warm,baseline,static_random,103,0.883280,,1
deep_gp_expr,entropy_batch,warm,baseline,static_random,104,0.882290,,1
deep_gp_expr,entropy_batch,warm,baseline,static_random,105,0.882610,,1
deep_gp_expr,entropy_batch,warm,baseline,static_random,106,0.882700,,1
deep_gp_expr,entropy_batch,warm,baseline,static_random,107,0.882250,,1
deep_gp_expr,entropy_batch,warm,baseline,static_random,108,0.882370,,1
deep_gp_expr,entropy_batch,warm,baseline,static_random,109,0.883630,,1
deep_gp_expr,entropy_batch,warm,baseline,static_random,110,0.882860,,1
deep_gp_expr,entropy_batch,warm,baseline,static_random,111,0.883810,,1
deep_gp_expr,entropy_batch,warm,baseline,static_random,112,0.882850,,1
deep_gp_expr,entropy_batch,warm,baseline,static_random,113,0.883590,,1
deep_gp_expr,entropy_batch,warm,baseline,static_random,114,0.882170,,1
deep_gp_expr,entropy_batch,warm,baseline,static_random,115,0.880170,,1
deep_gp_expr,entropy_batch,warm,baseline,static_random,116,0.882880,,1
deep_gp_expr,entropy_batch,warm,baseline,static_random,117,0.882350,,1
deep_gp_expr,entropy_batch,warm,baseline,static_random,118,0.882140,,1
deep_gp_expr,entropy_batch,warm,baseline,static_random,119,0.883750,,1
deep_gp_expr,entropy_batch,warm,baseline,static_random,120,0.882580,,1
deep_gp_expr,entropy_batch,warm,baseline,static_random,121,0.883450,,1
deep_gp_expr,entropy_batch,warm,baseline,static_random,122,0.882110,,1
deep_gp_expr,entropy_batch,warm,baseline,static_random,123,0.881570,,1
deep_gp_expr,entropy_batch,warm,baseline,static_random,124,0.882070,,1
deep_gp_expr,entropy_batch,warm,baseline,mcmc,1,0.849254,0.010571,5
deep_gp_expr,entropy_batch,warm,baseline,mcmc,2,0.846639,0.011271,5
deep_gp_expr,entropy_batch,warm,baseline,mcmc,3,0.839162,0.011986,5
deep_gp_expr,entropy_batch,warm,baseline,mcmc,4,0.835538,0.003440,5
deep_gp_expr,entropy_batch,warm,baseline,mcmc,5,0.836268,0.005647,5
deep_gp_expr,entropy_batch,warm,baseline,mcmc,6,0.838087,0.006188,5
deep_gp_expr,entropy_batch,warm,baseline,mcmc,7,0.835926,0.006706,5
deep_gp_expr,entropy_batch,warm,baseline,mcmc,8,0.841663,0.004482,5
deep_gp_expr,entropy_batch,warm,baseline,mcmc,9,0.839102,0.004692,5
deep_gp_expr,entropy_batch,warm,baseline,mcmc,10,0.843898,0.003819,5
deep_gp_expr,entropy_batch,warm,baseline,mcmc,11,0.833062,0.002960,5
deep_gp_expr,entropy_batch,warm,baseline,mcmc,12,0.837538,0.003621,5
deep_gp_expr,entropy_batch,warm,baseline,mcmc,13,0.839170,0.003951,5
deep_gp_expr,entropy_batch,warm,baseline,mcmc,14,0.844429,0.003755,5
deep_gp_expr,entropy_batch,warm,baseline,mcmc,15,0.839992,0.004718,5
deep_gp_expr,entropy_batch,warm,baseline,mcmc,16,0.841854,0.002386,5
deep_gp_expr,entropy_batch,warm,baseline,mcmc,17,0.840614,0.002886,5
deep_gp_expr,entropy_batch,warm,baseline,mcmc,18,0.842865,0.003918,5
deep_gp_expr,entropy_batch,warm,baseline,mcmc,19,0.842669,0.002543,5
deep_gp_expr,entropy_batch,warm,baseline,mcmc,20,0.844347,0.002362,5
deep_gp_expr,entropy_batch,warm,baseline,mcmc,21,0.846479,0.003657,5
deep_gp_expr,entropy_batch,warm,baseline,mcmc,22,0.845936,0.003378,5
deep_gp_expr,entropy_batch,warm,baseline,mcmc,23,0.847646,0.004086,5
deep_gp_expr,entropy_batch,warm,baseline,mcmc,24,0.849954,0.003918,5
deep_gp_expr,entropy_batch,warm,baseline,mcmc,25,0.850410,0.003295,5
deep_gp_expr,entropy_batch,warm,baseline,mcmc,26,0.846985,0.003228,5
deep_gp_expr,entropy_batch,warm,baseline,mcmc,27,0.844904,0.002931,5
deep_gp_expr,entropy_batch,warm,baseline,mcmc,28,0.846571,0.002785,5
deep_gp_expr,entropy_batch,warm,baseline,mcmc,29,0.847107,0.002602,5
deep_gp_expr,entropy_batch,warm,baseline,mcmc,30,0.847238,0.002898,5
deep_gp_expr,entropy_batch,warm,baseline,mcmc,31,0.848784,0.002184,5
deep_gp_expr,entropy_batch,warm,baseline,mcmc,32,0.850289,0.003507,5
deep_gp_expr,entropy_batch,warm,baseline,mcmc,33,0.850838,0.004273,5
deep_gp_expr,entropy_batch,warm,baseline,mcmc,34,0.846912,0.003467,5
deep_gp_expr,entropy_batch,warm,baseline,mcmc,35,0.845810,0.002028,5
deep_gp_expr,entropy_batch,warm,baseline,mcmc,36,0.847196,0.003041,5
deep_gp_expr,entropy_batch,warm,baseline,mcmc,37,0.848664,0.002359,5
deep_gp_expr,entropy_batch,warm,baseline,mcmc,38,0.848980,0.004506,5
deep_gp_expr,entropy_batch,warm,baseline,mcmc,39,0.847388,0.002669,5
deep_gp_expr,entropy_batch,warm,baseline,mcmc,40,0.848267,0.001311,5
deep_gp_expr,entropy_batch,warm,baseline,mcmc,41,0.843572,,1
deep_gp_expr,entropy_batch,warm,baseline,mcmc,42,0.844234,,1
deep_gp_expr,entropy_batch,warm,baseline,mcmc,43,0.844618,,1
deep_gp_expr,entropy_batch,warm,baseline,mcmc,44,0.843012,,1
deep_gp_expr,entropy_batch,warm,baseline,mcmc,45,0.837466,,1
deep_gp_expr,entropy_batch,warm,baseline,mcmc,46,0.846730,,1
deep_gp_expr,entropy_batch,warm,baseline,mcmc,47,0.848188,,1
deep_gp_expr,entropy_batch,warm,baseline,mcmc,48,0.842858,,1
deep_gp_expr,entropy_batch,warm,baseline,mcmc,49,0.837238,,1
deep_gp_expr,entropy_batch,warm,baseline,mcmc,50,0.844174,,1
deep_gp_expr,entropy_batch,warm,baseline,mcmc,51,0.838532,,1
deep_gp_expr,entropy_batch,warm,baseline,mcmc,52,0.849260,,1
deep_gp_expr,entropy_batch,warm,baseline,mcmc,53,0.845000,,1
deep_gp_expr,entropy_batch,warm,baseline,mcmc,54,0.845528,,1
deep_gp_expr,entropy_batch,warm,baseline,mcmc,55,0.843090,,1
deep_gp_expr,entropy_batch,warm,baseline,mcmc,56,0.849890,,1
deep_gp_expr,entropy_batch,warm,baseline,mcmc,57,0.850414,,1
deep_gp_expr,entropy_batch,warm,baseline,mcmc,58,0.852738,,1
deep_gp_expr,entropy_batch,warm,baseline,mcmc,59,0.846896,,1
deep_gp_expr,entropy_batch,warm,baseline,mcmc,60,0.840614,,1
deep_gp_expr,entropy_batch,warm,baseline,mcmc,61,0.843810,,1
deep_gp_expr,entropy_batch,warm,baseline,mcmc,62,0.846238,,1
deep_gp_expr,entropy_batch,warm,baseline,mcmc,63,0.845624,,1
deep_gp_expr,entropy_batch,warm,baseline,mcmc,64,0.843060,,1
deep_gp_expr,entropy_batch,warm,baseline,mcmc,65,0.843348,,1
deep_gp_expr,entropy_batch,warm,baseline,mcmc,66,0.841344,,1
deep_gp_expr,entropy_batch,warm,baseline,mcmc,67,0.843854,,1
deep_gp_expr,entropy_batch,warm,baseline,mcmc,68,0.838716,,1
deep_gp_expr,entropy_batch,warm,baseline,mcmc,69,0.836664,,1
deep_gp_expr,entropy_batch,warm,baseline,mcmc,70,0.841310,,1
deep_gp_expr,entropy_batch,warm,baseline,mcmc,71,0.844382,,1
deep_gp_expr,entropy_batch,warm,baseline,mcmc,72,0.841850,,1
deep_gp_expr,entropy_batch,warm,baseline,mcmc,73,0.843258,,1
deep_gp_expr,entropy_batch,warm,baseline,mcmc,74,0.843982,,1
deep_gp_expr,entropy_batch,warm,baseline,mcmc,75,0.842876,,1
deep_gp_expr,entropy_batch,warm,baseline,mcmc,76,0.842956,,1
deep_gp_expr,entropy_batch,warm,baseline,mcmc,77,0.843056,,1
deep_gp_expr,entropy_batch,warm,baseline,mcmc,78,0.838598,,1
deep_gp_expr,entropy_batch,warm,baseline,mcmc,79,0.840590,,1
deep_gp_expr,entropy_batch,warm,baseline,mcmc,80,0.842050,,1
deep_gp_expr,entropy_batch,warm,baseline,mcmc,81,0.837870,,1
deep_gp_expr,entropy_batch,warm,baseline,mcmc,82,0.843022,,1
deep_gp_expr,entropy_batch,warm,baseline,mcmc,83,0.845512,,1
deep_gp_expr,entropy_batch,warm,baseline,mcmc,84,0.842584,,1
deep_gp_expr,entropy_batch,warm,baseline,mcmc,85,0.842464,,1
deep_gp_expr,entropy_batch,warm,baseline,mcmc,86,0.843686,,1
deep_gp_expr,entropy_batch,warm,baseline,mcmc,87,0.840844,,1
deep_gp_expr,entropy_batch,warm,baseline,mcmc,88,0.841302,,1
deep_gp_expr,entropy_batch,warm,baseline,mcmc,89,0.841792,,1
deep_gp_expr,entropy_batch,warm,baseline,mcmc,90,0.847554,,1
deep_gp_expr,entropy_batch,warm,baseline,mcmc,91,0.841818,,1
deep_gp_expr,entropy_batch,warm,baseline,mcmc,92,0.844728,,1
deep_gp_expr,entropy_batch,warm,baseline,mcmc,93,0.843534,,1
deep_gp_expr,entropy_batch,warm,baseline,mcmc,94,0.844496,,1
deep_gp_expr,entropy_batch,warm,baseline,mcmc,95,0.846032,,1
deep_gp_expr,entropy_batch,warm,baseline,mcmc,96,0.846718,,1
deep_gp_expr,entropy_batch,warm,baseline,mcmc,97,0.842296,,1
deep_gp_expr,entropy_batch,warm,baseline,mcmc,98,0.848138,,1
deep_gp_expr,entropy_batch,warm,baseline,mcmc,99,0.844652,,1
deep_gp_expr,entropy_batch,warm,baseline,mcmc,100,0.842478,,1
deep_gp_expr,entropy_batch,warm,baseline,mcmc,101,0.838844,,1
deep_gp_expr,entropy_batch,warm,baseline,mcmc,102,0.849304,,1
deep_gp_expr,entropy_batch,warm,baseline,mcmc,103,0.846674,,1
deep_gp_expr,entropy_batch,warm,baseline,mcmc,104,0.843594,,1
deep_gp_expr,entropy_batch,warm,baseline,mcmc,105,0.845432,,1
deep_gp_expr,entropy_batch,warm,baseline,mcmc,106,0.842024,,1
deep_gp_expr,entropy_batch,warm,baseline,mcmc,107,0.849224,,1
deep_gp_expr,entropy_batch,warm,baseline,mcmc,108,0.848688,,1
deep_gp_expr,entropy_batch,warm,baseline,mcmc,109,0.845300,,1
deep_gp_expr,entropy_batch,warm,baseline,mcmc,110,0.849206,,1
deep_gp_expr,entropy_batch,warm,baseline,mcmc,111,0.844564,,1
deep_gp_expr,entropy_batch,warm,baseline,mcmc,112,0.843214,,1
deep_gp_expr,entropy_batch,warm,baseline,mcmc,113,0.846090,,1
deep_gp_expr,entropy_batch,warm,baseline,mcmc,114,0.846320,,1
deep_gp_expr,entropy_batch,warm,baseline,mcmc,115,0.839304,,1
deep_gp_expr,entropy_batch,warm,baseline,mcmc,116,0.848932,,1
deep_gp_expr,entropy_batch,warm,baseline,mcmc,117,0.848532,,1
deep_gp_expr,entropy_batch,warm,baseline,mcmc,118,0.846226,,1
deep_gp_expr,entropy_batch,warm,baseline,mcmc,119,0.846198,,1
deep_gp_expr,entropy_batch,warm,baseline,mcmc,120,0.847332,,1
deep_gp_expr,entropy_batch,warm,baseline,mcmc,121,0.844754,,1
deep_gp_expr,entropy_batch,warm,baseline,mcmc,122,0.846290,,1
deep_gp_expr,entropy_batch,warm,baseline,mcmc,123,0.845160,,1
deep_gp_expr,entropy_batch,warm,baseline,mcmc,124,0.844806,,1
deep_gp_expr,entropy_batch,warm,baseline,train,1,0.843000,0.001192,5
deep_gp_expr,entropy_batch,warm,baseline,train,2,0.844533,0.002216,5
deep_gp_expr,entropy_batch,warm,baseline,train,3,0.846233,0.002820,5
deep_gp_expr,entropy_batch,warm,baseline,train,4,0.846433,0.002527,5
deep_gp_expr,entropy_batch,warm,baseline,train,5,0.849121,0.002206,5
deep_gp_expr,entropy_batch,warm,baseline,train,6,0.849751,0.003276,5
deep_gp_expr,entropy_batch,warm,baseline,train,7,0.849911,0.004100,5
deep_gp_expr,entropy_batch,warm,baseline,train,8,0.851476,0.003056,5
deep_gp_expr,entropy_batch,warm,baseline,train,9,0.852067,0.002496,5
deep_gp_expr,entropy_batch,warm,baseline,train,10,0.851835,0.003726,5
deep_gp_expr,entropy_batch,warm,baseline,train,11,0.853144,0.003197,5
deep_gp_expr,entropy_batch,warm,baseline,train,12,0.856655,0.002590,5
deep_gp_expr,entropy_batch,warm,baseline,train,13,0.858365,0.002036,5
deep_gp_expr,entropy_batch,warm,baseline,train,14,0.859467,0.002323,5
deep_gp_expr,entropy_batch,warm,baseline,train,15,0.860886,0.002681,5
deep_gp_expr,entropy_batch,warm,baseline,train,16,0.860090,0.003104,5
deep_gp_expr,entropy_batch,warm,baseline,train,17,0.859566,0.002837,5
deep_gp_expr,entropy_batch,warm,baseline,train,18,0.859926,0.003045,5
deep_gp_expr,entropy_batch,warm,baseline,train,19,0.860331,0.002787,5
deep_gp_expr,entropy_batch,warm,baseline,train,20,0.859625,0.002537,5
deep_gp_expr,entropy_batch,warm,baseline,train,21,0.864954,0.004488,5
deep_gp_expr,entropy_batch,warm,baseline,train,22,0.864939,0.004501,5
deep_gp_expr,entropy_batch,warm,baseline,train,23,0.864171,0.004846,5
deep_gp_expr,entropy_batch,warm,baseline,train,24,0.865066,0.004558,5
deep_gp_expr,entropy_batch,warm,baseline,train,25,0.865319,0.004377,5
deep_gp_expr,entropy_batch,warm,baseline,train,26,0.866848,0.004735,5
deep_gp_expr,entropy_batch,warm,baseline,train,27,0.866778,0.004517,5
deep_gp_expr,entropy_batch,warm,baseline,train,28,0.866381,0.004111,5
deep_gp_expr,entropy_batch,warm,baseline,train,29,0.865557,0.004793,5
deep_gp_expr,entropy_batch,warm,baseline,train,30,0.865898,0.004554,5
deep_gp_expr,entropy_batch,warm,baseline,train,31,0.866003,0.004622,5
deep_gp_expr,entropy_batch,warm,baseline,train,32,0.866456,0.004405,5
deep_gp_expr,entropy_batch,warm,baseline,train,33,0.866518,0.003909,5
deep_gp_expr,entropy_batch,warm,baseline,train,34,0.866748,0.003949,5
deep_gp_expr,entropy_batch,warm,baseline,train,35,0.865916,0.004077,5
deep_gp_expr,entropy_batch,warm,baseline,train,36,0.866240,0.004299,5
deep_gp_expr,entropy_batch,warm,baseline,train,37,0.865977,0.004149,5
deep_gp_expr,entropy_batch,warm,baseline,train,38,0.867075,0.004011,5
deep_gp_expr,entropy_batch,warm,baseline,train,39,0.867257,0.003589,5
deep_gp_expr,entropy_batch,warm,baseline,train,40,0.869204,0.003624,5
deep_gp_expr,entropy_batch,warm,baseline,train,41,0.879164,,1
deep_gp_expr,entropy_batch,warm,baseline,train,42,0.880513,,1
deep_gp_expr,entropy_batch,warm,baseline,train,43,0.881736,,1
deep_gp_expr,entropy_batch,warm,baseline,train,44,0.880005,,1
deep_gp_expr,entropy_batch,warm,baseline,train,45,0.880647,,1
deep_gp_expr,entropy_batch,warm,baseline,train,46,0.880666,,1
deep_gp_expr,entropy_batch,warm,baseline,train,47,0.880999,,1
deep_gp_expr,entropy_batch,warm,baseline,train,48,0.881479,,1
deep_gp_expr,entropy_batch,warm,baseline,train,49,0.880785,,1
deep_gp_expr,entropy_batch,warm,baseline,train,50,0.881556,,1
deep_gp_expr,entropy_batch,warm,baseline,train,51,0.881680,,1
deep_gp_expr,entropy_batch,warm,baseline,train,52,0.881272,,1
deep_gp_expr,entropy_batch,warm,baseline,train,53,0.882224,,1
deep_gp_expr,entropy_batch,warm,baseline,train,54,0.884122,,1
deep_gp_expr,entropy_batch,warm,baseline,train,55,0.882761,,1
deep_gp_expr,entropy_batch,warm,baseline,train,56,0.883924,,1
deep_gp_expr,entropy_batch,warm,baseline,train,57,0.884106,,1
deep_gp_expr,entropy_batch,warm,baseline,train,58,0.884901,,1
deep_gp_expr,entropy_batch,warm,baseline,train,59,0.884936,,1
deep_gp_expr,entropy_batch,warm,baseline,train,60,0.885606,,1
deep_gp_expr,entropy_batch,warm,baseline,train,61,0.888663,,1
deep_gp_expr,entropy_batch,warm,baseline,train,62,0.885830,,1
deep_gp_expr,entropy_batch,warm,baseline,train,63,0.889216,,1
deep_gp_expr,entropy_batch,warm,baseline,train,64,0.888632,,1
deep_gp_expr,entropy_batch,warm,baseline,train,65,0.887705,,1
deep_gp_expr,entropy_batch,warm,baseline,train,66,0.890110,,1
deep_gp_expr,entropy_batch,warm,baseline,train,67,0.889702,,1
deep_gp_expr,entropy_batch,warm,baseline,train,68,0.889845,,1
deep_gp_expr,entropy_batch,warm,baseline,train,69,0.888624,,1
deep_gp_expr,entropy_batch,warm,baseline,train,70,0.889099,,1
deep_gp_expr,entropy_batch,warm,baseline,train,71,0.889096,,1
deep_gp_expr,entropy_batch,warm,baseline,train,72,0.889318,,1
deep_gp_expr,entropy_batch,warm,baseline,train,73,0.887527,,1
deep_gp_expr,entropy_batch,warm,baseline,train,74,0.889005,,1
deep_gp_expr,entropy_batch,warm,baseline,train,75,0.887517,,1
deep_gp_expr,entropy_batch,warm,baseline,train,76,0.888976,,1
deep_gp_expr,entropy_batch,warm,baseline,train,77,0.888034,,1
deep_gp_expr,entropy_batch,warm,baseline,train,78,0.886976,,1
deep_gp_expr,entropy_batch,warm,baseline,train,79,0.889515,,1
deep_gp_expr,entropy_batch,warm,baseline,train,80,0.889215,,1
deep_gp_expr,entropy_batch,warm,baseline,train,81,0.887055,,1
deep_gp_expr,entropy_batch,warm,baseline,train,82,0.889463,,1
deep_gp_expr,entropy_batch,warm,baseline,train,83,0.888288,,1
deep_gp_expr,entropy_batch,warm,baseline,train,84,0.888038,,1
deep_gp_expr,entropy_batch,warm,baseline,train,85,0.887230,,1
deep_gp_expr,entropy_batch,warm,baseline,train,86,0.886847,,1
deep_gp_expr,entropy_batch,warm,baseline,train,87,0.886723,,1
deep_gp_expr,entropy_batch,warm,baseline,train,88,0.888013,,1
deep_gp_expr,entropy_batch,warm,baseline,train,89,0.887579,,1
deep_gp_expr,entropy_batch,warm,baseline,train,90,0.887864,,1
deep_gp_expr,entropy_batch,warm,baseline,train,91,0.888217,,1
deep_gp_expr,entropy_batch,warm,baseline,train,92,0.888024,,1
deep_gp_expr,entropy_batch,warm,baseline,train,93,0.886411,,1
deep_gp_expr,entropy_batch,warm,baseline,train,94,0.886734,,1
deep_gp_expr,entropy_batch,warm,baseline,train,95,0.887277,,1
deep_gp_expr,entropy_batch,warm,baseline,train,96,0.886438,,1
deep_gp_expr,entropy_batch,warm,baseline,train,97,0.888860,,1
deep_gp_expr,entropy_batch,warm,baseline,train,98,0.888999,,1
deep_gp_expr,entropy_batch,warm,baseline,train,99,0.888783,,1
deep_gp_expr,entropy_batch,warm,baseline,train,100,0.888210,,1
deep_gp_expr,entropy_batch,warm,baseline,train,101,0.886070,,1
deep_gp_expr,entropy_batch,warm,baseline,train,102,0.887339,,1
deep_gp_expr,entropy_batch,warm,baseline,train,103,0.888786,,1
deep_gp_expr,entropy_batch,warm,baseline,train,104,0.887464,,1
deep_gp_expr,entropy_batch,warm,baseline,train,105,0.888704,,1
deep_gp_expr,entropy_batch,warm,baseline,train,106,0.888424,,1
deep_gp_expr,entropy_batch,warm,baseline,train,107,0.887701,,1
deep_gp_expr,entropy_batch,warm,baseline,train,108,0.888392,,1
deep_gp_expr,entropy_batch,warm,baseline,train,109,0.889546,,1
deep_gp_expr,entropy_batch,warm,baseline,train,110,0.888620,,1
deep_gp_expr,entropy_batch,warm,baseline,train,111,0.888309,,1
deep_gp_expr,entropy_batch,warm,baseline,train,112,0.887494,,1
deep_gp_expr,entropy_batch,warm,baseline,train,113,0.889216,,1
deep_gp_expr,entropy_batch,warm,baseline,train,114,0.887842,,1
deep_gp_expr,entropy_batch,warm,baseline,train,115,0.885267,,1
deep_gp_expr,entropy_batch,warm,baseline,train,116,0.888681,,1
deep_gp_expr,entropy_batch,warm,baseline,train,117,0.888710,,1
deep_gp_expr,entropy_batch,warm,baseline,train,118,0.888075,,1
deep_gp_expr,entropy_batch,warm,baseline,train,119,0.889339,,1
deep_gp_expr,entropy_batch,warm,baseline,train,120,0.887536,,1
deep_gp_expr,entropy_batch,warm,baseline,train,121,0.889570,,1
deep_gp_expr,entropy_batch,warm,baseline,train,122,0.887702,,1
deep_gp_expr,entropy_batch,warm,baseline,train,123,0.885668,,1
deep_gp_expr,entropy_batch,warm,baseline,train,124,0.887305,,1
deep_gp_expr,entropy_batch,warm,baseline,val,1,0.812000,0.006586,5
deep_gp_expr,entropy_batch,warm,baseline,val,2,0.828095,0.006356,5
deep_gp_expr,entropy_batch,warm,baseline,val,3,0.813834,0.002194,5
deep_gp_expr,entropy_batch,warm,baseline,val,4,0.827741,0.002875,5
deep_gp_expr,entropy_batch,warm,baseline,val,5,0.836358,0.006683,5
deep_gp_expr,entropy_batch,warm,baseline,val,6,0.834517,0.006230,5
deep_gp_expr,entropy_batch,warm,baseline,val,7,0.836656,0.003972,5
deep_gp_expr,entropy_batch,warm,baseline,val,8,0.835454,0.004141,5
deep_gp_expr,entropy_batch,warm,baseline,val,9,0.831835,0.002424,5
deep_gp_expr,entropy_batch,warm,baseline,val,10,0.835550,0.005052,5
deep_gp_expr,entropy_batch,warm,baseline,val,11,0.849312,0.003607,5
deep_gp_expr,entropy_batch,warm,baseline,val,12,0.850547,0.005831,5
deep_gp_expr,entropy_batch,warm,baseline,val,13,0.850509,0.003165,5
deep_gp_expr,entropy_batch,warm,baseline,val,14,0.845322,0.002506,5
deep_gp_expr,entropy_batch,warm,baseline,val,15,0.846561,0.002987,5
deep_gp_expr,entropy_batch,warm,baseline,val,16,0.848822,0.002935,5
deep_gp_expr,entropy_batch,warm,baseline,val,17,0.849096,0.004037,5
deep_gp_expr,entropy_batch,warm,baseline,val,18,0.854886,0.002265,5
deep_gp_expr,entropy_batch,warm,baseline,val,19,0.855116,0.003249,5
deep_gp_expr,entropy_batch,warm,baseline,val,20,0.857080,0.002460,5
deep_gp_expr,entropy_batch,warm,baseline,val,21,0.860644,0.004568,5
deep_gp_expr,entropy_batch,warm,baseline,val,22,0.864000,0.005619,5
deep_gp_expr,entropy_batch,warm,baseline,val,23,0.861233,0.003922,5
deep_gp_expr,entropy_batch,warm,baseline,val,24,0.860840,0.004985,5
deep_gp_expr,entropy_batch,warm,baseline,val,25,0.861321,0.004158,5
deep_gp_expr,entropy_batch,warm,baseline,val,26,0.858106,0.003464,5
deep_gp_expr,entropy_batch,warm,baseline,val,27,0.857407,0.003960,5
deep_gp_expr,entropy_batch,warm,baseline,val,28,0.857553,0.004037,5
deep_gp_expr,entropy_batch,warm,baseline,val,29,0.855871,0.005602,5
deep_gp_expr,entropy_batch,warm,baseline,val,30,0.854391,0.003571,5
deep_gp_expr,entropy_batch,warm,baseline,val,31,0.857833,0.002968,5
deep_gp_expr,entropy_batch,warm,baseline,val,32,0.852665,0.003850,5
deep_gp_expr,entropy_batch,warm,baseline,val,33,0.857422,0.003645,5
deep_gp_expr,entropy_batch,warm,baseline,val,34,0.858588,0.004359,5
deep_gp_expr,entropy_batch,warm,baseline,val,35,0.859236,0.004827,5
deep_gp_expr,entropy_batch,warm,baseline,val,36,0.860953,0.004936,5
deep_gp_expr,entropy_batch,warm,baseline,val,37,0.858214,0.005953,5
deep_gp_expr,entropy_batch,warm,baseline,val,38,0.860409,0.006110,5
deep_gp_expr,entropy_batch,warm,baseline,val,39,0.859142,0.006551,5
deep_gp_expr,entropy_batch,warm,baseline,val,40,0.860398,0.006481,5
deep_gp_expr,entropy_batch,warm,baseline,val,41,0.877127,,1
deep_gp_expr,entropy_batch,warm,baseline,val,42,0.878171,,1
deep_gp_expr,entropy_batch,warm,baseline,val,43,0.873804,,1
deep_gp_expr,entropy_batch,warm,baseline,val,44,0.873165,,1
deep_gp_expr,entropy_batch,warm,baseline,val,45,0.876893,,1
deep_gp_expr,entropy_batch,warm,baseline,val,46,0.877586,,1
deep_gp_expr,entropy_batch,warm,baseline,val,47,0.877595,,1
deep_gp_expr,entropy_batch,warm,baseline,val,48,0.879831,,1
deep_gp_expr,entropy_batch,warm,baseline,val,49,0.879429,,1
deep_gp_expr,entropy_batch,warm,baseline,val,50,0.878336,,1
deep_gp_expr,entropy_batch,warm,baseline,val,51,0.873055,,1
deep_gp_expr,entropy_batch,warm,baseline,val,52,0.879484,,1
deep_gp_expr,entropy_batch,warm,baseline,val,53,0.882340,,1
deep_gp_expr,entropy_batch,warm,baseline,val,54,0.881109,,1
deep_gp_expr,entropy_batch,warm,baseline,val,55,0.881324,,1
deep_gp_expr,entropy_batch,warm,baseline,val,56,0.880049,,1
deep_gp_expr,entropy_batch,warm,baseline,val,57,0.881284,,1
deep_gp_expr,entropy_batch,warm,baseline,val,58,0.880223,,1
deep_gp_expr,entropy_batch,warm,baseline,val,59,0.884095,,1
deep_gp_expr,entropy_batch,warm,baseline,val,60,0.880510,,1
deep_gp_expr,entropy_batch,warm,baseline,val,61,0.881546,,1
deep_gp_expr,entropy_batch,warm,baseline,val,62,0.878685,,1
deep_gp_expr,entropy_batch,warm,baseline,val,63,0.883932,,1
deep_gp_expr,entropy_batch,warm,baseline,val,64,0.879430,,1
deep_gp_expr,entropy_batch,warm,baseline,val,65,0.877614,,1
deep_gp_expr,entropy_batch,warm,baseline,val,66,0.878443,,1
deep_gp_expr,entropy_batch,warm,baseline,val,67,0.875110,,1
deep_gp_expr,entropy_batch,warm,baseline,val,68,0.874372,,1
deep_gp_expr,entropy_batch,warm,baseline,val,69,0.874914,,1
deep_gp_expr,entropy_batch,warm,baseline,val,70,0.873563,,1
deep_gp_expr,entropy_batch,warm,baseline,val,71,0.876232,,1
deep_gp_expr,entropy_batch,warm,baseline,val,72,0.876425,,1
deep_gp_expr,entropy_batch,warm,baseline,val,73,0.877778,,1
deep_gp_expr,entropy_batch,warm,baseline,val,74,0.880349,,1
deep_gp_expr,entropy_batch,warm,baseline,val,75,0.882090,,1
deep_gp_expr,entropy_batch,warm,baseline,val,76,0.878500,,1
deep_gp_expr,entropy_batch,warm,baseline,val,77,0.878537,,1
deep_gp_expr,entropy_batch,warm,baseline,val,78,0.879814,,1
deep_gp_expr,entropy_batch,warm,baseline,val,79,0.883696,,1
deep_gp_expr,entropy_batch,warm,baseline,val,80,0.881328,,1
deep_gp_expr,entropy_batch,warm,baseline,val,81,0.878974,,1
deep_gp_expr,entropy_batch,warm,baseline,val,82,0.879566,,1
deep_gp_expr,entropy_batch,warm,baseline,val,83,0.882111,,1
deep_gp_expr,entropy_batch,warm,baseline,val,84,0.880564,,1
deep_gp_expr,entropy_batch,warm,baseline,val,85,0.882370,,1
deep_gp_expr,entropy_batch,warm,baseline,val,86,0.884923,,1
deep_gp_expr,entropy_batch,warm,baseline,val,87,0.881804,,1
deep_gp_expr,entropy_batch,warm,baseline,val,88,0.880859,,1
deep_gp_expr,entropy_batch,warm,baseline,val,89,0.884482,,1
deep_gp_expr,entropy_batch,warm,baseline,val,90,0.883554,,1
deep_gp_expr,entropy_batch,warm,baseline,val,91,0.882811,,1
deep_gp_expr,entropy_batch,warm,baseline,val,92,0.883812,,1
deep_gp_expr,entropy_batch,warm,baseline,val,93,0.878426,,1
deep_gp_expr,entropy_batch,warm,baseline,val,94,0.881044,,1
deep_gp_expr,entropy_batch,warm,baseline,val,95,0.879160,,1
deep_gp_expr,entropy_batch,warm,baseline,val,96,0.876506,,1
deep_gp_expr,entropy_batch,warm,baseline,val,97,0.882498,,1
deep_gp_expr,entropy_batch,warm,baseline,val,98,0.880489,,1
deep_gp_expr,entropy_batch,warm,baseline,val,99,0.880843,,1
deep_gp_expr,entropy_batch,warm,baseline,val,100,0.879498,,1
deep_gp_expr,entropy_batch,warm,baseline,val,101,0.879794,,1
deep_gp_expr,entropy_batch,warm,baseline,val,102,0.883454,,1
deep_gp_expr,entropy_batch,warm,baseline,val,103,0.885559,,1
deep_gp_expr,entropy_batch,warm,baseline,val,104,0.882129,,1
deep_gp_expr,entropy_batch,warm,baseline,val,105,0.885826,,1
deep_gp_expr,entropy_batch,warm,baseline,val,106,0.885351,,1
deep_gp_expr,entropy_batch,warm,baseline,val,107,0.887740,,1
deep_gp_expr,entropy_batch,warm,baseline,val,108,0.887020,,1
deep_gp_expr,entropy_batch,warm,baseline,val,109,0.887007,,1
deep_gp_expr,entropy_batch,warm,baseline,val,110,0.887138,,1
deep_gp_expr,entropy_batch,warm,baseline,val,111,0.884234,,1
deep_gp_expr,entropy_batch,warm,baseline,val,112,0.886688,,1
deep_gp_expr,entropy_batch,warm,baseline,val,113,0.885770,,1
deep_gp_expr,entropy_batch,warm,baseline,val,114,0.884725,,1
deep_gp_expr,entropy_batch,warm,baseline,val,115,0.881492,,1
deep_gp_expr,entropy_batch,warm,baseline,val,116,0.887289,,1
deep_gp_expr,entropy_batch,warm,baseline,val,117,0.885899,,1
deep_gp_expr,entropy_batch,warm,baseline,val,118,0.885724,,1
deep_gp_expr,entropy_batch,warm,baseline,val,119,0.886809,,1
deep_gp_expr,entropy_batch,warm,baseline,val,120,0.887030,,1
deep_gp_expr,entropy_batch,warm,baseline,val,121,0.888659,,1
deep_gp_expr,entropy_batch,warm,baseline,val,122,0.887773,,1
deep_gp_expr,entropy_batch,warm,baseline,val,123,0.887598,,1
deep_gp_expr,entropy_batch,warm,baseline,val,124,0.883274,,1
dnn_expr,entropy_batch,cold,al,static_random,1,0.761298,0.004141,5
dnn_expr,entropy_batch,cold,al,static_random,2,0.771006,0.005596,5
dnn_expr,entropy_batch,cold,al,static_random,3,0.784816,0.006200,5
dnn_expr,entropy_batch,cold,al,static_random,4,0.789744,0.005986,5
dnn_expr,entropy_batch,cold,al,static_random,5,0.801736,0.004670,5
dnn_expr,entropy_batch,cold,al,static_random,6,0.798274,0.005937,5
dnn_expr,entropy_batch,cold,al,static_random,7,0.801872,0.004878,5
dnn_expr,entropy_batch,cold,al,static_random,8,0.806750,0.004884,5
dnn_expr,entropy_batch,cold,al,static_random,9,0.808644,0.002992,5
dnn_expr,entropy_batch,cold,al,static_random,10,0.813810,0.004752,5
dnn_expr,entropy_batch,cold,al,static_random,11,0.816582,0.005316,5
dnn_expr,entropy_batch,cold,al,static_random,12,0.817414,0.003756,5
dnn_expr,entropy_batch,cold,al,static_random,13,0.822064,0.006240,5
dnn_expr,entropy_batch,cold,al,static_random,14,0.823058,0.005019,5
dnn_expr,entropy_batch,cold,al,static_random,15,0.820194,0.003787,5
dnn_expr,entropy_batch,cold,al,static_random,16,0.828156,0.002804,5
dnn_expr,entropy_batch,cold,al,static_random,17,0.830762,0.001751,5
dnn_expr,entropy_batch,cold,al,static_random,18,0.832936,0.002791,5
dnn_expr,entropy_batch,cold,al,static_random,19,0.836648,0.003683,5
dnn_expr,entropy_batch,cold,al,static_random,20,0.839790,0.004975,5
dnn_expr,entropy_batch,cold,al,static_random,21,0.837732,0.001525,5
dnn_expr,entropy_batch,cold,al,static_random,22,0.843274,0.002001,5
dnn_expr,entropy_batch,cold,al,static_random,23,0.840428,0.005907,5
dnn_expr,entropy_batch,cold,al,static_random,24,0.841818,0.005009,5
dnn_expr,entropy_batch,cold,al,static_random,25,0.843228,0.003348,5
dnn_expr,entropy_batch,cold,al,static_random,26,0.847518,0.004475,5
dnn_expr,entropy_batch,cold,al,static_random,27,0.848394,0.005199,5
dnn_expr,entropy_batch,cold,al,static_random,28,0.843998,0.004866,5
dnn_expr,entropy_batch,cold,al,static_random,29,0.846602,0.002870,5
dnn_expr,entropy_batch,cold,al,static_random,30,0.851506,0.004009,5
dnn_expr,entropy_batch,cold,al,static_random,31,0.854314,0.004760,5
dnn_expr,entropy_batch,cold,al,static_random,32,0.847036,0.002082,5
dnn_expr,entropy_batch,cold,al,static_random,33,0.848176,0.002462,5
dnn_expr,entropy_batch,cold,al,static_random,34,0.850096,0.005486,5
dnn_expr,entropy_batch,cold,al,static_random,35,0.850302,0.003076,5
dnn_expr,entropy_batch,cold,al,static_random,36,0.845258,0.004598,5
dnn_expr,entropy_batch,cold,al,static_random,37,0.850642,0.004957,5
dnn_expr,entropy_batch,cold,al,static_random,38,0.850920,0.003286,5
dnn_expr,entropy_batch,cold,al,static_random,39,0.846174,0.003714,5
dnn_expr,entropy_batch,cold,al,static_random,40,0.855106,0.005916,5
dnn_expr,entropy_batch,cold,al,static_random,41,0.857640,,1
dnn_expr,entropy_batch,cold,al,static_random,42,0.859710,,1
dnn_expr,entropy_batch,cold,al,static_random,43,0.853670,,1
dnn_expr,entropy_batch,cold,al,static_random,44,0.858010,,1
dnn_expr,entropy_batch,cold,al,static_random,45,0.844420,,1
dnn_expr,entropy_batch,cold,al,static_random,46,0.865080,,1
dnn_expr,entropy_batch,cold,al,static_random,47,0.849040,,1
dnn_expr,entropy_batch,cold,al,static_random,48,0.852970,,1
dnn_expr,entropy_batch,cold,al,static_random,49,0.857760,,1
dnn_expr,entropy_batch,cold,al,static_random,50,0.868750,,1
dnn_expr,entropy_batch,cold,al,static_random,51,0.854500,,1
dnn_expr,entropy_batch,cold,al,static_random,52,0.844210,,1
dnn_expr,entropy_batch,cold,al,static_random,53,0.852480,,1
dnn_expr,entropy_batch,cold,al,static_random,54,0.862370,,1
dnn_expr,entropy_batch,cold,al,static_random,55,0.851620,,1
dnn_expr,entropy_batch,cold,al,static_random,56,0.858450,,1
dnn_expr,entropy_batch,cold,al,static_random,57,0.860580,,1
dnn_expr,entropy_batch,cold,al,static_random,58,0.841610,,1
dnn_expr,entropy_batch,cold,al,static_random,59,0.857770,,1
dnn_expr,entropy_batch,cold,al,static_random,60,0.854810,,1
dnn_expr,entropy_batch,cold,al,static_random,61,0.857050,,1
dnn_expr,entropy_batch,cold,al,static_random,62,0.854820,,1
dnn_expr,entropy_batch,cold,al,static_random,63,0.866800,,1
dnn_expr,entropy_batch,cold,al,static_random,64,0.873520,,1
dnn_expr,entropy_batch,cold,al,static_random,65,0.867560,,1
dnn_expr,entropy_batch,cold,al,static_random,66,0.854180,,1
dnn_expr,entropy_batch,cold,al,static_random,67,0.855910,,1
dnn_expr,entropy_batch,cold,al,static_random,68,0.873850,,1
dnn_expr,entropy_batch,cold,al,static_random,69,0.877380,,1
dnn_expr,entropy_batch,cold,al,static_random,70,0.862750,,1
dnn_expr,entropy_batch,cold,al,static_random,71,0.870260,,1
dnn_expr,entropy_batch,cold,al,static_random,72,0.869980,,1
dnn_expr,entropy_batch,cold,al,static_random,73,0.859230,,1
dnn_expr,entropy_batch,cold,al,static_random,74,0.868230,,1
dnn_expr,entropy_batch,cold,al,static_random,75,0.844080,,1
dnn_expr,entropy_batch,cold,al,static_random,76,0.853990,,1
dnn_expr,entropy_batch,cold,al,static_random,77,0.855860,,1
dnn_expr,entropy_batch,cold,al,static_random,78,0.857960,,1
dnn_expr,entropy_batch,cold,al,static_random,79,0.844700,,1
dnn_expr,entropy_batch,cold,al,static_random,80,0.866840,,1
dnn_expr,entropy_batch,cold,al,static_random,81,0.858110,,1
dnn_expr,entropy_batch,cold,al,static_random,82,0.881700,,1
dnn_expr,entropy_batch,cold,al,static_random,83,0.845650,,1
dnn_expr,entropy_batch,cold,al,static_random,84,0.850400,,1
dnn_expr,entropy_batch,cold,al,static_random,85,0.866350,,1
dnn_expr,entropy_batch,cold,al,static_random,86,0.870010,,1
dnn_expr,entropy_batch,cold,al,static_random,87,0.877300,,1
dnn_expr,entropy_batch,cold,al,static_random,88,0.863310,,1
dnn_expr,entropy_batch,cold,al,static_random,89,0.860330,,1
dnn_expr,entropy_batch,cold,al,static_random,90,0.854540,,1
dnn_expr,entropy_batch,cold,al,static_random,91,0.863440,,1
dnn_expr,entropy_batch,cold,al,static_random,92,0.878610,,1
dnn_expr,entropy_batch,cold,al,static_random,93,0.872710,,1
dnn_expr,entropy_batch,cold,al,static_random,94,0.866750,,1
dnn_expr,entropy_batch,cold,al,static_random,95,0.872230,,1
dnn_expr,entropy_batch,cold,al,static_random,96,0.850690,,1
dnn_expr,entropy_batch,cold,al,static_random,97,0.859810,,1
dnn_expr,entropy_batch,cold,al,static_random,98,0.869480,,1
dnn_expr,entropy_batch,cold,al,static_random,99,0.861970,,1
dnn_expr,entropy_batch,cold,al,static_random,100,0.880030,,1
dnn_expr,entropy_batch,cold,al,static_random,101,0.866930,,1
dnn_expr,entropy_batch,cold,al,static_random,102,0.856120,,1
dnn_expr,entropy_batch,cold,al,static_random,103,0.870990,,1
dnn_expr,entropy_batch,cold,al,static_random,104,0.874700,,1
dnn_expr,entropy_batch,cold,al,static_random,105,0.852650,,1
dnn_expr,entropy_batch,cold,al,static_random,106,0.865380,,1
dnn_expr,entropy_batch,cold,al,static_random,107,0.869270,,1
dnn_expr,entropy_batch,cold,al,static_random,108,0.869390,,1
dnn_expr,entropy_batch,cold,al,static_random,109,0.862410,,1
dnn_expr,entropy_batch,cold,al,static_random,110,0.872660,,1
dnn_expr,entropy_batch,cold,al,static_random,111,0.888380,,1
dnn_expr,entropy_batch,cold,al,static_random,112,0.863760,,1
dnn_expr,entropy_batch,cold,al,static_random,113,0.862550,,1
dnn_expr,entropy_batch,cold,al,static_random,114,0.864330,,1
dnn_expr,entropy_batch,cold,al,static_random,115,0.876210,,1
dnn_expr,entropy_batch,cold,al,static_random,116,0.818720,,1
dnn_expr,entropy_batch,cold,al,static_random,117,0.857060,,1
dnn_expr,entropy_batch,cold,al,static_random,118,0.886590,,1
dnn_expr,entropy_batch,cold,al,static_random,119,0.867550,,1
dnn_expr,entropy_batch,cold,al,static_random,120,0.873170,,1
dnn_expr,entropy_batch,cold,al,static_random,121,0.859700,,1
dnn_expr,entropy_batch,cold,al,static_random,122,0.866160,,1
dnn_expr,entropy_batch,cold,al,static_random,123,0.883000,,1
dnn_expr,entropy_batch,cold,al,static_random,124,0.833610,,1
dnn_expr,entropy_batch,cold,al,static_random,125,0.872970,,1
dnn_expr,entropy_batch,cold,al,static_random,126,0.864620,,1
dnn_expr,entropy_batch,cold,al,static_random,127,0.877790,,1
dnn_expr,entropy_batch,cold,al,static_random,128,0.863920,,1
dnn_expr,entropy_batch,cold,al,static_random,129,0.865530,,1
dnn_expr,entropy_batch,cold,al,static_random,130,0.862840,,1
dnn_expr,entropy_batch,cold,al,static_random,131,0.852110,,1
dnn_expr,entropy_batch,cold,al,static_random,132,0.863750,,1
dnn_expr,entropy_batch,cold,al,static_random,133,0.876170,,1
dnn_expr,entropy_batch,cold,al,static_random,134,0.861690,,1
dnn_expr,entropy_batch,cold,al,static_random,135,0.888310,,1
dnn_expr,entropy_batch,cold,al,static_random,136,0.881050,,1
dnn_expr,entropy_batch,cold,al,static_random,137,0.882350,,1
dnn_expr,entropy_batch,cold,al,static_random,138,0.870100,,1
dnn_expr,entropy_batch,cold,al,static_random,139,0.847050,,1
dnn_expr,entropy_batch,cold,al,static_random,140,0.886850,,1
dnn_expr,entropy_batch,cold,al,static_random,141,0.886110,,1
dnn_expr,entropy_batch,cold,al,static_random,142,0.847310,,1
dnn_expr,entropy_batch,cold,al,static_random,143,0.876030,,1
dnn_expr,entropy_batch,cold,al,static_random,144,0.876240,,1
dnn_expr,entropy_batch,cold,al,static_random,145,0.872830,,1
dnn_expr,entropy_batch,cold,al,static_random,146,0.878300,,1
dnn_expr,entropy_batch,cold,al,train,1,0.828375,0.019537,5
dnn_expr,entropy_batch,cold,al,train,2,0.850518,0.023097,5
dnn_expr,entropy_batch,cold,al,train,3,0.844992,0.029914,5
dnn_expr,entropy_batch,cold,al,train,4,0.855383,0.022186,5
dnn_expr,entropy_batch,cold,al,train,5,0.867898,0.022245,5
dnn_expr,entropy_batch,cold,al,train,6,0.831923,0.019605,5
dnn_expr,entropy_batch,cold,al,train,7,0.822771,0.018705,5
dnn_expr,entropy_batch,cold,al,train,8,0.829719,0.016563,5
dnn_expr,entropy_batch,cold,al,train,9,0.817973,0.020041,5
dnn_expr,entropy_batch,cold,al,train,10,0.828886,0.015645,5
dnn_expr,entropy_batch,cold,al,train,11,0.825763,0.017806,5
dnn_expr,entropy_batch,cold,al,train,12,0.793895,0.002979,5
dnn_expr,entropy_batch,cold,al,train,13,0.803352,0.015943,5
dnn_expr,entropy_batch,cold,al,train,14,0.788717,0.010091,5
dnn_expr,entropy_batch,cold,al,train,15,0.785381,0.011246,5
dnn_expr,entropy_batch,cold,al,train,16,0.794157,0.006198,5
dnn_expr,entropy_batch,cold,al,train,17,0.796064,0.009651,5
dnn_expr,entropy_batch,cold,al,train,18,0.810391,0.021349,5
dnn_expr,entropy_batch,cold,al,train,19,0.804417,0.013490,5
dnn_expr,entropy_batch,cold,al,train,20,0.837934,0.020508,5
dnn_expr,entropy_batch,cold,al,train,21,0.817161,0.010774,5
dnn_expr,entropy_batch,cold,al,train,22,0.839868,0.015482,5
dnn_expr,entropy_batch,cold,al,train,23,0.854553,0.016517,5
dnn_expr,entropy_batch,cold,al,train,24,0.837471,0.019836,5
dnn_expr,entropy_batch,cold,al,train,25,0.846608,0.018127,5
dnn_expr,entropy_batch,cold,al,train,26,0.864944,0.012932,5
dnn_expr,entropy_batch,cold,al,train,27,0.863272,0.011653,5
dnn_expr,entropy_batch,cold,al,train,28,0.855612,0.005138,5
dnn_expr,entropy_batch,cold,al,train,29,0.853854,0.011380,5
dnn_expr,entropy_batch,cold,al,train,30,0.879063,0.010151,5
dnn_expr,entropy_batch,cold,al,train,31,0.873303,0.011503,5
dnn_expr,entropy_batch,cold,al,train,32,0.884854,0.003215,5
dnn_expr,entropy_batch,cold,al,train,33,0.869233,0.012381,5
dnn_expr,entropy_batch,cold,al,train,34,0.868752,0.011286,5
dnn_expr,entropy_batch,cold,al,train,35,0.888758,0.007969,5
dnn_expr,entropy_batch,cold,al,train,36,0.883773,0.009486,5
dnn_expr,entropy_batch,cold,al,train,37,0.869225,0.004397,5
dnn_expr,entropy_batch,cold,al,train,38,0.889614,0.013501,5
dnn_expr,entropy_batch,cold,al,train,39,0.878858,0.005568,5
dnn_expr,entropy_batch,cold,al,train,40,0.884225,0.008202,5
dnn_expr,entropy_batch,cold,al,train,41,0.865194,,1
dnn_expr,entropy_batch,cold,al,train,42,0.907396,,1
dnn_expr,entropy_batch,cold,al,train,43,0.891189,,1
dnn_expr,entropy_batch,cold,al,train,44,0.898970,,1
dnn_expr,entropy_batch,cold,al,train,45,0.886481,,1
dnn_expr,entropy_batch,cold,al,train,46,0.900722,,1
dnn_expr,entropy_batch,cold,al,train,47,0.887864,,1
dnn_expr,entropy_batch,cold,al,train,48,0.867495,,1
dnn_expr,entropy_batch,cold,al,train,49,0.916265,,1
dnn_expr,entropy_batch,cold,al,train,50,0.889756,,1
dnn_expr,entropy_batch,cold,al,train,51,0.898173,,1
dnn_expr,entropy_batch,cold,al,train,52,0.871536,,1
dnn_expr,entropy_batch,cold,al,train,53,0.840018,,1
dnn_expr,entropy_batch,cold,al,train,54,0.866609,,1
dnn_expr,entropy_batch,cold,al,train,55,0.854608,,1
dnn_expr,entropy_batch,cold,al,train,56,0.851332,,1
dnn_expr,entropy_batch,cold,al,train,57,0.898099,,1
dnn_expr,entropy_batch,cold,al,train,58,0.860124,,1
dnn_expr,entropy_batch,cold,al,train,59,0.902896,,1
dnn_expr,entropy_batch,cold,al,train,60,0.860648,,1
dnn_expr,entropy_batch,cold,al,train,61,0.878931,,1
dnn_expr,entropy_batch,cold,al,train,62,0.871693,,1
dnn_expr,entropy_batch,cold,al,train,63,0.872128,,1
dnn_expr,entropy_batch,cold,al,train,64,0.885545,,1
dnn_expr,entropy_batch,cold,al,train,65,0.851510,,1
dnn_expr,entropy_batch,cold,al,train,66,0.850094,,1
dnn_expr,entropy_batch,cold,al,train,67,0.787389,,1
dnn_expr,entropy_batch,cold,al,train,68,0.900067,,1
dnn_expr,entropy_batch,cold,al,train,69,0.866047,,1
dnn_expr,entropy_batch,cold,al,train,70,0.869128,,1
dnn_expr,entropy_batch,cold,al,train,71,0.876397,,1
dnn_expr,entropy_batch,cold,al,train,72,0.878421,,1
dnn_expr,entropy_batch,cold,al,train,73,0.871300,,1
dnn_expr,entropy_batch,cold,al,train,74,0.889885,,1
dnn_expr,entropy_batch,cold,al,train,75,0.789126,,1
dnn_expr,entropy_batch,cold,al,train,76,0.857971,,1
dnn_expr,entropy_batch,cold,al,train,77,0.816574,,1
dnn_expr,entropy_batch,cold,al,train,78,0.843740,,1
dnn_expr,entropy_batch,cold,al,train,79,0.886684,,1
dnn_expr,entropy_batch,cold,al,train,80,0.874995,,1
dnn_expr,entropy_batch,cold,al,train,81,0.816260,,1
dnn_expr,entropy_batch,cold,al,train,82,0.872898,,1
dnn_expr,entropy_batch,cold,al,train,83,0.797024,,1
dnn_expr,entropy_batch,cold,al,train,84,0.809823,,1
dnn_expr,entropy_batch,cold,al,train,85,0.854114,,1
dnn_expr,entropy_batch,cold,al,train,86,0.849044,,1
dnn_expr,entropy_batch,cold,al,train,87,0.878622,,1
dnn_expr,entropy_batch,cold,al,train,88,0.857332,,1
dnn_expr,entropy_batch,cold,al,train,89,0.844433,,1
dnn_expr,entropy_batch,cold,al,train,90,0.802857,,1
dnn_expr,entropy_batch,cold,al,train,91,0.856488,,1
dnn_expr,entropy_batch,cold,al,train,92,0.854643,,1
dnn_expr,entropy_batch,cold,al,train,93,0.836710,,1
dnn_expr,entropy_batch,cold,al,train,94,0.840351,,1
dnn_expr,entropy_batch,cold,al,train,95,0.863851,,1
dnn_expr,entropy_batch,cold,al,train,96,0.889070,,1
dnn_expr,entropy_batch,cold,al,train,97,0.839001,,1
dnn_expr,entropy_batch,cold,al,train,98,0.886859,,1
dnn_expr,entropy_batch,cold,al,train,99,0.823005,,1
dnn_expr,entropy_batch,cold,al,train,100,0.830104,,1
dnn_expr,entropy_batch,cold,al,train,101,0.822143,,1
dnn_expr,entropy_batch,cold,al,train,102,0.806051,,1
dnn_expr,entropy_batch,cold,al,train,103,0.853699,,1
dnn_expr,entropy_batch,cold,al,train,104,0.849201,,1
dnn_expr,entropy_batch,cold,al,train,105,0.854634,,1
dnn_expr,entropy_batch,cold,al,train,106,0.833854,,1
dnn_expr,entropy_batch,cold,al,train,107,0.798719,,1
dnn_expr,entropy_batch,cold,al,train,108,0.858828,,1
dnn_expr,entropy_batch,cold,al,train,109,0.860608,,1
dnn_expr,entropy_batch,cold,al,train,110,0.857991,,1
dnn_expr,entropy_batch,cold,al,train,111,0.833236,,1
dnn_expr,entropy_batch,cold,al,train,112,0.838140,,1
dnn_expr,entropy_batch,cold,al,train,113,0.828347,,1
dnn_expr,entropy_batch,cold,al,train,114,0.857618,,1
dnn_expr,entropy_batch,cold,al,train,115,0.805253,,1
dnn_expr,entropy_batch,cold,al,train,116,0.861317,,1
dnn_expr,entropy_batch,cold,al,train,117,0.785499,,1
dnn_expr,entropy_batch,cold,al,train,118,0.875821,,1
dnn_expr,entropy_batch,cold,al,train,119,0.847643,,1
dnn_expr,entropy_batch,cold,al,train,120,0.856497,,1
dnn_expr,entropy_batch,cold,al,train,121,0.854008,,1
dnn_expr,entropy_batch,cold,al,train,122,0.835390,,1
dnn_expr,entropy_batch,cold,al,train,123,0.841720,,1
dnn_expr,entropy_batch,cold,al,train,124,0.827906,,1
dnn_expr,entropy_batch,cold,al,train,125,0.870568,,1
dnn_expr,entropy_batch,cold,al,train,126,0.781138,,1
dnn_expr,entropy_batch,cold,al,train,127,0.855256,,1
dnn_expr,entropy_batch,cold,al,train,128,0.855268,,1
dnn_expr,entropy_batch,cold,al,train,129,0.846777,,1
dnn_expr,entropy_batch,cold,al,train,130,0.789585,,1
dnn_expr,entropy_batch,cold,al,train,131,0.839238,,1
dnn_expr,entropy_batch,cold,al,train,132,0.818164,,1
dnn_expr,entropy_batch,cold,al,train,133,0.882367,,1
dnn_expr,entropy_batch,cold,al,train,134,0.838726,,1
dnn_expr,entropy_batch,cold,al,train,135,0.819956,,1
dnn_expr,entropy_batch,cold,al,train,136,0.833786,,1
dnn_expr,entropy_batch,cold,al,train,137,0.825200,,1
dnn_expr,entropy_batch,cold,al,train,138,0.806002,,1
dnn_expr,entropy_batch,cold,al,train,139,0.798093,,1
dnn_expr,entropy_batch,cold,al,train,140,0.854611,,1
dnn_expr,entropy_batch,cold,al,train,141,0.787730,,1
dnn_expr,entropy_batch,cold,al,train,142,0.808185,,1
dnn_expr,entropy_batch,cold,al,train,143,0.813513,,1
dnn_expr,entropy_batch,cold,al,train,144,0.802912,,1
dnn_expr,entropy_batch,cold,al,train,145,0.783750,,1
dnn_expr,entropy_batch,cold,al,train,146,0.810334,,1
dnn_expr,entropy_batch,cold,al,val,1,0.754000,0.004912,5
dnn_expr,entropy_batch,cold,al,val,2,0.749588,0.012622,5
dnn_expr,entropy_batch,cold,al,val,3,0.758011,0.012098,5
dnn_expr,entropy_batch,cold,al,val,4,0.747322,0.004139,5
dnn_expr,entropy_batch,cold,al,val,5,0.748631,0.009275,5
dnn_expr,entropy_batch,cold,al,val,6,0.739605,0.007181,5
dnn_expr,entropy_batch,cold,al,val,7,0.738551,0.009749,5
dnn_expr,entropy_batch,cold,al,val,8,0.746006,0.012146,5
dnn_expr,entropy_batch,cold,al,val,9,0.741890,0.012576,5
dnn_expr,entropy_batch,cold,al,val,10,0.741059,0.010143,5
dnn_expr,entropy_batch,cold,al,val,11,0.745364,0.005681,5
dnn_expr,entropy_batch,cold,al,val,12,0.735437,0.009041,5
dnn_expr,entropy_batch,cold,al,val,13,0.737485,0.007313,5
dnn_expr,entropy_batch,cold,al,val,14,0.729947,0.009615,5
dnn_expr,entropy_batch,cold,al,val,15,0.725779,0.004595,5
dnn_expr,entropy_batch,cold,al,val,16,0.730799,0.000998,5
dnn_expr,entropy_batch,cold,al,val,17,0.728430,0.004799,5
dnn_expr,entropy_batch,cold,al,val,18,0.733477,0.008780,5
dnn_expr,entropy_batch,cold,al,val,19,0.738031,0.005332,5
dnn_expr,entropy_batch,cold,al,val,20,0.744274,0.010467,5
dnn_expr,entropy_batch,cold,al,val,21,0.732632,0.001873,5
dnn_expr,entropy_batch,cold,al,val,22,0.750694,0.006842,5
dnn_expr,entropy_batch,cold,al,val,23,0.744172,0.008292,5
dnn_expr,entropy_batch,cold,al,val,24,0.752625,0.012014,5
dnn_expr,entropy_batch,cold,al,val,25,0.752756,0.010764,5
dnn_expr,entropy_batch,cold,al,val,26,0.758011,0.009845,5
dnn_expr,entropy_batch,cold,al,val,27,0.763695,0.007898,5
dnn_expr,entropy_batch,cold,al,val,28,0.750777,0.006349,5
dnn_expr,entropy_batch,cold,al,val,29,0.755985,0.006001,5
dnn_expr,entropy_batch,cold,al,val,30,0.771842,0.007346,5
dnn_expr,entropy_batch,cold,al,val,31,0.764180,0.006523,5
dnn_expr,entropy_batch,cold,al,val,32,0.764927,0.004938,5
dnn_expr,entropy_batch,cold,al,val,33,0.763457,0.004271,5
dnn_expr,entropy_batch,cold,al,val,34,0.766213,0.008816,5
dnn_expr,entropy_batch,cold,al,val,35,0.769532,0.002916,5
dnn_expr,entropy_batch,cold,al,val,36,0.769797,0.008315,5
dnn_expr,entropy_batch,cold,al,val,37,0.766275,0.004721,5
dnn_expr,entropy_batch,cold,al,val,38,0.766911,0.005233,5
dnn_expr,entropy_batch,cold,al,val,39,0.764849,0.003497,5
dnn_expr,entropy_batch,cold,al,val,40,0.781991,0.006001,5
dnn_expr,entropy_batch,cold,al,val,41,0.775560,,1
dnn_expr,entropy_batch,cold,al,val,42,0.766533,,1
dnn_expr,entropy_batch,cold,al,val,43,0.760704,,1
dnn_expr,entropy_batch,cold,al,val,44,0.775862,,1
dnn_expr,entropy_batch,cold,al,val,45,0.780445,,1
dnn_expr,entropy_batch,cold,al,val,46,0.776179,,1
dnn_expr,entropy_batch,cold,al,val,47,0.761172,,1
dnn_expr,entropy_batch,cold,al,val,48,0.770488,,1
dnn_expr,entropy_batch,cold,al,val,49,0.759574,,1
dnn_expr,entropy_batch,cold,al,val,50,0.787209,,1
dnn_expr,entropy_batch,cold,al,val,51,0.768827,,1
dnn_expr,entropy_batch,cold,al,val,52,0.778377,,1
dnn_expr,entropy_batch,cold,al,val,53,0.750055,,1
dnn_expr,entropy_batch,cold,al,val,54,0.801696,,1
dnn_expr,entropy_batch,cold,al,val,55,0.745178,,1
dnn_expr,entropy_batch,cold,al,val,56,0.782159,,1
dnn_expr,entropy_batch,cold,al,val,57,0.766050,,1
dnn_expr,entropy_batch,cold,al,val,58,0.765971,,1
dnn_expr,entropy_batch,cold,al,val,59,0.787444,,1
dnn_expr,entropy_batch,cold,al,val,60,0.773280,,1
dnn_expr,entropy_batch,cold,al,val,61,0.761736,,1
dnn_expr,entropy_batch,cold,al,val,62,0.781984,,1
dnn_expr,entropy_batch,cold,al,val,63,0.778225,,1
dnn_expr,entropy_batch,cold,al,val,64,0.779459,,1
dnn_expr,entropy_batch,cold,al,val,65,0.786433,,1
dnn_expr,entropy_batch,cold,al,val,66,0.752208,,1
dnn_expr,entropy_batch,cold,al,val,67,0.756541,,1
dnn_expr,entropy_batch,cold,al,val,68,0.789408,,1
dnn_expr,entropy_batch,cold,al,val,69,0.784904,,1
dnn_expr,entropy_batch,cold,al,val,70,0.770994,,1
dnn_expr,entropy_batch,cold,al,val,71,0.791148,,1
dnn_expr,entropy_batch,cold,al,val,72,0.774530,,1
dnn_expr,entropy_batch,cold,al,val,73,0.761993,,1
dnn_expr,entropy_batch,cold,al,val,74,0.778186,,1
dnn_expr,entropy_batch,cold,al,val,75,0.751113,,1
dnn_expr,entropy_batch,cold,al,val,76,0.764389,,1
dnn_expr,entropy_batch,cold,al,val,77,0.772148,,1
dnn_expr,entropy_batch,cold,al,val,78,0.744660,,1
dnn_expr,entropy_batch,cold,al,val,79,0.745039,,1
dnn_expr,entropy_batch,cold,al,val,80,0.771793,,1
dnn_expr,entropy_batch,cold,al,val,81,0.766872,,1
dnn_expr,entropy_batch,cold,al,val,82,0.795205,,1
dnn_expr,entropy_batch,cold,al,val,83,0.753251,,1
dnn_expr,entropy_batch,cold,al,val,84,0.766582,,1
dnn_expr,entropy_batch,cold,al,val,85,0.772586,,1
dnn_expr,entropy_batch,cold,al,val,86,0.778920,,1
dnn_expr,entropy_batch,cold,al,val,87,0.786409,,1
dnn_expr,entropy_batch,cold,al,val,88,0.764562,,1
dnn_expr,entropy_batch,cold,al,val,89,0.750036,,1
dnn_expr,entropy_batch,cold,al,val,90,0.766206,,1
dnn_expr,entropy_batch,cold,al,val,91,0.775992,,1
dnn_expr,entropy_batch,cold,al,val,92,0.782374,,1
dnn_expr,entropy_batch,cold,al,val,93,0.784187,,1
dnn_expr,entropy_batch,cold,al,val,94,0.769857,,1
dnn_expr,entropy_batch,cold,al,val,95,0.775458,,1
dnn_expr,entropy_batch,cold,al,val,96,0.767094,,1
dnn_expr,entropy_batch,cold,al,val,97,0.762378,,1
dnn_expr,entropy_batch,cold,al,val,98,0.770453,,1
dnn_expr,entropy_batch,cold,al,val,99,0.772922,,1
dnn_expr,entropy_batch,cold,al,val,100,0.783937,,1
dnn_expr,entropy_batch,cold,al,val,101,0.765352,,1
dnn_expr,entropy_batch,cold,al,val,102,0.746803,,1
dnn_expr,entropy_batch,cold,al,val,103,0.781317,,1
dnn_expr,entropy_batch,cold,al,val,104,0.783020,,1
dnn_expr,entropy_batch,cold,al,val,105,0.776749,,1
dnn_expr,entropy_batch,cold,al,val,106,0.747711,,1
dnn_expr,entropy_batch,cold,al,val,107,0.765012,,1
dnn_expr,entropy_batch,cold,al,val,108,0.772181,,1
dnn_expr,entropy_batch,cold,al,val,109,0.779235,,1
dnn_expr,entropy_batch,cold,al,val,110,0.761589,,1
dnn_expr,entropy_batch,cold,al,val,111,0.792938,,1
dnn_expr,entropy_batch,cold,al,val,112,0.755700,,1
dnn_expr,entropy_batch,cold,al,val,113,0.775265,,1
dnn_expr,entropy_batch,cold,al,val,114,0.754918,,1
dnn_expr,entropy_batch,cold,al,val,115,0.756665,,1
dnn_expr,entropy_batch,cold,al,val,116,0.741406,,1
dnn_expr,entropy_batch,cold,al,val,117,0.744230,,1
dnn_expr,entropy_batch,cold,al,val,118,0.781440,,1
dnn_expr,entropy_batch,cold,al,val,119,0.746981,,1
dnn_expr,entropy_batch,cold,al,val,120,0.755560,,1
dnn_expr,entropy_batch,cold,al,val,121,0.729268,,1
dnn_expr,entropy_batch,cold,al,val,122,0.779185,,1
dnn_expr,entropy_batch,cold,al,val,123,0.768592,,1
dnn_expr,entropy_batch,cold,al,val,124,0.757348,,1
dnn_expr,entropy_batch,cold,al,val,125,0.783693,,1
dnn_expr,entropy_batch,cold,al,val,126,0.744922,,1
dnn_expr,entropy_batch,cold,al,val,127,0.781399,,1
dnn_expr,entropy_batch,cold,al,val,128,0.756951,,1
dnn_expr,entropy_batch,cold,al,val,129,0.788132,,1
dnn_expr,entropy_batch,cold,al,val,130,0.741919,,1
dnn_expr,entropy_batch,cold,al,val,131,0.785032,,1
dnn_expr,entropy_batch,cold,al,val,132,0.754568,,1
dnn_expr,entropy_batch,cold,al,val,133,0.750992,,1
dnn_expr,entropy_batch,cold,al,val,134,0.721729,,1
dnn_expr,entropy_batch,cold,al,val,135,0.755542,,1
dnn_expr,entropy_batch,cold,al,val,136,0.794889,,1
dnn_expr,entropy_batch,cold,al,val,137,0.765265,,1
dnn_expr,entropy_batch,cold,al,val,138,0.747691,,1
dnn_expr,entropy_batch,cold,al,val,139,0.749308,,1
dnn_expr,entropy_batch,cold,al,val,140,0.790277,,1
dnn_expr,entropy_batch,cold,al,val,141,0.746706,,1
dnn_expr,entropy_batch,cold,al,val,142,0.748807,,1
dnn_expr,entropy_batch,cold,al,val,143,0.777561,,1
dnn_expr,entropy_batch,cold,al,val,144,0.767122,,1
dnn_expr,entropy_batch,cold,al,val,145,0.742524,,1
dnn_expr,entropy_batch,cold,al,val,146,0.772445,,1
dnn_expr,entropy_batch,cold,baseline,static_random,1,0.760856,0.004097,5
dnn_expr,entropy_batch,cold,baseline,static_random,2,0.773300,0.006105,5
dnn_expr,entropy_batch,cold,baseline,static_random,3,0.780154,0.002058,5
dnn_expr,entropy_batch,cold,baseline,static_random,4,0.795988,0.002565,5
dnn_expr,entropy_batch,cold,baseline,static_random,5,0.803350,0.000797,5
dnn_expr,entropy_batch,cold,baseline,static_random,6,0.810554,0.002198,5
dnn_expr,entropy_batch,cold,baseline,static_random,7,0.815738,0.001488,5
dnn_expr,entropy_batch,cold,baseline,static_random,8,0.818184,0.001404,5
dnn_expr,entropy_batch,cold,baseline,static_random,9,0.821026,0.001607,5
dnn_expr,entropy_batch,cold,baseline,static_random,10,0.825248,0.002744,5
dnn_expr,entropy_batch,cold,baseline,static_random,11,0.827136,0.002515,5
dnn_expr,entropy_batch,cold,baseline,static_random,12,0.830030,0.002317,5
dnn_expr,entropy_batch,cold,baseline,static_random,13,0.832684,0.001749,5
dnn_expr,entropy_batch,cold,baseline,static_random,14,0.832466,0.001720,5
dnn_expr,entropy_batch,cold,baseline,static_random,15,0.836874,0.001176,5
dnn_expr,entropy_batch,cold,baseline,static_random,16,0.839046,0.002386,5
dnn_expr,entropy_batch,cold,baseline,static_random,17,0.839614,0.003709,5
dnn_expr,entropy_batch,cold,baseline,static_random,18,0.842108,0.001370,5
dnn_expr,entropy_batch,cold,baseline,static_random,19,0.842594,0.001382,5
dnn_expr,entropy_batch,cold,baseline,static_random,20,0.846924,0.000534,5
dnn_expr,entropy_batch,cold,baseline,static_random,21,0.846690,0.001177,5
dnn_expr,entropy_batch,cold,baseline,static_random,22,0.847160,0.001365,5
dnn_expr,entropy_batch,cold,baseline,static_random,23,0.849024,0.000803,5
dnn_expr,entropy_batch,cold,baseline,static_random,24,0.846714,0.001705,5
dnn_expr,entropy_batch,cold,baseline,static_random,25,0.848178,0.001871,5
dnn_expr,entropy_batch,cold,baseline,static_random,26,0.851510,0.001253,5
dnn_expr,entropy_batch,cold,baseline,static_random,27,0.853602,0.002502,5
dnn_expr,entropy_batch,cold,baseline,static_random,28,0.850286,0.002429,5
dnn_expr,entropy_batch,cold,baseline,static_random,29,0.852956,0.001906,5
dnn_expr,entropy_batch,cold,baseline,static_random,30,0.852442,0.002587,5
dnn_expr,entropy_batch,cold,baseline,static_random,31,0.855926,0.000750,5
dnn_expr,entropy_batch,cold,baseline,static_random,32,0.854976,0.002414,5
dnn_expr,entropy_batch,cold,baseline,static_random,33,0.857756,0.001428,5
dnn_expr,entropy_batch,cold,baseline,static_random,34,0.855596,0.001975,5
dnn_expr,entropy_batch,cold,baseline,static_random,35,0.858294,0.000947,5
dnn_expr,entropy_batch,cold,baseline,static_random,36,0.858902,0.001809,5
dnn_expr,entropy_batch,cold,baseline,static_random,37,0.858708,0.002771,5
dnn_expr,entropy_batch,cold,baseline,static_random,38,0.861688,0.001235,5
dnn_expr,entropy_batch,cold,baseline,static_random,39,0.862758,0.002132,5
dnn_expr,entropy_batch,cold,baseline,static_random,40,0.859498,0.003382,5
dnn_expr,entropy_batch,cold,baseline,static_random,41,0.858090,,1
dnn_expr,entropy_batch,cold,baseline,static_random,42,0.869120,,1
dnn_expr,entropy_batch,cold,baseline,static_random,43,0.865330,,1
dnn_expr,entropy_batch,cold,baseline,static_random,44,0.866010,,1
dnn_expr,entropy_batch,cold,baseline,static_random,45,0.867830,,1
dnn_expr,entropy_batch,cold,baseline,static_random,46,0.870150,,1
dnn_expr,entropy_batch,cold,baseline,static_random,47,0.864880,,1
dnn_expr,entropy_batch,cold,baseline,static_random,48,0.870890,,1
dnn_expr,entropy_batch,cold,baseline,static_random,49,0.875530,,1
dnn_expr,entropy_batch,cold,baseline,static_random,50,0.869140,,1
dnn_expr,entropy_batch,cold,baseline,static_random,51,0.874230,,1
dnn_expr,entropy_batch,cold,baseline,static_random,52,0.867980,,1
dnn_expr,entropy_batch,cold,baseline,static_random,53,0.877170,,1
dnn_expr,entropy_batch,cold,baseline,static_random,54,0.866620,,1
dnn_expr,entropy_batch,cold,baseline,static_random,55,0.864940,,1
dnn_expr,entropy_batch,cold,baseline,static_random,56,0.877430,,1
dnn_expr,entropy_batch,cold,baseline,static_random,57,0.876330,,1
dnn_expr,entropy_batch,cold,baseline,static_random,58,0.871650,,1
dnn_expr,entropy_batch,cold,baseline,static_random,59,0.868090,,1
dnn_expr,entropy_batch,cold,baseline,static_random,60,0.875650,,1
dnn_expr,entropy_batch,cold,baseline,static_random,61,0.869300,,1
dnn_expr,entropy_batch,cold,baseline,static_random,62,0.872720,,1
dnn_expr,entropy_batch,cold,baseline,static_random,63,0.876980,,1
dnn_expr,entropy_batch,cold,baseline,static_random,64,0.878010,,1
dnn_expr,entropy_batch,cold,baseline,static_random,65,0.874340,,1
dnn_expr,entropy_batch,cold,baseline,static_random,66,0.878230,,1
dnn_expr,entropy_batch,cold,baseline,static_random,67,0.879290,,1
dnn_expr,entropy_batch,cold,baseline,static_random,68,0.876890,,1
dnn_expr,entropy_batch,cold,baseline,static_random,69,0.880600,,1
dnn_expr,entropy_batch,cold,baseline,static_random,70,0.873910,,1
dnn_expr,entropy_batch,cold,baseline,static_random,71,0.884760,,1
dnn_expr,entropy_batch,cold,baseline,static_random,72,0.886180,,1
dnn_expr,entropy_batch,cold,baseline,static_random,73,0.874870,,1
dnn_expr,entropy_batch,cold,baseline,static_random,74,0.882600,,1
dnn_expr,entropy_batch,cold,baseline,static_random,75,0.883050,,1
dnn_expr,entropy_batch,cold,baseline,static_random,76,0.871470,,1
dnn_expr,entropy_batch,cold,baseline,static_random,77,0.872790,,1
dnn_expr,entropy_batch,cold,baseline,static_random,78,0.885400,,1
dnn_expr,entropy_batch,cold,baseline,static_random,79,0.878250,,1
dnn_expr,entropy_batch,cold,baseline,static_random,80,0.882050,,1
dnn_expr,entropy_batch,cold,baseline,static_random,81,0.873700,,1
dnn_expr,entropy_batch,cold,baseline,static_random,82,0.884880,,1
dnn_expr,entropy_batch,cold,baseline,static_random,83,0.883270,,1
dnn_expr,entropy_batch,cold,baseline,static_random,84,0.882420,,1
dnn_expr,entropy_batch,cold,baseline,static_random,85,0.882780,,1
dnn_expr,entropy_batch,cold,baseline,static_random,86,0.878440,,1
dnn_expr,entropy_batch,cold,baseline,static_random,87,0.881880,,1
dnn_expr,entropy_batch,cold,baseline,static_random,88,0.884820,,1
dnn_expr,entropy_batch,cold,baseline,static_random,89,0.880810,,1
dnn_expr,entropy_batch,cold,baseline,static_random,90,0.884330,,1
dnn_expr,entropy_batch,cold,baseline,static_random,91,0.886870,,1
dnn_expr,entropy_batch,cold,baseline,static_random,92,0.886430,,1
dnn_expr,entropy_batch,cold,baseline,static_random,93,0.885150,,1
dnn_expr,entropy_batch,cold,baseline,static_random,94,0.886710,,1
dnn_expr,entropy_batch,cold,baseline,static_random,95,0.883300,,1
dnn_expr,entropy_batch,cold,baseline,static_random,96,0.885760,,1
dnn_expr,entropy_batch,cold,baseline,static_random,97,0.883290,,1
dnn_expr,entropy_batch,cold,baseline,static_random,98,0.888030,,1
dnn_expr,entropy_batch,cold,baseline,static_random,99,0.891980,,1
dnn_expr,entropy_batch,cold,baseline,static_random,100,0.884430,,1
dnn_expr,entropy_batch,cold,baseline,static_random,101,0.885910,,1
dnn_expr,entropy_batch,cold,baseline,static_random,102,0.890470,,1
dnn_expr,entropy_batch,cold,baseline,static_random,103,0.890570,,1
dnn_expr,entropy_batch,cold,baseline,static_random,104,0.892970,,1
dnn_expr,entropy_batch,cold,baseline,static_random,105,0.887950,,1
dnn_expr,entropy_batch,cold,baseline,static_random,106,0.893810,,1
dnn_expr,entropy_batch,cold,baseline,static_random,107,0.897550,,1
dnn_expr,entropy_batch,cold,baseline,static_random,108,0.892230,,1
dnn_expr,entropy_batch,cold,baseline,static_random,109,0.886940,,1
dnn_expr,entropy_batch,cold,baseline,static_random,110,0.893350,,1
dnn_expr,entropy_batch,cold,baseline,static_random,111,0.887880,,1
dnn_expr,entropy_batch,cold,baseline,static_random,112,0.883180,,1
dnn_expr,entropy_batch,cold,baseline,static_random,113,0.895720,,1
dnn_expr,entropy_batch,cold,baseline,static_random,114,0.894010,,1
dnn_expr,entropy_batch,cold,baseline,static_random,115,0.893950,,1
dnn_expr,entropy_batch,cold,baseline,static_random,116,0.896480,,1
dnn_expr,entropy_batch,cold,baseline,static_random,117,0.886670,,1
dnn_expr,entropy_batch,cold,baseline,static_random,118,0.891280,,1
dnn_expr,entropy_batch,cold,baseline,static_random,119,0.891300,,1
dnn_expr,entropy_batch,cold,baseline,static_random,120,0.891580,,1
dnn_expr,entropy_batch,cold,baseline,static_random,121,0.896250,,1
dnn_expr,entropy_batch,cold,baseline,static_random,122,0.895210,,1
dnn_expr,entropy_batch,cold,baseline,static_random,123,0.899550,,1
dnn_expr,entropy_batch,cold,baseline,static_random,124,0.898520,,1
dnn_expr,entropy_batch,cold,baseline,static_random,125,0.895200,,1
dnn_expr,entropy_batch,cold,baseline,static_random,126,0.894940,,1
dnn_expr,entropy_batch,cold,baseline,static_random,127,0.894670,,1
dnn_expr,entropy_batch,cold,baseline,static_random,128,0.894020,,1
dnn_expr,entropy_batch,cold,baseline,static_random,129,0.897420,,1
dnn_expr,entropy_batch,cold,baseline,static_random,130,0.899200,,1
dnn_expr,entropy_batch,cold,baseline,static_random,131,0.895140,,1
dnn_expr,entropy_batch,cold,baseline,static_random,132,0.900360,,1
dnn_expr,entropy_batch,cold,baseline,static_random,133,0.894630,,1
dnn_expr,entropy_batch,cold,baseline,static_random,134,0.899230,,1
dnn_expr,entropy_batch,cold,baseline,static_random,135,0.892400,,1
dnn_expr,entropy_batch,cold,baseline,static_random,136,0.899170,,1
dnn_expr,entropy_batch,cold,baseline,static_random,137,0.897040,,1
dnn_expr,entropy_batch,cold,baseline,static_random,138,0.894200,,1
dnn_expr,entropy_batch,cold,baseline,static_random,139,0.889740,,1
dnn_expr,entropy_batch,cold,baseline,static_random,140,0.898270,,1
dnn_expr,entropy_batch,cold,baseline,static_random,141,0.895340,,1
dnn_expr,entropy_batch,cold,baseline,static_random,142,0.898940,,1
dnn_expr,entropy_batch,cold,baseline,static_random,143,0.899730,,1
dnn_expr,entropy_batch,cold,baseline,static_random,144,0.896450,,1
dnn_expr,entropy_batch,cold,baseline,static_random,145,0.902540,,1
dnn_expr,entropy_batch,cold,baseline,static_random,146,0.900500,,1
dnn_expr,entropy_batch,cold,baseline,train,1,0.858625,0.020250,5
dnn_expr,entropy_batch,cold,baseline,train,2,0.907493,0.021392,5
dnn_expr,entropy_batch,cold,baseline,train,3,0.906726,0.015095,5
dnn_expr,entropy_batch,cold,baseline,train,4,0.878277,0.016371,5
dnn_expr,entropy_batch,cold,baseline,train,5,0.871224,0.010004,5
dnn_expr,entropy_batch,cold,baseline,train,6,0.870228,0.008175,5
dnn_expr,entropy_batch,cold,baseline,train,7,0.880543,0.016009,5
dnn_expr,entropy_batch,cold,baseline,train,8,0.870149,0.011066,5
dnn_expr,entropy_batch,cold,baseline,train,9,0.864631,0.004985,5
dnn_expr,entropy_batch,cold,baseline,train,10,0.884392,0.013516,5
dnn_expr,entropy_batch,cold,baseline,train,11,0.873199,0.007104,5
dnn_expr,entropy_batch,cold,baseline,train,12,0.870213,0.006618,5
dnn_expr,entropy_batch,cold,baseline,train,13,0.889215,0.009190,5
dnn_expr,entropy_batch,cold,baseline,train,14,0.882360,0.006478,5
dnn_expr,entropy_batch,cold,baseline,train,15,0.883546,0.006529,5
dnn_expr,entropy_batch,cold,baseline,train,16,0.882443,0.003829,5
dnn_expr,entropy_batch,cold,baseline,train,17,0.876310,0.002946,5
dnn_expr,entropy_batch,cold,baseline,train,18,0.879386,0.003418,5
dnn_expr,entropy_batch,cold,baseline,train,19,0.879705,0.003765,5
dnn_expr,entropy_batch,cold,baseline,train,20,0.877111,0.002367,5
dnn_expr,entropy_batch,cold,baseline,train,21,0.880619,0.003710,5
dnn_expr,entropy_batch,cold,baseline,train,22,0.898304,0.007757,5
dnn_expr,entropy_batch,cold,baseline,train,23,0.881516,0.005613,5
dnn_expr,entropy_batch,cold,baseline,train,24,0.875431,0.002647,5
dnn_expr,entropy_batch,cold,baseline,train,25,0.886740,0.006341,5
dnn_expr,entropy_batch,cold,baseline,train,26,0.885542,0.003991,5
dnn_expr,entropy_batch,cold,baseline,train,27,0.883014,0.003921,5
dnn_expr,entropy_batch,cold,baseline,train,28,0.873754,0.005592,5
dnn_expr,entropy_batch,cold,baseline,train,29,0.877574,0.003926,5
dnn_expr,entropy_batch,cold,baseline,train,30,0.882957,0.005287,5
dnn_expr,entropy_batch,cold,baseline,train,31,0.888293,0.004528,5
dnn_expr,entropy_batch,cold,baseline,train,32,0.878772,0.004330,5
dnn_expr,entropy_batch,cold,baseline,train,33,0.889132,0.000763,5
dnn_expr,entropy_batch,cold,baseline,train,34,0.878618,0.003231,5
dnn_expr,entropy_batch,cold,baseline,train,35,0.896711,0.004025,5
dnn_expr,entropy_batch,cold,baseline,train,36,0.887435,0.007075,5
dnn_expr,entropy_batch,cold,baseline,train,37,0.882521,0.006348,5
dnn_expr,entropy_batch,cold,baseline,train,38,0.888263,0.002780,5
dnn_expr,entropy_batch,cold,baseline,train,39,0.888886,0.005164,5
dnn_expr,entropy_batch,cold,baseline,train,40,0.885115,0.004639,5
dnn_expr,entropy_batch,cold,baseline,train,41,0.877226,,1
dnn_expr,entropy_batch,cold,baseline,train,42,0.894614,,1
dnn_expr,entropy_batch,cold,baseline,train,43,0.908889,,1
dnn_expr,entropy_batch,cold,baseline,train,44,0.890844,,1
dnn_expr,entropy_batch,cold,baseline,train,45,0.895024,,1
dnn_expr,entropy_batch,cold,baseline,train,46,0.896341,,1
dnn_expr,entropy_batch,cold,baseline,train,47,0.886164,,1
dnn_expr,entropy_batch,cold,baseline,train,48,0.902563,,1
dnn_expr,entropy_batch,cold,baseline,train,49,0.919086,,1
dnn_expr,entropy_batch,cold,baseline,train,50,0.897040,,1
dnn_expr,entropy_batch,cold,baseline,train,51,0.901350,,1
dnn_expr,entropy_batch,cold,baseline,train,52,0.887237,,1
dnn_expr,entropy_batch,cold,baseline,train,53,0.912482,,1
dnn_expr,entropy_batch,cold,baseline,train,54,0.882499,,1
dnn_expr,entropy_batch,cold,baseline,train,55,0.890304,,1
dnn_expr,entropy_batch,cold,baseline,train,56,0.905903,,1
dnn_expr,entropy_batch,cold,baseline,train,57,0.890610,,1
dnn_expr,entropy_batch,cold,baseline,train,58,0.887102,,1
dnn_expr,entropy_batch,cold,baseline,train,59,0.889547,,1
dnn_expr,entropy_batch,cold,baseline,train,60,0.903728,,1
dnn_expr,entropy_batch,cold,baseline,train,61,0.886208,,1
dnn_expr,entropy_batch,cold,baseline,train,62,0.899064,,1
dnn_expr,entropy_batch,cold,baseline,train,63,0.901439,,1
dnn_expr,entropy_batch,cold,baseline,train,64,0.900451,,1
dnn_expr,entropy_batch,cold,baseline,train,65,0.895617,,1
dnn_expr,entropy_batch,cold,baseline,train,66,0.903279,,1
dnn_expr,entropy_batch,cold,baseline,train,67,0.903654,,1
dnn_expr,entropy_batch,cold,baseline,train,68,0.894131,,1
dnn_expr,entropy_batch,cold,baseline,train,69,0.903401,,1
dnn_expr,entropy_batch,cold,baseline,train,70,0.889744,,1
dnn_expr,entropy_batch,cold,baseline,train,71,0.919933,,1
dnn_expr,entropy_batch,cold,baseline,train,72,0.912162,,1
dnn_expr,entropy_batch,cold,baseline,train,73,0.891497,,1
dnn_expr,entropy_batch,cold,baseline,train,74,0.911933,,1
dnn_expr,entropy_batch,cold,baseline,train,75,0.900078,,1
dnn_expr,entropy_batch,cold,baseline,train,76,0.888371,,1
dnn_expr,entropy_batch,cold,baseline,train,77,0.895191,,1
dnn_expr,entropy_batch,cold,baseline,train,78,0.908280,,1
dnn_expr,entropy_batch,cold,baseline,train,79,0.893729,,1
dnn_expr,entropy_batch,cold,baseline,train,80,0.900491,,1
dnn_expr,entropy_batch,cold,baseline,train,81,0.892850,,1
dnn_expr,entropy_batch,cold,baseline,train,82,0.904664,,1
dnn_expr,entropy_batch,cold,baseline,train,83,0.904712,,1
dnn_expr,entropy_batch,cold,baseline,train,84,0.924167,,1
dnn_expr,entropy_batch,cold,baseline,train,85,0.899830,,1
dnn_expr,entropy_batch,cold,baseline,train,86,0.901503,,1
dnn_expr,entropy_batch,cold,baseline,train,87,0.906044,,1
dnn_expr,entropy_batch,cold,baseline,train,88,0.903506,,1
dnn_expr,entropy_batch,cold,baseline,train,89,0.899375,,1
dnn_expr,entropy_batch,cold,baseline,train,90,0.904300,,1
dnn_expr,entropy_batch,cold,baseline,train,91,0.905934,,1
dnn_expr,entropy_batch,cold,baseline,train,92,0.901090,,1
dnn_expr,entropy_batch,cold,baseline,train,93,0.903953,,1
dnn_expr,entropy_batch,cold,baseline,train,94,0.905027,,1
dnn_expr,entropy_batch,cold,baseline,train,95,0.907527,,1
dnn_expr,entropy_batch,cold,baseline,train,96,0.904798,,1
dnn_expr,entropy_batch,cold,baseline,train,97,0.910571,,1
dnn_expr,entropy_batch,cold,baseline,train,98,0.915438,,1
dnn_expr,entropy_batch,cold,baseline,train,99,0.922391,,1
dnn_expr,entropy_batch,cold,baseline,train,100,0.897454,,1
dnn_expr,entropy_batch,cold,baseline,train,101,0.911230,,1
dnn_expr,entropy_batch,cold,baseline,train,102,0.916407,,1
dnn_expr,entropy_batch,cold,baseline,train,103,0.911727,,1
dnn_expr,entropy_batch,cold,baseline,train,104,0.926997,,1
dnn_expr,entropy_batch,cold,baseline,train,105,0.908617,,1
dnn_expr,entropy_batch,cold,baseline,train,106,0.936816,,1
dnn_expr,entropy_batch,cold,baseline,train,107,0.925959,,1
dnn_expr,entropy_batch,cold,baseline,train,108,0.922112,,1
dnn_expr,entropy_batch,cold,baseline,train,109,0.907990,,1
dnn_expr,entropy_batch,cold,baseline,train,110,0.916304,,1
dnn_expr,entropy_batch,cold,baseline,train,111,0.906913,,1
dnn_expr,entropy_batch,cold,baseline,train,112,0.894290,,1
dnn_expr,entropy_batch,cold,baseline,train,113,0.930766,,1
dnn_expr,entropy_batch,cold,baseline,train,114,0.925514,,1
dnn_expr,entropy_batch,cold,baseline,train,115,0.922197,,1
dnn_expr,entropy_batch,cold,baseline,train,116,0.936183,,1
dnn_expr,entropy_batch,cold,baseline,train,117,0.908106,,1
dnn_expr,entropy_batch,cold,baseline,train,118,0.917827,,1
dnn_expr,entropy_batch,cold,baseline,train,119,0.915178,,1
dnn_expr,entropy_batch,cold,baseline,train,120,0.916373,,1
dnn_expr,entropy_batch,cold,baseline,train,121,0.920317,,1
dnn_expr,entropy_batch,cold,baseline,train,122,0.923825,,1
dnn_expr,entropy_batch,cold,baseline,train,123,0.929912,,1
dnn_expr,entropy_batch,cold,baseline,train,124,0.922212,,1
dnn_expr,entropy_batch,cold,baseline,train,125,0.914849,,1
dnn_expr,entropy_batch,cold,baseline,train,126,0.933273,,1
dnn_expr,entropy_batch,cold,baseline,train,127,0.918453,,1
dnn_expr,entropy_batch,cold,baseline,train,128,0.923645,,1
dnn_expr,entropy_batch,cold,baseline,train,129,0.928606,,1
dnn_expr,entropy_batch,cold,baseline,train,130,0.936045,,1
dnn_expr,entropy_batch,cold,baseline,train,131,0.919294,,1
dnn_expr,entropy_batch,cold,baseline,train,132,0.929666,,1
dnn_expr,entropy_batch,cold,baseline,train,133,0.922671,,1
dnn_expr,entropy_batch,cold,baseline,train,134,0.931814,,1
dnn_expr,entropy_batch,cold,baseline,train,135,0.919907,,1
dnn_expr,entropy_batch,cold,baseline,train,136,0.916711,,1
dnn_expr,entropy_batch,cold,baseline,train,137,0.917523,,1
dnn_expr,entropy_batch,cold,baseline,train,138,0.909703,,1
dnn_expr,entropy_batch,cold,baseline,train,139,0.907513,,1
dnn_expr,entropy_batch,cold,baseline,train,140,0.924598,,1
dnn_expr,entropy_batch,cold,baseline,train,141,0.914077,,1
dnn_expr,entropy_batch,cold,baseline,train,142,0.922637,,1
dnn_expr,entropy_batch,cold,baseline,train,143,0.934995,,1
dnn_expr,entropy_batch,cold,baseline,train,144,0.921793,,1
dnn_expr,entropy_batch,cold,baseline,train,145,0.927226,,1
dnn_expr,entropy_batch,cold,baseline,train,146,0.927297,,1
dnn_expr,entropy_batch,cold,baseline,val,1,0.763000,0.008566,5
dnn_expr,entropy_batch,cold,baseline,val,2,0.785776,0.002798,5
dnn_expr,entropy_batch,cold,baseline,val,3,0.779249,0.008425,5
dnn_expr,entropy_batch,cold,baseline,val,4,0.805922,0.007507,5
dnn_expr,entropy_batch,cold,baseline,val,5,0.812710,0.002623,5
dnn_expr,entropy_batch,cold,baseline,val,6,0.817545,0.005962,5
dnn_expr,entropy_batch,cold,baseline,val,7,0.821513,0.003689,5
dnn_expr,entropy_batch,cold,baseline,val,8,0.813475,0.004699,5
dnn_expr,entropy_batch,cold,baseline,val,9,0.822226,0.003771,5
dnn_expr,entropy_batch,cold,baseline,val,10,0.822545,0.004883,5
dnn_expr,entropy_batch,cold,baseline,val,11,0.831415,0.002596,5
dnn_expr,entropy_batch,cold,baseline,val,12,0.831599,0.003685,5
dnn_expr,entropy_batch,cold,baseline,val,13,0.840197,0.002803,5
dnn_expr,entropy_batch,cold,baseline,val,14,0.836506,0.003193,5
dnn_expr,entropy_batch,cold,baseline,val,15,0.841004,0.001979,5
dnn_expr,entropy_batch,cold,baseline,val,16,0.840255,0.004504,5
dnn_expr,entropy_batch,cold,baseline,val,17,0.841592,0.004279,5
dnn_expr,entropy_batch,cold,baseline,val,18,0.844287,0.001735,5
dnn_expr,entropy_batch,cold,baseline,val,19,0.844345,0.002788,5
dnn_expr,entropy_batch,cold,baseline,val,20,0.845136,0.002605,5
dnn_expr,entropy_batch,cold,baseline,val,21,0.844065,0.004225,5
dnn_expr,entropy_batch,cold,baseline,val,22,0.851249,0.004381,5
dnn_expr,entropy_batch,cold,baseline,val,23,0.850898,0.002659,5
dnn_expr,entropy_batch,cold,baseline,val,24,0.848562,0.003186,5
dnn_expr,entropy_batch,cold,baseline,val,25,0.849807,0.002323,5
dnn_expr,entropy_batch,cold,baseline,val,26,0.852577,0.002705,5
dnn_expr,entropy_batch,cold,baseline,val,27,0.852426,0.003950,5
dnn_expr,entropy_batch,cold,baseline,val,28,0.850676,0.002973,5
dnn_expr,entropy_batch,cold,baseline,val,29,0.856323,0.002512,5
dnn_expr,entropy_batch,cold,baseline,val,30,0.854454,0.003278,5
dnn_expr,entropy_batch,cold,baseline,val,31,0.858250,0.003873,5
dnn_expr,entropy_batch,cold,baseline,val,32,0.855668,0.004003,5
dnn_expr,entropy_batch,cold,baseline,val,33,0.858743,0.001246,5
dnn_expr,entropy_batch,cold,baseline,val,34,0.853957,0.004639,5
dnn_expr,entropy_batch,cold,baseline,val,35,0.860704,0.002410,5
dnn_expr,entropy_batch,cold,baseline,val,36,0.857872,0.003505,5
dnn_expr,entropy_batch,cold,baseline,val,37,0.858823,0.006120,5
dnn_expr,entropy_batch,cold,baseline,val,38,0.863534,0.002664,5
dnn_expr,entropy_batch,cold,baseline,val,39,0.862499,0.002823,5
dnn_expr,entropy_batch,cold,baseline,val,40,0.858978,0.003626,5
dnn_expr,entropy_batch,cold,baseline,val,41,0.852925,,1
dnn_expr,entropy_batch,cold,baseline,val,42,0.870415,,1
dnn_expr,entropy_batch,cold,baseline,val,43,0.867612,,1
dnn_expr,entropy_batch,cold,baseline,val,44,0.862584,,1
dnn_expr,entropy_batch,cold,baseline,val,45,0.868368,,1
dnn_expr,entropy_batch,cold,baseline,val,46,0.867246,,1
dnn_expr,entropy_batch,cold,baseline,val,47,0.869597,,1
dnn_expr,entropy_batch,cold,baseline,val,48,0.872867,,1
dnn_expr,entropy_batch,cold,baseline,val,49,0.877305,,1
dnn_expr,entropy_batch,cold,baseline,val,50,0.866977,,1
dnn_expr,entropy_batch,cold,baseline,val,51,0.873117,,1
dnn_expr,entropy_batch,cold,baseline,val,52,0.864689,,1
dnn_expr,entropy_batch,cold,baseline,val,53,0.881547,,1
dnn_expr,entropy_batch,cold,baseline,val,54,0.863449,,1
dnn_expr,entropy_batch,cold,baseline,val,55,0.862838,,1
dnn_expr,entropy_batch,cold,baseline,val,56,0.880008,,1
dnn_expr,entropy_batch,cold,baseline,val,57,0.874299,,1
dnn_expr,entropy_batch,cold,baseline,val,58,0.867117,,1
dnn_expr,entropy_batch,cold,baseline,val,59,0.865361,,1
dnn_expr,entropy_batch,cold,baseline,val,60,0.873380,,1
dnn_expr,entropy_batch,cold,baseline,val,61,0.862306,,1
dnn_expr,entropy_batch,cold,baseline,val,62,0.872064,,1
dnn_expr,entropy_batch,cold,baseline,val,63,0.875982,,1
dnn_expr,entropy_batch,cold,baseline,val,64,0.874031,,1
dnn_expr,entropy_batch,cold,baseline,val,65,0.870108,,1
dnn_expr,entropy_batch,cold,baseline,val,66,0.880611,,1
dnn_expr,entropy_batch,cold,baseline,val,67,0.873728,,1
dnn_expr,entropy_batch,cold,baseline,val,68,0.871634,,1
dnn_expr,entropy_batch,cold,baseline,val,69,0.882530,,1
dnn_expr,entropy_batch,cold,baseline,val,70,0.869489,,1
dnn_expr,entropy_batch,cold,baseline,val,71,0.883817,,1
dnn_expr,entropy_batch,cold,baseline,val,72,0.882051,,1
dnn_expr,entropy_batch,cold,baseline,val,73,0.874324,,1
dnn_expr,entropy_batch,cold,baseline,val,74,0.880073,,1
dnn_expr,entropy_batch,cold,baseline,val,75,0.880257,,1
dnn_expr,entropy_batch,cold,baseline,val,76,0.867928,,1
dnn_expr,entropy_batch,cold,baseline,val,77,0.869453,,1
dnn_expr,entropy_batch,cold,baseline,val,78,0.883806,,1
dnn_expr,entropy_batch,cold,baseline,val,79,0.871654,,1
dnn_expr,entropy_batch,cold,baseline,val,80,0.877024,,1
dnn_expr,entropy_batch,cold,baseline,val,81,0.870878,,1
dnn_expr,entropy_batch,cold,baseline,val,82,0.879505,,1
dnn_expr,entropy_batch,cold,baseline,val,83,0.882673,,1
dnn_expr,entropy_batch,cold,baseline,val,84,0.883965,,1
dnn_expr,entropy_batch,cold,baseline,val,85,0.882658,,1
dnn_expr,entropy_batch,cold,baseline,val,86,0.876982,,1
dnn_expr,entropy_batch,cold,baseline,val,87,0.882532,,1
dnn_expr,entropy_batch,cold,baseline,val,88,0.879476,,1
dnn_expr,entropy_batch,cold,baseline,val,89,0.877293,,1
dnn_expr,entropy_batch,cold,baseline,val,90,0.879228,,1
dnn_expr,entropy_batch,cold,baseline,val,91,0.883734,,1
dnn_expr,entropy_batch,cold,baseline,val,92,0.884200,,1
dnn_expr,entropy_batch,cold,baseline,val,93,0.882434,,1
dnn_expr,entropy_batch,cold,baseline,val,94,0.880923,,1
dnn_expr,entropy_batch,cold,baseline,val,95,0.880253,,1
dnn_expr,entropy_batch,cold,baseline,val,96,0.882746,,1
dnn_expr,entropy_batch,cold,baseline,val,97,0.883241,,1
dnn_expr,entropy_batch,cold,baseline,val,98,0.882994,,1
dnn_expr,entropy_batch,cold,baseline,val,99,0.890233,,1
dnn_expr,entropy_batch,cold,baseline,val,100,0.880882,,1
dnn_expr,entropy_batch,cold,baseline,val,101,0.880761,,1
dnn_expr,entropy_batch,cold,baseline,val,102,0.888720,,1
dnn_expr,entropy_batch,cold,baseline,val,103,0.887022,,1
dnn_expr,entropy_batch,cold,baseline,val,104,0.889456,,1
dnn_expr,entropy_batch,cold,baseline,val,105,0.882636,,1
dnn_expr,entropy_batch,cold,baseline,val,106,0.890760,,1
dnn_expr,entropy_batch,cold,baseline,val,107,0.896973,,1
dnn_expr,entropy_batch,cold,baseline,val,108,0.888194,,1
dnn_expr,entropy_batch,cold,baseline,val,109,0.882346,,1
dnn_expr,entropy_batch,cold,baseline,val,110,0.891556,,1
dnn_expr,entropy_batch,cold,baseline,val,111,0.883623,,1
dnn_expr,entropy_batch,cold,baseline,val,112,0.880177,,1
dnn_expr,entropy_batch,cold,baseline,val,113,0.896977,,1
dnn_expr,entropy_batch,cold,baseline,val,114,0.897415,,1
dnn_expr,entropy_batch,cold,baseline,val,115,0.889960,,1
dnn_expr,entropy_batch,cold,baseline,val,116,0.895417,,1
dnn_expr,entropy_batch,cold,baseline,val,117,0.886721,,1
dnn_expr,entropy_batch,cold,baseline,val,118,0.891273,,1
dnn_expr,entropy_batch,cold,baseline,val,119,0.887486,,1
dnn_expr,entropy_batch,cold,baseline,val,120,0.889119,,1
dnn_expr,entropy_batch,cold,baseline,val,121,0.895124,,1
dnn_expr,entropy_batch,cold,baseline,val,122,0.899249,,1
dnn_expr,entropy_batch,cold,baseline,val,123,0.897755,,1
dnn_expr,entropy_batch,cold,baseline,val,124,0.899133,,1
dnn_expr,entropy_batch,cold,baseline,val,125,0.894467,,1
dnn_expr,entropy_batch,cold,baseline,val,126,0.896782,,1
dnn_expr,entropy_batch,cold,baseline,val,127,0.897062,,1
dnn_expr,entropy_batch,cold,baseline,val,128,0.895968,,1
dnn_expr,entropy_batch,cold,baseline,val,129,0.898348,,1
dnn_expr,entropy_batch,cold,baseline,val,130,0.897862,,1
dnn_expr,entropy_batch,cold,baseline,val,131,0.896187,,1
dnn_expr,entropy_batch,cold,baseline,val,132,0.901248,,1
dnn_expr,entropy_batch,cold,baseline,val,133,0.895196,,1
dnn_expr,entropy_batch,cold,baseline,val,134,0.901125,,1
dnn_expr,entropy_batch,cold,baseline,val,135,0.892878,,1
dnn_expr,entropy_batch,cold,baseline,val,136,0.900224,,1
dnn_expr,entropy_batch,cold,baseline,val,137,0.898042,,1
dnn_expr,entropy_batch,cold,baseline,val,138,0.894190,,1
dnn_expr,entropy_batch,cold,baseline,val,139,0.888687,,1
dnn_expr,entropy_batch,cold,baseline,val,140,0.898408,,1
dnn_expr,entropy_batch,cold,baseline,val,141,0.892602,,1
dnn_expr,entropy_batch,cold,baseline,val,142,0.899429,,1
dnn_expr,entropy_batch,cold,baseline,val,143,0.897457,,1
dnn_expr,entropy_batch,cold,baseline,val,144,0.897452,,1
dnn_expr,entropy_batch,cold,baseline,val,145,0.899743,,1
dnn_expr,entropy_batch,cold,baseline,val,146,0.899909,,1
dnn_match_trafo_expr,entropy_batch,cold,al,static_random,1,0.760298,0.004058,5
dnn_match_trafo_expr,entropy_batch,cold,al,static_random,2,0.770270,0.004841,5
dnn_match_trafo_expr,entropy_batch,cold,al,static_random,3,0.776686,0.005742,5
dnn_match_trafo_expr,entropy_batch,cold,al,static_random,4,0.792850,0.002472,5
dnn_match_trafo_expr,entropy_batch,cold,al,static_random,5,0.802106,0.002442,5
dnn_match_trafo_expr,entropy_batch,cold,al,static_random,6,0.810110,0.004306,5
dnn_match_trafo_expr,entropy_batch,cold,al,static_random,7,0.814930,0.004167,5
dnn_match_trafo_expr,entropy_batch,cold,al,static_random,8,0.821356,0.003574,5
dnn_match_trafo_expr,entropy_batch,cold,al,static_random,9,0.822324,0.004002,5
dnn_match_trafo_expr,entropy_batch,cold,al,static_random,10,0.825262,0.004658,5
dnn_match_trafo_expr,entropy_batch,cold,al,static_random,11,0.823682,0.003423,5
dnn_match_trafo_expr,entropy_batch,cold,al,static_random,12,0.827326,0.002386,5
dnn_match_trafo_expr,entropy_batch,cold,al,static_random,13,0.831718,0.002807,5
dnn_match_trafo_expr,entropy_batch,cold,al,static_random,14,0.830272,0.002816,5
dnn_match_trafo_expr,entropy_batch,cold,al,static_random,15,0.837428,0.002387,5
dnn_match_trafo_expr,entropy_batch,cold,al,static_random,16,0.832690,0.002362,5
dnn_match_trafo_expr,entropy_batch,cold,al,static_random,17,0.835726,0.003075,5
dnn_match_trafo_expr,entropy_batch,cold,al,static_random,18,0.836436,0.003461,5
dnn_match_trafo_expr,entropy_batch,cold,al,static_random,19,0.840266,0.001625,5
dnn_match_trafo_expr,entropy_batch,cold,al,static_random,20,0.841464,0.002918,5
dnn_match_trafo_expr,entropy_batch,cold,al,static_random,21,0.836680,0.002344,5
dnn_match_trafo_expr,entropy_batch,cold,al,static_random,22,0.842364,0.002994,5
dnn_match_trafo_expr,entropy_batch,cold,al,static_random,23,0.840230,0.001680,5
dnn_match_trafo_expr,entropy_batch,cold,al,static_random,24,0.845904,0.002642,5
dnn_match_trafo_expr,entropy_batch,cold,al,static_random,25,0.843030,0.003769,5
dnn_match_trafo_expr,entropy_batch,cold,al,static_random,26,0.849042,0.003547,5
dnn_match_trafo_expr,entropy_batch,cold,al,static_random,27,0.850734,0.002551,5
dnn_match_trafo_expr,entropy_batch,cold,al,static_random,28,0.844758,0.002953,5
dnn_match_trafo_expr,entropy_batch,cold,al,static_random,29,0.854062,0.003096,5
dnn_match_trafo_expr,entropy_batch,cold,al,static_random,30,0.853898,0.003091,5
dnn_match_trafo_expr,entropy_batch,cold,al,static_random,31,0.859498,0.001835,5
dnn_match_trafo_expr,entropy_batch,cold,al,static_random,32,0.854598,0.002545,5
dnn_match_trafo_expr,entropy_batch,cold,al,static_random,33,0.857336,0.000898,5
dnn_match_trafo_expr,entropy_batch,cold,al,static_random,34,0.862546,0.002170,5
dnn_match_trafo_expr,entropy_batch,cold,al,static_random,35,0.859642,0.001403,5
dnn_match_trafo_expr,entropy_batch,cold,al,static_random,36,0.859766,0.001767,5
dnn_match_trafo_expr,entropy_batch,cold,al,static_random,37,0.860750,0.003840,5
dnn_match_trafo_expr,entropy_batch,cold,al,static_random,38,0.861100,0.003082,5
dnn_match_trafo_expr,entropy_batch,cold,al,static_random,39,0.856800,0.003030,5
dnn_match_trafo_expr,entropy_batch,cold,al,static_random,40,0.857934,0.004774,5
dnn_match_trafo_expr,entropy_batch,cold,al,train,1,0.852000,0.027526,5
dnn_match_trafo_expr,entropy_batch,cold,al,train,2,0.879457,0.027315,5
dnn_match_trafo_expr,entropy_batch,cold,al,train,3,0.871561,0.041473,5
dnn_match_trafo_expr,entropy_batch,cold,al,train,4,0.909139,0.024831,5
dnn_match_trafo_expr,entropy_batch,cold,al,train,5,0.885656,0.018937,5
dnn_match_trafo_expr,entropy_batch,cold,al,train,6,0.849896,0.008728,5
dnn_match_trafo_expr,entropy_batch,cold,al,train,7,0.851458,0.019886,5
dnn_match_trafo_expr,entropy_batch,cold,al,train,8,0.839392,0.008040,5
dnn_match_trafo_expr,entropy_batch,cold,al,train,9,0.819655,0.009318,5
dnn_match_trafo_expr,entropy_batch,cold,al,train,10,0.823437,0.014826,5
dnn_match_trafo_expr,entropy_batch,cold,al,train,11,0.800077,0.005354,5
dnn_match_trafo_expr,entropy_batch,cold,al,train,12,0.805196,0.002625,5
dnn_match_trafo_expr,entropy_batch,cold,al,train,13,0.805663,0.003566,5
dnn_match_trafo_expr,entropy_batch,cold,al,train,14,0.797841,0.001549,5
dnn_match_trafo_expr,entropy_batch,cold,al,train,15,0.809575,0.008665,5
dnn_match_trafo_expr,entropy_batch,cold,al,train,16,0.789247,0.009430,5
dnn_match_trafo_expr,entropy_batch,cold,al,train,17,0.808737,0.006803,5
dnn_match_trafo_expr,entropy_batch,cold,al,train,18,0.802111,0.008108,5
dnn_match_trafo_expr,entropy_batch,cold,al,train,19,0.801913,0.005882,5
dnn_match_trafo_expr,entropy_batch,cold,al,train,20,0.784045,0.007761,5
dnn_match_trafo_expr,entropy_batch,cold,al,train,21,0.776323,0.012283,5
dnn_match_trafo_expr,entropy_batch,cold,al,train,22,0.797772,0.007705,5
dnn_match_trafo_expr,entropy_batch,cold,al,train,23,0.787087,0.011414,5
dnn_match_trafo_expr,entropy_batch,cold,al,train,24,0.841602,0.025440,5
dnn_match_trafo_expr,entropy_batch,cold,al,train,25,0.804233,0.020047,5
dnn_match_trafo_expr,entropy_batch,cold,al,train,26,0.838392,0.017527,5
dnn_match_trafo_expr,entropy_batch,cold,al,train,27,0.845689,0.030282,5
dnn_match_trafo_expr,entropy_batch,cold,al,train,28,0.830262,0.032536,5
dnn_match_trafo_expr,entropy_batch,cold,al,train,29,0.843818,0.016201,5
dnn_match_trafo_expr,entropy_batch,cold,al,train,30,0.863495,0.015655,5
dnn_match_trafo_expr,entropy_batch,cold,al,train,31,0.859188,0.015665,5
dnn_match_trafo_expr,entropy_batch,cold,al,train,32,0.869408,0.012984,5
dnn_match_trafo_expr,entropy_batch,cold,al,train,33,0.884056,0.017258,5
dnn_match_trafo_expr,entropy_batch,cold,al,train,34,0.879886,0.018795,5
dnn_match_trafo_expr,entropy_batch,cold,al,train,35,0.881931,0.010774,5
dnn_match_trafo_expr,entropy_batch,cold,al,train,36,0.863787,0.016818,5
dnn_match_trafo_expr,entropy_batch,cold,al,train,37,0.904738,0.009135,5
dnn_match_trafo_expr,entropy_batch,cold,al,train,38,0.901363,0.007936,5
dnn_match_trafo_expr,entropy_batch,cold,al,train,39,0.894081,0.008564,5
dnn_match_trafo_expr,entropy_batch,cold,al,train,40,0.887874,0.013465,5
dnn_match_trafo_expr,entropy_batch,cold,al,val,1,0.755500,0.014778,5
dnn_match_trafo_expr,entropy_batch,cold,al,val,2,0.748064,0.014865,5
dnn_match_trafo_expr,entropy_batch,cold,al,val,3,0.744823,0.016511,5
dnn_match_trafo_expr,entropy_batch,cold,al,val,4,0.743690,0.015088,5
dnn_match_trafo_expr,entropy_batch,cold,al,val,5,0.745442,0.012010,5
dnn_match_trafo_expr,entropy_batch,cold,al,val,6,0.743962,0.012623,5
dnn_match_trafo_expr,entropy_batch,cold,al,val,7,0.740333,0.009318,5
dnn_match_trafo_expr,entropy_batch,cold,al,val,8,0.750439,0.009613,5
dnn_match_trafo_expr,entropy_batch,cold,al,val,9,0.740530,0.007221,5
dnn_match_trafo_expr,entropy_batch,cold,al,val,10,0.744943,0.002612,5
dnn_match_trafo_expr,entropy_batch,cold,al,val,11,0.735272,0.007075,5
dnn_match_trafo_expr,entropy_batch,cold,al,val,12,0.738398,0.007615,5
dnn_match_trafo_expr,entropy_batch,cold,al,val,13,0.734887,0.005132,5
dnn_match_trafo_expr,entropy_batch,cold,al,val,14,0.739743,0.005210,5
dnn_match_trafo_expr,entropy_batch,cold,al,val,15,0.737374,0.002514,5
dnn_match_trafo_expr,entropy_batch,cold,al,val,16,0.726739,0.005715,5
dnn_match_trafo_expr,entropy_batch,cold,al,val,17,0.732506,0.005755,5
dnn_match_trafo_expr,entropy_batch,cold,al,val,18,0.729603,0.008551,5
dnn_match_trafo_expr,entropy_batch,cold,al,val,19,0.732124,0.001875,5
dnn_match_trafo_expr,entropy_batch,cold,al,val,20,0.727498,0.006259,5
dnn_match_trafo_expr,entropy_batch,cold,al,val,21,0.718283,0.005314,5
dnn_match_trafo_expr,entropy_batch,cold,al,val,22,0.726899,0.007303,5
dnn_match_trafo_expr,entropy_batch,cold,al,val,23,0.717635,0.003112,5
dnn_match_trafo_expr,entropy_batch,cold,al,val,24,0.732083,0.005930,5
dnn_match_trafo_expr,entropy_batch,cold,al,val,25,0.724200,0.007915,5
dnn_match_trafo_expr,entropy_batch,cold,al,val,26,0.730092,0.007364,5
dnn_match_trafo_expr,entropy_batch,cold,al,val,27,0.735144,0.006935,5
dnn_match_trafo_expr,entropy_batch,cold,al,val,28,0.728016,0.003700,5
dnn_match_trafo_expr,entropy_batch,cold,al,val,29,0.735177,0.007794,5
dnn_match_trafo_expr,entropy_batch,cold,al,val,30,0.748756,0.008277,5
dnn_match_trafo_expr,entropy_batch,cold,al,val,31,0.749017,0.007867,5
dnn_match_trafo_expr,entropy_batch,cold,al,val,32,0.751659,0.005043,5
dnn_match_trafo_expr,entropy_batch,cold,al,val,33,0.749537,0.003749,5
dnn_match_trafo_expr,entropy_batch,cold,al,val,34,0.756423,0.007756,5
dnn_match_trafo_expr,entropy_batch,cold,al,val,35,0.750942,0.006697,5
dnn_match_trafo_expr,entropy_batch,cold,al,val,36,0.750126,0.006807,5
dnn_match_trafo_expr,entropy_batch,cold,al,val,37,0.753496,0.005581,5
dnn_match_trafo_expr,entropy_batch,cold,al,val,38,0.760170,0.006512,5
dnn_match_trafo_expr,entropy_batch,cold,al,val,39,0.759555,0.004736,5
dnn_match_trafo_expr,entropy_batch,cold,al,val,40,0.758685,0.007279,5
dnn_match_trafo_expr,entropy_batch,cold,baseline,static_random,1,0.760152,0.004912,5
dnn_match_trafo_expr,entropy_batch,cold,baseline,static_random,2,0.768006,0.002430,5
dnn_match_trafo_expr,entropy_batch,cold,baseline,static_random,3,0.777830,0.003996,5
dnn_match_trafo_expr,entropy_batch,cold,baseline,static_random,4,0.787102,0.001610,5
dnn_match_trafo_expr,entropy_batch,cold,baseline,static_random,5,0.794434,0.003841,5
dnn_match_trafo_expr,entropy_batch,cold,baseline,static_random,6,0.810224,0.002779,5
dnn_match_trafo_expr,entropy_batch,cold,baseline,static_random,7,0.811542,0.002822,5
dnn_match_trafo_expr,entropy_batch,cold,baseline,static_random,8,0.815682,0.002651,5
dnn_match_trafo_expr,entropy_batch,cold,baseline,static_random,9,0.822886,0.002468,5
dnn_match_trafo_expr,entropy_batch,cold,baseline,static_random,10,0.827010,0.001597,5
dnn_match_trafo_expr,entropy_batch,cold,baseline,static_random,11,0.830124,0.001354,5
dnn_match_trafo_expr,entropy_batch,cold,baseline,static_random,12,0.831778,0.002318,5
dnn_match_trafo_expr,entropy_batch,cold,baseline,static_random,13,0.834698,0.002503,5
dnn_match_trafo_expr,entropy_batch,cold,baseline,static_random,14,0.833670,0.001644,5
dnn_match_trafo_expr,entropy_batch,cold,baseline,static_random,15,0.837196,0.001673,5
dnn_match_trafo_expr,entropy_batch,cold,baseline,static_random,16,0.836934,0.001669,5
dnn_match_trafo_expr,entropy_batch,cold,baseline,static_random,17,0.839138,0.000787,5
dnn_match_trafo_expr,entropy_batch,cold,baseline,static_random,18,0.842466,0.000378,5
dnn_match_trafo_expr,entropy_batch,cold,baseline,static_random,19,0.843180,0.001124,5
dnn_match_trafo_expr,entropy_batch,cold,baseline,static_random,20,0.842762,0.001435,5
dnn_match_trafo_expr,entropy_batch,cold,baseline,static_random,21,0.842650,0.002076,5
dnn_match_trafo_expr,entropy_batch,cold,baseline,static_random,22,0.843384,0.002005,5
dnn_match_trafo_expr,entropy_batch,cold,baseline,static_random,23,0.846656,0.001216,5
dnn_match_trafo_expr,entropy_batch,cold,baseline,static_random,24,0.846760,0.001309,5
dnn_match_trafo_expr,entropy_batch,cold,baseline,static_random,25,0.847440,0.001502,5
dnn_match_trafo_expr,entropy_batch,cold,baseline,static_random,26,0.847746,0.002024,5
dnn_match_trafo_expr,entropy_batch,cold,baseline,static_random,27,0.850574,0.001312,5
dnn_match_trafo_expr,entropy_batch,cold,baseline,static_random,28,0.850054,0.001675,5
dnn_match_trafo_expr,entropy_batch,cold,baseline,static_random,29,0.851588,0.001674,5
dnn_match_trafo_expr,entropy_batch,cold,baseline,static_random,30,0.851938,0.001510,5
dnn_match_trafo_expr,entropy_batch,cold,baseline,static_random,31,0.850184,0.001911,5
dnn_match_trafo_expr,entropy_batch,cold,baseline,static_random,32,0.854928,0.000839,5
dnn_match_trafo_expr,entropy_batch,cold,baseline,static_random,33,0.852624,0.001248,5
dnn_match_trafo_expr,entropy_batch,cold,baseline,static_random,34,0.856372,0.001116,5
dnn_match_trafo_expr,entropy_batch,cold,baseline,static_random,35,0.854046,0.001154,5
dnn_match_trafo_expr,entropy_batch,cold,baseline,static_random,36,0.854408,0.001445,5
dnn_match_trafo_expr,entropy_batch,cold,baseline,static_random,37,0.857352,0.002467,5
dnn_match_trafo_expr,entropy_batch,cold,baseline,static_random,38,0.855180,0.000899,5
dnn_match_trafo_expr,entropy_batch,cold,baseline,static_random,39,0.856056,0.000887,5
dnn_match_trafo_expr,entropy_batch,cold,baseline,static_random,40,0.859328,0.001750,5
dnn_match_trafo_expr,entropy_batch,cold,baseline,train,1,0.825875,0.007745,5
dnn_match_trafo_expr,entropy_batch,cold,baseline,train,2,0.875100,0.028078,5
dnn_match_trafo_expr,entropy_batch,cold,baseline,train,3,0.876422,0.024954,5
dnn_match_trafo_expr,entropy_batch,cold,baseline,train,4,0.927507,0.024097,5
dnn_match_trafo_expr,entropy_batch,cold,baseline,train,5,0.857169,0.007778,5
dnn_match_trafo_expr,entropy_batch,cold,baseline,train,6,0.863353,0.005435,5
dnn_match_trafo_expr,entropy_batch,cold,baseline,train,7,0.883959,0.020768,5
dnn_match_trafo_expr,entropy_batch,cold,baseline,train,8,0.870489,0.008420,5
dnn_match_trafo_expr,entropy_batch,cold,baseline,train,9,0.867655,0.005442,5
dnn_match_trafo_expr,entropy_batch,cold,baseline,train,10,0.887509,0.012530,5
dnn_match_trafo_expr,entropy_batch,cold,baseline,train,11,0.875476,0.002519,5
dnn_match_trafo_expr,entropy_batch,cold,baseline,train,12,0.874465,0.004759,5
dnn_match_trafo_expr,entropy_batch,cold,baseline,train,13,0.883531,0.002486,5
dnn_match_trafo_expr,entropy_batch,cold,baseline,train,14,0.893028,0.019341,5
dnn_match_trafo_expr,entropy_batch,cold,baseline,train,15,0.883440,0.002723,5
dnn_match_trafo_expr,entropy_batch,cold,baseline,train,16,0.877256,0.010090,5
dnn_match_trafo_expr,entropy_batch,cold,baseline,train,17,0.876839,0.004090,5
dnn_match_trafo_expr,entropy_batch,cold,baseline,train,18,0.869010,0.001486,5
dnn_match_trafo_expr,entropy_batch,cold,baseline,train,19,0.877627,0.003352,5
dnn_match_trafo_expr,entropy_batch,cold,baseline,train,20,0.882828,0.003138,5
dnn_match_trafo_expr,entropy_batch,cold,baseline,train,21,0.879309,0.006064,5
dnn_match_trafo_expr,entropy_batch,cold,baseline,train,22,0.877890,0.005672,5
dnn_match_trafo_expr,entropy_batch,cold,baseline,train,23,0.876381,0.002866,5
dnn_match_trafo_expr,entropy_batch,cold,baseline,train,24,0.880224,0.003584,5
dnn_match_trafo_expr,entropy_batch,cold,baseline,train,25,0.880637,0.002270,5
dnn_match_trafo_expr,entropy_batch,cold,baseline,train,26,0.882938,0.001211,5
dnn_match_trafo_expr,entropy_batch,cold,baseline,train,27,0.884912,0.002850,5
dnn_match_trafo_expr,entropy_batch,cold,baseline,train,28,0.883279,0.003320,5
dnn_match_trafo_expr,entropy_batch,cold,baseline,train,29,0.883104,0.004813,5
dnn_match_trafo_expr,entropy_batch,cold,baseline,train,30,0.886278,0.004690,5
dnn_match_trafo_expr,entropy_batch,cold,baseline,train,31,0.877714,0.001142,5
dnn_match_trafo_expr,entropy_batch,cold,baseline,train,32,0.882747,0.002169,5
dnn_match_trafo_expr,entropy_batch,cold,baseline,train,33,0.882772,0.001364,5
dnn_match_trafo_expr,entropy_batch,cold,baseline,train,34,0.882991,0.002974,5
dnn_match_trafo_expr,entropy_batch,cold,baseline,train,35,0.884954,0.004376,5
dnn_match_trafo_expr,entropy_batch,cold,baseline,train,36,0.887184,0.003863,5
dnn_match_trafo_expr,entropy_batch,cold,baseline,train,37,0.880331,0.003880,5
dnn_match_trafo_expr,entropy_batch,cold,baseline,train,38,0.880267,0.002502,5
dnn_match_trafo_expr,entropy_batch,cold,baseline,train,39,0.883322,0.002105,5
dnn_match_trafo_expr,entropy_batch,cold,baseline,train,40,0.890073,0.008680,5
dnn_match_trafo_expr,entropy_batch,cold,baseline,val,1,0.751000,0.004912,5
dnn_match_trafo_expr,entropy_batch,cold,baseline,val,2,0.779612,0.003856,5
dnn_match_trafo_expr,entropy_batch,cold,baseline,val,3,0.775860,0.005903,5
dnn_match_trafo_expr,entropy_batch,cold,baseline,val,4,0.791610,0.005329,5
dnn_match_trafo_expr,entropy_batch,cold,baseline,val,5,0.796165,0.004385,5
dnn_match_trafo_expr,entropy_batch,cold,baseline,val,6,0.810434,0.002253,5
dnn_match_trafo_expr,entropy_batch,cold,baseline,val,7,0.815967,0.001567,5
dnn_match_trafo_expr,entropy_batch,cold,baseline,val,8,0.822546,0.008330,5
dnn_match_trafo_expr,entropy_batch,cold,baseline,val,9,0.829711,0.006214,5
dnn_match_trafo_expr,entropy_batch,cold,baseline,val,10,0.832491,0.001360,5
dnn_match_trafo_expr,entropy_batch,cold,baseline,val,11,0.833250,0.004154,5
dnn_match_trafo_expr,entropy_batch,cold,baseline,val,12,0.839840,0.002007,5
dnn_match_trafo_expr,entropy_batch,cold,baseline,val,13,0.841266,0.003759,5
dnn_match_trafo_expr,entropy_batch,cold,baseline,val,14,0.837080,0.006737,5
dnn_match_trafo_expr,entropy_batch,cold,baseline,val,15,0.844266,0.007872,5
dnn_match_trafo_expr,entropy_batch,cold,baseline,val,16,0.838723,0.002942,5
dnn_match_trafo_expr,entropy_batch,cold,baseline,val,17,0.842018,0.002897,5
dnn_match_trafo_expr,entropy_batch,cold,baseline,val,18,0.846204,0.002588,5
dnn_match_trafo_expr,entropy_batch,cold,baseline,val,19,0.846359,0.002790,5
dnn_match_trafo_expr,entropy_batch,cold,baseline,val,20,0.847025,0.002562,5
dnn_match_trafo_expr,entropy_batch,cold,baseline,val,21,0.846536,0.001683,5
dnn_match_trafo_expr,entropy_batch,cold,baseline,val,22,0.843934,0.002147,5
dnn_match_trafo_expr,entropy_batch,cold,baseline,val,23,0.849308,0.002329,5
dnn_match_trafo_expr,entropy_batch,cold,baseline,val,24,0.853930,0.003112,5
dnn_match_trafo_expr,entropy_batch,cold,baseline,val,25,0.843465,0.002984,5
dnn_match_trafo_expr,entropy_batch,cold,baseline,val,26,0.849849,0.003323,5
dnn_match_trafo_expr,entropy_batch,cold,baseline,val,27,0.854878,0.003368,5
dnn_match_trafo_expr,entropy_batch,cold,baseline,val,28,0.853048,0.002935,5
dnn_match_trafo_expr,entropy_batch,cold,baseline,val,29,0.852028,0.002185,5
dnn_match_trafo_expr,entropy_batch,cold,baseline,val,30,0.856366,0.002429,5
dnn_match_trafo_expr,entropy_batch,cold,baseline,val,31,0.851843,0.002871,5
dnn_match_trafo_expr,entropy_batch,cold,baseline,val,32,0.860299,0.001110,5
dnn_match_trafo_expr,entropy_batch,cold,baseline,val,33,0.855536,0.003529,5
dnn_match_trafo_expr,entropy_batch,cold,baseline,val,34,0.858974,0.003206,5
dnn_match_trafo_expr,entropy_batch,cold,baseline,val,35,0.857307,0.003621,5
dnn_match_trafo_expr,entropy_batch,cold,baseline,val,36,0.853048,0.003057,5
dnn_match_trafo_expr,entropy_batch,cold,baseline,val,37,0.859219,0.001766,5
dnn_match_trafo_expr,entropy_batch,cold,baseline,val,38,0.854345,0.001888,5
dnn_match_trafo_expr,entropy_batch,cold,baseline,val,39,0.857484,0.002204,5
dnn_match_trafo_expr,entropy_batch,cold,baseline,val,40,0.862295,0.005097,5
exact_gp_expr,entropy_batch,warm,al,static_random,1,0.714470,0.001736,5
exact_gp_expr,entropy_batch,warm,al,static_random,2,0.803800,0.002695,5
exact_gp_expr,entropy_batch,warm,al,static_random,3,0.810000,0.002816,5
exact_gp_expr,entropy_batch,warm,al,static_random,4,0.814374,0.003497,5
exact_gp_expr,entropy_batch,warm,al,static_random,5,0.816680,0.003823,5
exact_gp_expr,entropy_batch,warm,al,static_random,6,0.819184,0.004156,5
exact_gp_expr,entropy_batch,warm,al,static_random,7,0.821722,0.004566,5
exact_gp_expr,entropy_batch,warm,al,static_random,8,0.823726,0.004567,5
exact_gp_expr,entropy_batch,warm,al,static_random,9,0.826230,0.004773,5
exact_gp_expr,entropy_batch,warm,al,static_random,10,0.828998,0.004783,5
exact_gp_expr,entropy_batch,warm,al,static_random,11,0.830598,0.004379,5
exact_gp_expr,entropy_batch,warm,al,static_random,12,0.832538,0.004273,5
exact_gp_expr,entropy_batch,warm,al,static_random,13,0.833914,0.004250,5
exact_gp_expr,entropy_batch,warm,al,static_random,14,0.835636,0.004332,5
exact_gp_expr,entropy_batch,warm,al,static_random,15,0.837720,0.003979,5
exact_gp_expr,entropy_batch,warm,al,static_random,16,0.839504,0.003449,5
exact_gp_expr,entropy_batch,warm,al,static_random,17,0.840796,0.003465,5
exact_gp_expr,entropy_batch,warm,al,static_random,18,0.842190,0.003237,5
exact_gp_expr,entropy_batch,warm,al,static_random,19,0.843286,0.003286,5
exact_gp_expr,entropy_batch,warm,al,static_random,20,0.844628,0.003199,5
exact_gp_expr,entropy_batch,warm,al,static_random,21,0.845870,0.003117,5
exact_gp_expr,entropy_batch,warm,al,static_random,22,0.847262,0.002817,5
exact_gp_expr,entropy_batch,warm,al,static_random,23,0.847868,0.002695,5
exact_gp_expr,entropy_batch,warm,al,static_random,24,0.848804,0.002594,5
exact_gp_expr,entropy_batch,warm,al,static_random,25,0.850080,0.001810,5
exact_gp_expr,entropy_batch,warm,al,static_random,26,0.850574,0.001829,5
exact_gp_expr,entropy_batch,warm,al,static_random,27,0.851774,0.001768,5
exact_gp_expr,entropy_batch,warm,al,static_random,28,0.852766,0.001527,5
exact_gp_expr,entropy_batch,warm,al,static_random,29,0.853718,0.001616,5
exact_gp_expr,entropy_batch,warm,al,static_random,30,0.854410,0.001540,5
exact_gp_expr,entropy_batch,warm,al,static_random,31,0.855148,0.001305,5
exact_gp_expr,entropy_batch,warm,al,static_random,32,0.855496,0.001271,5
exact_gp_expr,entropy_batch,warm,al,static_random,33,0.856658,0.001134,5
exact_gp_expr,entropy_batch,warm,al,static_random,34,0.857616,0.001193,5
exact_gp_expr,entropy_batch,warm,al,static_random,35,0.858342,0.001145,5
exact_gp_expr,entropy_batch,warm,al,static_random,36,0.859138,0.001058,5
exact_gp_expr,entropy_batch,warm,al,static_random,37,0.859738,0.000922,5
exact_gp_expr,entropy_batch,warm,al,static_random,38,0.860232,0.001131,5
exact_gp_expr,entropy_batch,warm,al,static_random,39,0.860388,0.001127,5
exact_gp_expr,entropy_batch,warm,al,static_random,40,0.861080,0.001064,5
exact_gp_expr,entropy_batch,warm,al,static_random,41,0.862690,,1
exact_gp_expr,entropy_batch,warm,al,static_random,42,0.862940,,1
exact_gp_expr,entropy_batch,warm,al,static_random,43,0.863260,,1
exact_gp_expr,entropy_batch,warm,al,static_random,44,0.863590,,1
exact_gp_expr,entropy_batch,warm,al,static_random,45,0.864050,,1
exact_gp_expr,entropy_batch,warm,al,static_random,46,0.864370,,1
exact_gp_expr,entropy_batch,warm,al,static_random,47,0.863970,,1
exact_gp_expr,entropy_batch,warm,al,static_random,48,0.864230,,1
exact_gp_expr,entropy_batch,warm,al,static_random,49,0.864400,,1
exact_gp_expr,entropy_batch,warm,al,static_random,50,0.864760,,1
exact_gp_expr,entropy_batch,warm,al,static_random,51,0.865470,,1
exact_gp_expr,entropy_batch,warm,al,static_random,52,0.865630,,1
exact_gp_expr,entropy_batch,warm,al,static_random,53,0.865540,,1
exact_gp_expr,entropy_batch,warm,al,static_random,54,0.866020,,1
exact_gp_expr,entropy_batch,warm,al,static_random,55,0.866440,,1
exact_gp_expr,entropy_batch,warm,al,static_random,56,0.866190,,1
exact_gp_expr,entropy_batch,warm,al,static_random,57,0.866530,,1
exact_gp_expr,entropy_batch,warm,al,static_random,58,0.867230,,1
exact_gp_expr,entropy_batch,warm,al,static_random,59,0.867480,,1
exact_gp_expr,entropy_batch,warm,al,static_random,60,0.867820,,1
exact_gp_expr,entropy_batch,warm,al,static_random,61,0.868180,,1
exact_gp_expr,entropy_batch,warm,al,static_random,62,0.868230,,1
exact_gp_expr,entropy_batch,warm,al,train,1,0.999000,0.000424,5
exact_gp_expr,entropy_batch,warm,al,train,2,0.882161,0.006556,5
exact_gp_expr,entropy_batch,warm,al,train,3,0.883370,0.004534,5
exact_gp_expr,entropy_batch,warm,al,train,4,0.882070,0.003341,5
exact_gp_expr,entropy_batch,warm,al,train,5,0.880777,0.003090,5
exact_gp_expr,entropy_batch,warm,al,train,6,0.876866,0.004255,5
exact_gp_expr,entropy_batch,warm,al,train,7,0.876615,0.004361,5
exact_gp_expr,entropy_batch,warm,al,train,8,0.874863,0.005293,5
exact_gp_expr,entropy_batch,warm,al,train,9,0.871781,0.005967,5
exact_gp_expr,entropy_batch,warm,al,train,10,0.870815,0.006093,5
exact_gp_expr,entropy_batch,warm,al,train,11,0.866596,0.004393,5
exact_gp_expr,entropy_batch,warm,al,train,12,0.861625,0.003652,5
exact_gp_expr,entropy_batch,warm,al,train,13,0.861132,0.003550,5
exact_gp_expr,entropy_batch,warm,al,train,14,0.860541,0.004556,5
exact_gp_expr,entropy_batch,warm,al,train,15,0.859755,0.003999,5
exact_gp_expr,entropy_batch,warm,al,train,16,0.857954,0.003852,5
exact_gp_expr,entropy_batch,warm,al,train,17,0.856493,0.003555,5
exact_gp_expr,entropy_batch,warm,al,train,18,0.855522,0.003871,5
exact_gp_expr,entropy_batch,warm,al,train,19,0.853660,0.003420,5
exact_gp_expr,entropy_batch,warm,al,train,20,0.854062,0.004752,5
exact_gp_expr,entropy_batch,warm,al,train,21,0.852953,0.003859,5
exact_gp_expr,entropy_batch,warm,al,train,22,0.850151,0.004824,5
exact_gp_expr,entropy_batch,warm,al,train,23,0.846923,0.004262,5
exact_gp_expr,entropy_batch,warm,al,train,24,0.844116,0.004531,5
exact_gp_expr,entropy_batch,warm,al,train,25,0.843394,0.004266,5
exact_gp_expr,entropy_batch,warm,al,train,26,0.841738,0.004276,5
exact_gp_expr,entropy_batch,warm,al,train,27,0.839442,0.003614,5
exact_gp_expr,entropy_batch,warm,al,train,28,0.837608,0.003041,5
exact_gp_expr,entropy_batch,warm,al,train,29,0.835924,0.003354,5
exact_gp_expr,entropy_batch,warm,al,train,30,0.835014,0.003669,5
exact_gp_expr,entropy_batch,warm,al,train,31,0.834972,0.003333,5
exact_gp_expr,entropy_batch,warm,al,train,32,0.832222,0.004360,5
exact_gp_expr,entropy_batch,warm,al,train,33,0.832056,0.004157,5
exact_gp_expr,entropy_batch,warm,al,train,34,0.832180,0.004032,5
exact_gp_expr,entropy_batch,warm,al,train,35,0.830122,0.004165,5
exact_gp_expr,entropy_batch,warm,al,train,36,0.827809,0.003780,5
exact_gp_expr,entropy_batch,warm,al,train,37,0.826595,0.002988,5
exact_gp_expr,entropy_batch,warm,al,train,38,0.824720,0.003228,5
exact_gp_expr,entropy_batch,warm,al,train,39,0.823851,0.003658,5
exact_gp_expr,entropy_batch,warm,al,train,40,0.823142,0.002820,5
exact_gp_expr,entropy_batch,warm,al,train,41,0.816342,,1
exact_gp_expr,entropy_batch,warm,al,train,42,0.810011,,1
exact_gp_expr,entropy_batch,warm,al,train,43,0.811844,,1
exact_gp_expr,entropy_batch,warm,al,train,44,0.810095,,1
exact_gp_expr,entropy_batch,warm,al,train,45,0.809834,,1
exact_gp_expr,entropy_batch,warm,al,train,46,0.809864,,1
exact_gp_expr,entropy_batch,warm,al,train,47,0.809188,,1
exact_gp_expr,entropy_batch,warm,al,train,48,0.806766,,1
exact_gp_expr,entropy_batch,warm,al,train,49,0.806300,,1
exact_gp_expr,entropy_batch,warm,al,train,50,0.805988,,1
exact_gp_expr,entropy_batch,warm,al,train,51,0.807156,,1
exact_gp_expr,entropy_batch,warm,al,train,52,0.805740,,1
exact_gp_expr,entropy_batch,warm,al,train,53,0.806521,,1
exact_gp_expr,entropy_batch,warm,al,train,54,0.806729,,1
exact_gp_expr,entropy_batch,warm,al,train,55,0.807120,,1
exact_gp_expr,entropy_batch,warm,al,train,56,0.807802,,1
exact_gp_expr,entropy_batch,warm,al,train,57,0.807817,,1
exact_gp_expr,entropy_batch,warm,al,train,58,0.808258,,1
exact_gp_expr,entropy_batch,warm,al,train,59,0.810558,,1
exact_gp_expr,entropy_batch,warm,al,train,60,0.809613,,1
exact_gp_expr,entropy_batch,warm,al,train,61,0.808856,,1
exact_gp_expr,entropy_batch,warm,al,train,62,0.809129,,1
exact_gp_expr,entropy_batch,warm,al,val,1,0.717000,0.011385,5
exact_gp_expr,entropy_batch,warm,al,val,2,0.787412,0.007582,5
exact_gp_expr,entropy_batch,warm,al,val,3,0.789087,0.003549,5
exact_gp_expr,entropy_batch,warm,al,val,4,0.791964,0.006264,5
exact_gp_expr,entropy_batch,warm,al,val,5,0.790260,0.004529,5
exact_gp_expr,entropy_batch,warm,al,val,6,0.784788,0.006059,5
exact_gp_expr,entropy_batch,warm,al,val,7,0.785818,0.008622,5
exact_gp_expr,entropy_batch,warm,al,val,8,0.774199,0.005682,5
exact_gp_expr,entropy_batch,warm,al,val,9,0.770948,0.004348,5
exact_gp_expr,entropy_batch,warm,al,val,10,0.775376,0.004723,5
exact_gp_expr,entropy_batch,warm,al,val,11,0.768280,0.005867,5
exact_gp_expr,entropy_batch,warm,al,val,12,0.767469,0.006388,5
exact_gp_expr,entropy_batch,warm,al,val,13,0.768765,0.005751,5
exact_gp_expr,entropy_batch,warm,al,val,14,0.765336,0.008493,5
exact_gp_expr,entropy_batch,warm,al,val,15,0.760983,0.009568,5
exact_gp_expr,entropy_batch,warm,al,val,16,0.754310,0.009743,5
exact_gp_expr,entropy_batch,warm,al,val,17,0.748812,0.010908,5
exact_gp_expr,entropy_batch,warm,al,val,18,0.749120,0.008878,5
exact_gp_expr,entropy_batch,warm,al,val,19,0.749746,0.007354,5
exact_gp_expr,entropy_batch,warm,al,val,20,0.747923,0.006358,5
exact_gp_expr,entropy_batch,warm,al,val,21,0.744904,0.006161,5
exact_gp_expr,entropy_batch,warm,al,val,22,0.746175,0.005404,5
exact_gp_expr,entropy_batch,warm,al,val,23,0.742981,0.006211,5
exact_gp_expr,entropy_batch,warm,al,val,24,0.738752,0.006956,5
exact_gp_expr,entropy_batch,warm,al,val,25,0.736256,0.008169,5
exact_gp_expr,entropy_batch,warm,al,val,26,0.738100,0.007722,5
exact_gp_expr,entropy_batch,warm,al,val,27,0.734006,0.008285,5
exact_gp_expr,entropy_batch,warm,al,val,28,0.735362,0.008921,5
exact_gp_expr,entropy_batch,warm,al,val,29,0.730631,0.007280,5
exact_gp_expr,entropy_batch,warm,al,val,30,0.730292,0.007681,5
exact_gp_expr,entropy_batch,warm,al,val,31,0.728212,0.005877,5
exact_gp_expr,entropy_batch,warm,al,val,32,0.727974,0.006442,5
exact_gp_expr,entropy_batch,warm,al,val,33,0.728614,0.007819,5
exact_gp_expr,entropy_batch,warm,al,val,34,0.727988,0.006357,5
exact_gp_expr,entropy_batch,warm,al,val,35,0.723458,0.005322,5
exact_gp_expr,entropy_batch,warm,al,val,36,0.722421,0.007201,5
exact_gp_expr,entropy_batch,warm,al,val,37,0.721445,0.005309,5
exact_gp_expr,entropy_batch,warm,al,val,38,0.719779,0.004454,5
exact_gp_expr,entropy_batch,warm,al,val,39,0.719318,0.002878,5
exact_gp_expr,entropy_batch,warm,al,val,40,0.719819,0.003880,5
exact_gp_expr,entropy_batch,warm,al,val,41,0.725292,,1
exact_gp_expr,entropy_batch,warm,al,val,42,0.719519,,1
exact_gp_expr,entropy_batch,warm,al,val,43,0.712987,,1
exact_gp_expr,entropy_batch,warm,al,val,44,0.719575,,1
exact_gp_expr,entropy_batch,warm,al,val,45,0.720360,,1
exact_gp_expr,entropy_batch,warm,al,val,46,0.726595,,1
exact_gp_expr,entropy_batch,warm,al,val,47,0.723094,,1
exact_gp_expr,entropy_batch,warm,al,val,48,0.726863,,1
exact_gp_expr,entropy_batch,warm,al,val,49,0.724111,,1
exact_gp_expr,entropy_batch,warm,al,val,50,0.719012,,1
exact_gp_expr,entropy_batch,warm,al,val,51,0.717217,,1
exact_gp_expr,entropy_batch,warm,al,val,52,0.715511,,1
exact_gp_expr,entropy_batch,warm,al,val,53,0.709576,,1
exact_gp_expr,entropy_batch,warm,al,val,54,0.711852,,1
exact_gp_expr,entropy_batch,warm,al,val,55,0.707567,,1
exact_gp_expr,entropy_batch,warm,al,val,56,0.702932,,1
exact_gp_expr,entropy_batch,warm,al,val,57,0.701100,,1
exact_gp_expr,entropy_batch,warm,al,val,58,0.707155,,1
exact_gp_expr,entropy_batch,warm,al,val,59,0.707535,,1
exact_gp_expr,entropy_batch,warm,al,val,60,0.707030,,1
exact_gp_expr,entropy_batch,warm,al,val,61,0.703782,,1
exact_gp_expr,entropy_batch,warm,al,val,62,0.700917,,1
exact_gp_expr,entropy_batch,warm,baseline,static_random,1,0.714470,0.001736,5
exact_gp_expr,entropy_batch,warm,baseline,static_random,2,0.802282,0.000852,5
exact_gp_expr,entropy_batch,warm,baseline,static_random,3,0.805664,0.000569,5
exact_gp_expr,entropy_batch,warm,baseline,static_random,4,0.808294,0.001204,5
exact_gp_expr,entropy_batch,warm,baseline,static_random,5,0.810234,0.001393,5
exact_gp_expr,entropy_batch,warm,baseline,static_random,6,0.812088,0.002016,5
exact_gp_expr,entropy_batch,warm,baseline,static_random,7,0.813756,0.002280,5
exact_gp_expr,entropy_batch,warm,baseline,static_random,8,0.816522,0.002709,5
exact_gp_expr,entropy_batch,warm,baseline,static_random,9,0.819086,0.003085,5
exact_gp_expr,entropy_batch,warm,baseline,static_random,10,0.820404,0.003105,5
exact_gp_expr,entropy_batch,warm,baseline,static_random,11,0.821732,0.003407,5
exact_gp_expr,entropy_batch,warm,baseline,static_random,12,0.822634,0.003526,5
exact_gp_expr,entropy_batch,warm,baseline,static_random,13,0.824126,0.003773,5
exact_gp_expr,entropy_batch,warm,baseline,static_random,14,0.825392,0.003509,5
exact_gp_expr,entropy_batch,warm,baseline,static_random,15,0.826542,0.004050,5
exact_gp_expr,entropy_batch,warm,baseline,static_random,16,0.828674,0.003928,5
exact_gp_expr,entropy_batch,warm,baseline,static_random,17,0.829266,0.004052,5
exact_gp_expr,entropy_batch,warm,baseline,static_random,18,0.830652,0.003846,5
exact_gp_expr,entropy_batch,warm,baseline,static_random,19,0.831400,0.003916,5
exact_gp_expr,entropy_batch,warm,baseline,static_random,20,0.832774,0.003509,5
exact_gp_expr,entropy_batch,warm,baseline,static_random,21,0.833440,0.003305,5
exact_gp_expr,entropy_batch,warm,baseline,static_random,22,0.834174,0.003150,5
exact_gp_expr,entropy_batch,warm,baseline,static_random,23,0.835400,0.003082,5
exact_gp_expr,entropy_batch,warm,baseline,static_random,24,0.836058,0.002546,5
exact_gp_expr,entropy_batch,warm,baseline,static_random,25,0.837186,0.002427,5
exact_gp_expr,entropy_batch,warm,baseline,static_random,26,0.838196,0.002133,5
exact_gp_expr,entropy_batch,warm,baseline,static_random,27,0.838318,0.001973,5
exact_gp_expr,entropy_batch,warm,baseline,static_random,28,0.839358,0.001979,5
exact_gp_expr,entropy_batch,warm,baseline,static_random,29,0.840242,0.002063,5
exact_gp_expr,entropy_batch,warm,baseline,static_random,30,0.841040,0.001822,5
exact_gp_expr,entropy_batch,warm,baseline,static_random,31,0.842082,0.001602,5
exact_gp_expr,entropy_batch,warm,baseline,static_random,32,0.842448,0.001638,5
exact_gp_expr,entropy_batch,warm,baseline,static_random,33,0.843152,0.001419,5
exact_gp_expr,entropy_batch,warm,baseline,static_random,34,0.844016,0.001441,5
exact_gp_expr,entropy_batch,warm,baseline,static_random,35,0.844330,0.001561,5
exact_gp_expr,entropy_batch,warm,baseline,static_random,36,0.845158,0.001319,5
exact_gp_expr,entropy_batch,warm,baseline,static_random,37,0.845670,0.001070,5
exact_gp_expr,entropy_batch,warm,baseline,static_random,38,0.846286,0.001212,5
exact_gp_expr,entropy_batch,warm,baseline,static_random,39,0.846572,0.001143,5
exact_gp_expr,entropy_batch,warm,baseline,static_random,40,0.847080,0.001298,5
exact_gp_expr,entropy_batch,warm,baseline,static_random,41,0.850670,,1
exact_gp_expr,entropy_batch,warm,baseline,static_random,42,0.850560,,1
exact_gp_expr,entropy_batch,warm,baseline,static_random,43,0.850150,,1
exact_gp_expr,entropy_batch,warm,baseline,static_random,44,0.850430,,1
exact_gp_expr,entropy_batch,warm,baseline,static_random,45,0.851070,,1
exact_gp_expr,entropy_batch,warm,baseline,static_random,46,0.850910,,1
exact_gp_expr,entropy_batch,warm,baseline,static_random,47,0.851280,,1
exact_gp_expr,entropy_batch,warm,baseline,static_random,48,0.851140,,1
exact_gp_expr,entropy_batch,warm,baseline,static_random,49,0.851230,,1
exact_gp_expr,entropy_batch,warm,baseline,static_random,50,0.851870,,1
exact_gp_expr,entropy_batch,warm,baseline,static_random,51,0.852280,,1
exact_gp_expr,entropy_batch,warm,baseline,static_random,52,0.852420,,1
exact_gp_expr,entropy_batch,warm,baseline,static_random,53,0.852400,,1
exact_gp_expr,entropy_batch,warm,baseline,static_random,54,0.852890,,1
exact_gp_expr,entropy_batch,warm,baseline,static_random,55,0.853520,,1
exact_gp_expr,entropy_batch,warm,baseline,static_random,56,0.853620,,1
exact_gp_expr,entropy_batch,warm,baseline,static_random,57,0.854260,,1
exact_gp_expr,entropy_batch,warm,baseline,static_random,58,0.854280,,1
exact_gp_expr,entropy_batch,warm,baseline,static_random,59,0.854560,,1
exact_gp_expr,entropy_batch,warm,baseline,static_random,60,0.855310,,1
exact_gp_expr,entropy_batch,warm,baseline,static_random,61,0.855550,,1
exact_gp_expr,entropy_batch,warm,baseline,static_random,62,0.856020,,1
exact_gp_expr,entropy_batch,warm,baseline,train,1,0.999000,0.000424,5
exact_gp_expr,entropy_batch,warm,baseline,train,2,0.898788,0.008010,5
exact_gp_expr,entropy_batch,warm,baseline,train,3,0.893227,0.006136,5
exact_gp_expr,entropy_batch,warm,baseline,train,4,0.891340,0.004696,5
exact_gp_expr,entropy_batch,warm,baseline,train,5,0.888224,0.004946,5
exact_gp_expr,entropy_batch,warm,baseline,train,6,0.893730,0.004897,5
exact_gp_expr,entropy_batch,warm,baseline,train,7,0.890015,0.005289,5
exact_gp_expr,entropy_batch,warm,baseline,train,8,0.891727,0.004828,5
exact_gp_expr,entropy_batch,warm,baseline,train,9,0.892373,0.006188,5
exact_gp_expr,entropy_batch,warm,baseline,train,10,0.891130,0.006410,5
exact_gp_expr,entropy_batch,warm,baseline,train,11,0.891066,0.005978,5
exact_gp_expr,entropy_batch,warm,baseline,train,12,0.889945,0.005659,5
exact_gp_expr,entropy_batch,warm,baseline,train,13,0.888397,0.005032,5
exact_gp_expr,entropy_batch,warm,baseline,train,14,0.888299,0.005432,5
exact_gp_expr,entropy_batch,warm,baseline,train,15,0.888289,0.004916,5
exact_gp_expr,entropy_batch,warm,baseline,train,16,0.886209,0.002206,5
exact_gp_expr,entropy_batch,warm,baseline,train,17,0.885697,0.001869,5
exact_gp_expr,entropy_batch,warm,baseline,train,18,0.887306,0.001609,5
exact_gp_expr,entropy_batch,warm,baseline,train,19,0.885141,0.001711,5
exact_gp_expr,entropy_batch,warm,baseline,train,20,0.885671,0.002137,5
exact_gp_expr,entropy_batch,warm,baseline,train,21,0.886770,0.001496,5
exact_gp_expr,entropy_batch,warm,baseline,train,22,0.885926,0.001414,5
exact_gp_expr,entropy_batch,warm,baseline,train,23,0.886493,0.001862,5
exact_gp_expr,entropy_batch,warm,baseline,train,24,0.886305,0.001754,5
exact_gp_expr,entropy_batch,warm,baseline,train,25,0.887187,0.001626,5
exact_gp_expr,entropy_batch,warm,baseline,train,26,0.886432,0.001632,5
exact_gp_expr,entropy_batch,warm,baseline,train,27,0.886028,0.001155,5
exact_gp_expr,entropy_batch,warm,baseline,train,28,0.885796,0.001095,5
exact_gp_expr,entropy_batch,warm,baseline,train,29,0.885242,0.000987,5
exact_gp_expr,entropy_batch,warm,baseline,train,30,0.885129,0.001019,5
exact_gp_expr,entropy_batch,warm,baseline,train,31,0.885553,0.001404,5
exact_gp_expr,entropy_batch,warm,baseline,train,32,0.885355,0.001247,5
exact_gp_expr,entropy_batch,warm,baseline,train,33,0.884659,0.001482,5
exact_gp_expr,entropy_batch,warm,baseline,train,34,0.885242,0.001370,5
exact_gp_expr,entropy_batch,warm,baseline,train,35,0.885018,0.002005,5
exact_gp_expr,entropy_batch,warm,baseline,train,36,0.885241,0.001887,5
exact_gp_expr,entropy_batch,warm,baseline,train,37,0.885991,0.001769,5
exact_gp_expr,entropy_batch,warm,baseline,train,38,0.885908,0.001469,5
exact_gp_expr,entropy_batch,warm,baseline,train,39,0.885269,0.001472,5
exact_gp_expr,entropy_batch,warm,baseline,train,40,0.885146,0.001809,5
exact_gp_expr,entropy_batch,warm,baseline,train,41,0.887056,,1
exact_gp_expr,entropy_batch,warm,baseline,train,42,0.886589,,1
exact_gp_expr,entropy_batch,warm,baseline,train,43,0.885429,,1
exact_gp_expr,entropy_batch,warm,baseline,train,44,0.885486,,1
exact_gp_expr,entropy_batch,warm,baseline,train,45,0.886531,,1
exact_gp_expr,entropy_batch,warm,baseline,train,46,0.886454,,1
exact_gp_expr,entropy_batch,warm,baseline,train,47,0.886669,,1
exact_gp_expr,entropy_batch,warm,baseline,train,48,0.886698,,1
exact_gp_expr,entropy_batch,warm,baseline,train,49,0.885626,,1
exact_gp_expr,entropy_batch,warm,baseline,train,50,0.886631,,1
exact_gp_expr,entropy_batch,warm,baseline,train,51,0.886808,,1
exact_gp_expr,entropy_batch,warm,baseline,train,52,0.886052,,1
exact_gp_expr,entropy_batch,warm,baseline,train,53,0.886748,,1
exact_gp_expr,entropy_batch,warm,baseline,train,54,0.886954,,1
exact_gp_expr,entropy_batch,warm,baseline,train,55,0.887352,,1
exact_gp_expr,entropy_batch,warm,baseline,train,56,0.886902,,1
exact_gp_expr,entropy_batch,warm,baseline,train,57,0.888331,,1
exact_gp_expr,entropy_batch,warm,baseline,train,58,0.888041,,1
exact_gp_expr,entropy_batch,warm,baseline,train,59,0.889117,,1
exact_gp_expr,entropy_batch,warm,baseline,train,60,0.888794,,1
exact_gp_expr,entropy_batch,warm,baseline,train,61,0.887015,,1
exact_gp_expr,entropy_batch,warm,baseline,train,62,0.886586,,1
exact_gp_expr,entropy_batch,warm,baseline,val,1,0.717000,0.011385,5
exact_gp_expr,entropy_batch,warm,baseline,val,2,0.795088,0.003286,5
exact_gp_expr,entropy_batch,warm,baseline,val,3,0.804968,0.007370,5
exact_gp_expr,entropy_batch,warm,baseline,val,4,0.815993,0.009458,5
exact_gp_expr,entropy_batch,warm,baseline,val,5,0.817532,0.008355,5
exact_gp_expr,entropy_batch,warm,baseline,val,6,0.818288,0.008403,5
exact_gp_expr,entropy_batch,warm,baseline,val,7,0.818455,0.008615,5
exact_gp_expr,entropy_batch,warm,baseline,val,8,0.823651,0.006688,5
exact_gp_expr,entropy_batch,warm,baseline,val,9,0.821120,0.006449,5
exact_gp_expr,entropy_batch,warm,baseline,val,10,0.818954,0.008079,5
exact_gp_expr,entropy_batch,warm,baseline,val,11,0.823259,0.009024,5
exact_gp_expr,entropy_batch,warm,baseline,val,12,0.822377,0.007132,5
exact_gp_expr,entropy_batch,warm,baseline,val,13,0.827868,0.008869,5
exact_gp_expr,entropy_batch,warm,baseline,val,14,0.827722,0.007483,5
exact_gp_expr,entropy_batch,warm,baseline,val,15,0.831393,0.009114,5
exact_gp_expr,entropy_batch,warm,baseline,val,16,0.834679,0.008479,5
exact_gp_expr,entropy_batch,warm,baseline,val,17,0.834898,0.008248,5
exact_gp_expr,entropy_batch,warm,baseline,val,18,0.833696,0.009797,5
exact_gp_expr,entropy_batch,warm,baseline,val,19,0.834775,0.007673,5
exact_gp_expr,entropy_batch,warm,baseline,val,20,0.837445,0.005985,5
exact_gp_expr,entropy_batch,warm,baseline,val,21,0.840195,0.003967,5
exact_gp_expr,entropy_batch,warm,baseline,val,22,0.839587,0.005573,5
exact_gp_expr,entropy_batch,warm,baseline,val,23,0.840312,0.004245,5
exact_gp_expr,entropy_batch,warm,baseline,val,24,0.841477,0.003795,5
exact_gp_expr,entropy_batch,warm,baseline,val,25,0.843076,0.004323,5
exact_gp_expr,entropy_batch,warm,baseline,val,26,0.842495,0.005684,5
exact_gp_expr,entropy_batch,warm,baseline,val,27,0.840111,0.004262,5
exact_gp_expr,entropy_batch,warm,baseline,val,28,0.839045,0.003831,5
exact_gp_expr,entropy_batch,warm,baseline,val,29,0.839893,0.003966,5
exact_gp_expr,entropy_batch,warm,baseline,val,30,0.839897,0.003209,5
exact_gp_expr,entropy_batch,warm,baseline,val,31,0.842134,0.002453,5
exact_gp_expr,entropy_batch,warm,baseline,val,32,0.842316,0.002347,5
exact_gp_expr,entropy_batch,warm,baseline,val,33,0.843767,0.002085,5
exact_gp_expr,entropy_batch,warm,baseline,val,34,0.845040,0.001258,5
exact_gp_expr,entropy_batch,warm,baseline,val,35,0.844240,0.001889,5
exact_gp_expr,entropy_batch,warm,baseline,val,36,0.844640,0.001984,5
exact_gp_expr,entropy_batch,warm,baseline,val,37,0.843421,0.003047,5
exact_gp_expr,entropy_batch,warm,baseline,val,38,0.844773,0.002709,5
exact_gp_expr,entropy_batch,warm,baseline,val,39,0.844522,0.002858,5
exact_gp_expr,entropy_batch,warm,baseline,val,40,0.846473,0.003093,5
exact_gp_expr,entropy_batch,warm,baseline,val,41,0.847452,,1
exact_gp_expr,entropy_batch,warm,baseline,val,42,0.848048,,1
exact_gp_expr,entropy_batch,warm,baseline,val,43,0.847552,,1
exact_gp_expr,entropy_batch,warm,baseline,val,44,0.847015,,1
exact_gp_expr,entropy_batch,warm,baseline,val,45,0.845114,,1
exact_gp_expr,entropy_batch,warm,baseline,val,46,0.847004,,1
exact_gp_expr,entropy_batch,warm,baseline,val,47,0.845863,,1
exact_gp_expr,entropy_batch,warm,baseline,val,48,0.849112,,1
exact_gp_expr,entropy_batch,warm,baseline,val,49,0.848430,,1
exact_gp_expr,entropy_batch,warm,baseline,val,50,0.848053,,1
exact_gp_expr,entropy_batch,warm,baseline,val,51,0.847097,,1
exact_gp_expr,entropy_batch,warm,baseline,val,52,0.850772,,1
exact_gp_expr,entropy_batch,warm,baseline,val,53,0.845765,,1
exact_gp_expr,entropy_batch,warm,baseline,val,54,0.849066,,1
exact_gp_expr,entropy_batch,warm,baseline,val,55,0.848196,,1
exact_gp_expr,entropy_batch,warm,baseline,val,56,0.847458,,1
exact_gp_expr,entropy_batch,warm,baseline,val,57,0.848866,,1
exact_gp_expr,entropy_batch,warm,baseline,val,58,0.850265,,1
exact_gp_expr,entropy_batch,warm,baseline,val,59,0.850828,,1
exact_gp_expr,entropy_batch,warm,baseline,val,60,0.851050,,1
exact_gp_expr,entropy_batch,warm,baseline,val,61,0.853581,,1
exact_gp_expr,entropy_batch,warm,baseline,val,62,0.853897,,1
tabpfn_expr,top_k,tabpfn,al,static_random,1,0.872064,0.001370,5
tabpfn_expr,top_k,tabpfn,al,static_random,2,0.874378,0.001346,5
tabpfn_expr,top_k,tabpfn,al,static_random,3,0.875827,0.001201,4
tabpfn_expr,top_k,tabpfn,al,static_random,4,0.875968,0.000992,4
tabpfn_expr,top_k,tabpfn,al,static_random,5,0.876858,0.000997,4
tabpfn_expr,top_k,tabpfn,al,static_random,6,0.879325,0.001295,2
tabpfn_expr,top_k,tabpfn,al,static_random,7,0.880110,0.000820,2
tabpfn_expr,top_k,tabpfn,al,static_random,8,0.879955,0.000425,2
tabpfn_expr,top_k,tabpfn,al,static_random,9,0.881310,0.001190,2
tabpfn_expr,top_k,tabpfn,al,static_random,10,0.881600,0.001120,2
tabpfn_expr,top_k,tabpfn,al,static_random,11,0.882220,0.001940,2
tabpfn_expr,top_k,tabpfn,al,static_random,12,0.881455,0.001585,2
tabpfn_expr,top_k,tabpfn,al,static_random,13,0.880960,0.001620,2
tabpfn_expr,top_k,tabpfn,al,static_random,14,0.879810,0.000750,2
tabpfn_expr,top_k,tabpfn,al,static_random,15,0.880465,0.001225,2
tabpfn_expr,top_k,tabpfn,al,static_random,16,0.880690,0.001860,2
tabpfn_expr,top_k,tabpfn,al,static_random,17,0.880515,0.001735,2
tabpfn_expr,top_k,tabpfn,al,static_random,18,0.879315,0.001655,2
tabpfn_expr,top_k,tabpfn,al,static_random,19,0.880260,0.002260,2
tabpfn_expr,top_k,tabpfn,al,static_random,20,0.880960,0.001980,2
tabpfn_expr,top_k,tabpfn,al,static_random,21,0.881010,0.001670,2
tabpfn_expr,top_k,tabpfn,al,static_random,22,0.880485,0.001185,2
tabpfn_expr,top_k,tabpfn,al,static_random,23,0.880765,0.002045,2
tabpfn_expr,top_k,tabpfn,al,static_random,24,0.881420,0.002080,2
tabpfn_expr,top_k,tabpfn,al,static_random,25,0.881010,0.002480,2
tabpfn_expr,top_k,tabpfn,al,static_random,26,0.880925,0.002015,2
tabpfn_expr,top_k,tabpfn,al,static_random,27,0.881045,0.002125,2
tabpfn_expr,top_k,tabpfn,al,static_random,28,0.881200,0.002120,2
tabpfn_expr,top_k,tabpfn,al,static_random,29,0.880900,0.001610,2
tabpfn_expr,top_k,tabpfn,al,static_random,30,0.881020,0.001620,2
tabpfn_expr,top_k,tabpfn,al,static_random,31,0.881180,0.001540,2
tabpfn_expr,top_k,tabpfn,al,static_random,32,0.880875,0.002105,2
tabpfn_expr,top_k,tabpfn,al,static_random,33,0.880730,0.002110,2
tabpfn_expr,top_k,tabpfn,al,static_random,34,0.880225,0.001895,2
tabpfn_expr,top_k,tabpfn,al,static_random,35,0.880140,0.002000,2
tabpfn_expr,top_k,tabpfn,al,static_random,36,0.880445,0.002225,2
tabpfn_expr,top_k,tabpfn,al,static_random,37,0.880355,0.002485,2
tabpfn_expr,top_k,tabpfn,al,static_random,38,0.877620,,1
tabpfn_expr,top_k,tabpfn,al,static_random,39,0.878130,,1
tabpfn_expr,top_k,tabpfn,al,static_random,40,0.877820,,1
tabpfn_expr,top_k,tabpfn,al,train,1,0.962750,0.002685,5
tabpfn_expr,top_k,tabpfn,al,train,2,0.959194,0.001937,5
tabpfn_expr,top_k,tabpfn,al,train,3,0.957508,0.003477,4
tabpfn_expr,top_k,tabpfn,al,train,4,0.955716,0.003795,4
tabpfn_expr,top_k,tabpfn,al,train,5,0.955298,0.002707,4
tabpfn_expr,top_k,tabpfn,al,train,6,0.950623,0.005311,2
tabpfn_expr,top_k,tabpfn,al,train,7,0.946725,0.000538,2
tabpfn_expr,top_k,tabpfn,al,train,8,0.943916,0.005712,2
tabpfn_expr,top_k,tabpfn,al,train,9,0.949594,0.000740,2
tabpfn_expr,top_k,tabpfn,al,train,10,0.947904,0.000469,2
tabpfn_expr,top_k,tabpfn,al,train,11,0.947281,0.001288,2
tabpfn_expr,top_k,tabpfn,al,train,12,0.948613,0.001088,2
tabpfn_expr,top_k,tabpfn,al,train,13,0.947367,0.000390,2
tabpfn_expr,top_k,tabpfn,al,train,14,0.950697,0.001449,2
tabpfn_expr,top_k,tabpfn,al,train,15,0.950609,0.001019,2
tabpfn_expr,top_k,tabpfn,al,train,16,0.950924,0.001883,2
tabpfn_expr,top_k,tabpfn,al,train,17,0.947594,0.001179,2
tabpfn_expr,top_k,tabpfn,al,train,18,0.949251,0.002335,2
tabpfn_expr,top_k,tabpfn,al,train,19,0.948367,0.002120,2
tabpfn_expr,top_k,tabpfn,al,train,20,0.946863,0.000634,2
tabpfn_expr,top_k,tabpfn,al,train,21,0.946748,0.002343,2
tabpfn_expr,top_k,tabpfn,al,train,22,0.945030,0.001281,2
tabpfn_expr,top_k,tabpfn,al,train,23,0.943243,0.000202,2
tabpfn_expr,top_k,tabpfn,al,train,24,0.943962,0.000097,2
tabpfn_expr,top_k,tabpfn,al,train,25,0.942494,0.002613,2
tabpfn_expr,top_k,tabpfn,al,train,26,0.942350,0.002846,2
tabpfn_expr,top_k,tabpfn,al,train,27,0.943333,0.002024,2
tabpfn_expr,top_k,tabpfn,al,train,28,0.941050,0.002654,2
tabpfn_expr,top_k,tabpfn,al,train,29,0.941529,0.001111,2
tabpfn_expr,top_k,tabpfn,al,train,30,0.941228,0.002209,2
tabpfn_expr,top_k,tabpfn,al,train,31,0.940367,0.005228,2
tabpfn_expr,top_k,tabpfn,al,train,32,0.939011,0.005246,2
tabpfn_expr,top_k,tabpfn,al,train,33,0.938514,0.005067,2
tabpfn_expr,top_k,tabpfn,al,train,34,0.938878,0.002956,2
tabpfn_expr,top_k,tabpfn,al,train,35,0.936386,0.004019,2
tabpfn_expr,top_k,tabpfn,al,train,36,0.936231,0.003159,2
tabpfn_expr,top_k,tabpfn,al,train,37,0.936602,0.001957,2
tabpfn_expr,top_k,tabpfn,al,train,38,0.934160,,1
tabpfn_expr,top_k,tabpfn,al,train,39,0.934084,,1
tabpfn_expr,top_k,tabpfn,al,train,40,0.935355,,1
tabpfn_expr,top_k,tabpfn,al,val,1,0.871000,0.010416,5
tabpfn_expr,top_k,tabpfn,al,val,2,0.852645,0.009892,5
tabpfn_expr,top_k,tabpfn,al,val,3,0.854993,0.016002,4
tabpfn_expr,top_k,tabpfn,al,val,4,0.858638,0.015327,4
tabpfn_expr,top_k,tabpfn,al,val,5,0.853237,0.014213,4
tabpfn_expr,top_k,tabpfn,al,val,6,0.856060,0.033413,2
tabpfn_expr,top_k,tabpfn,al,val,7,0.849907,0.026299,2
tabpfn_expr,top_k,tabpfn,al,val,8,0.837807,0.011608,2
tabpfn_expr,top_k,tabpfn,al,val,9,0.840392,0.019421,2
tabpfn_expr,top_k,tabpfn,al,val,10,0.842767,0.017610,2
tabpfn_expr,top_k,tabpfn,al,val,11,0.842391,0.017422,2
tabpfn_expr,top_k,tabpfn,al,val,12,0.844934,0.013608,2
tabpfn_expr,top_k,tabpfn,al,val,13,0.837862,0.012654,2
tabpfn_expr,top_k,tabpfn,al,val,14,0.837150,0.009080,2
tabpfn_expr,top_k,tabpfn,al,val,15,0.836364,0.010078,2
tabpfn_expr,top_k,tabpfn,al,val,16,0.834661,0.010810,2
tabpfn_expr,top_k,tabpfn,al,val,17,0.829992,0.014510,2
tabpfn_expr,top_k,tabpfn,al,val,18,0.820134,0.011971,2
tabpfn_expr,top_k,tabpfn,al,val,19,0.822405,0.010405,2
tabpfn_expr,top_k,tabpfn,al,val,20,0.819896,0.012430,2
tabpfn_expr,top_k,tabpfn,al,val,21,0.818408,0.007233,2
tabpfn_expr,top_k,tabpfn,al,val,22,0.817305,0.004328,2
tabpfn_expr,top_k,tabpfn,al,val,23,0.817188,0.003037,2
tabpfn_expr,top_k,tabpfn,al,val,24,0.815755,0.003430,2
tabpfn_expr,top_k,tabpfn,al,val,25,0.815670,0.002881,2
tabpfn_expr,top_k,tabpfn,al,val,26,0.814119,0.003457,2
tabpfn_expr,top_k,tabpfn,al,val,27,0.813430,0.000438,2
tabpfn_expr,top_k,tabpfn,al,val,28,0.810134,0.002163,2
tabpfn_expr,top_k,tabpfn,al,val,29,0.809468,0.003712,2
tabpfn_expr,top_k,tabpfn,al,val,30,0.809157,0.000324,2
tabpfn_expr,top_k,tabpfn,al,val,31,0.806117,0.000249,2
tabpfn_expr,top_k,tabpfn,al,val,32,0.807461,0.003019,2
tabpfn_expr,top_k,tabpfn,al,val,33,0.807354,0.001138,2
tabpfn_expr,top_k,tabpfn,al,val,34,0.803997,0.000985,2
tabpfn_expr,top_k,tabpfn,al,val,35,0.801964,0.001607,2
tabpfn_expr,top_k,tabpfn,al,val,36,0.799589,0.000411,2
tabpfn_expr,top_k,tabpfn,al,val,37,0.801352,0.000308,2
tabpfn_expr,top_k,tabpfn,al,val,38,0.799177,,1
tabpfn_expr,top_k,tabpfn,al,val,39,0.801303,,1
tabpfn_expr,top_k,tabpfn,al,val,40,0.803398,,1
tabpfn_expr,top_k,tabpfn,baseline,static_random,1,0.872064,0.001370,5
tabpfn_expr,top_k,tabpfn,baseline,static_random,2,0.876270,0.001299,5
tabpfn_expr,top_k,tabpfn,baseline,static_random,3,0.879592,0.001498,4
tabpfn_expr,top_k,tabpfn,baseline,static_random,4,0.880665,0.001308,4
tabpfn_expr,top_k,tabpfn,baseline,static_random,5,0.881740,0.001451,4
tabpfn_expr,top_k,tabpfn,baseline,static_random,6,0.885985,0.001645,2
tabpfn_expr,top_k,tabpfn,baseline,static_random,7,0.886580,0.001060,2
tabpfn_expr,top_k,tabpfn,baseline,static_random,8,0.888330,0.000560,2
tabpfn_expr,top_k,tabpfn,baseline,static_random,9,0.889235,0.000175,2
tabpfn_expr,top_k,tabpfn,baseline,static_random,10,0.889650,0.000210,2
tabpfn_expr,top_k,tabpfn,baseline,static_random,11,0.890915,0.000725,2
tabpfn_expr,top_k,tabpfn,baseline,static_random,12,0.891665,0.001265,2
tabpfn_expr,top_k,tabpfn,baseline,static_random,13,0.892065,0.001535,2
tabpfn_expr,top_k,tabpfn,baseline,static_random,14,0.892965,0.001595,2
tabpfn_expr,top_k,tabpfn,baseline,static_random,15,0.893025,0.001335,2
tabpfn_expr,top_k,tabpfn,baseline,static_random,16,0.893280,0.001920,2
tabpfn_expr,top_k,tabpfn,baseline,static_random,17,0.893735,0.001945,2
tabpfn_expr,top_k,tabpfn,baseline,static_random,18,0.894670,0.002190,2
tabpfn_expr,top_k,tabpfn,baseline,static_random,19,0.895580,0.002620,2
tabpfn_expr,top_k,tabpfn,baseline,static_random,20,0.895900,0.002910,2
tabpfn_expr,top_k,tabpfn,baseline,static_random,21,0.896710,0.002600,2
tabpfn_expr,top_k,tabpfn,baseline,static_random,22,0.896610,0.002810,2
tabpfn_expr,top_k,tabpfn,baseline,static_random,23,0.896655,0.003185,2
tabpfn_expr,top_k,tabpfn,baseline,static_random,24,0.897120,0.003510,2
tabpfn_expr,top_k,tabpfn,baseline,static_random,25,0.897370,0.003600,2
tabpfn_expr,top_k,tabpfn,baseline,static_random,26,0.897910,0.003430,2
tabpfn_expr,top_k,tabpfn,baseline,static_random,27,0.897900,0.003220,2
tabpfn_expr,top_k,tabpfn,baseline,static_random,28,0.898290,0.003320,2
tabpfn_expr,top_k,tabpfn,baseline,static_random,29,0.898215,0.003205,2
tabpfn_expr,top_k,tabpfn,baseline,static_random,30,0.898175,0.003205,2
tabpfn_expr,top_k,tabpfn,baseline,static_random,31,0.898405,0.003045,2
tabpfn_expr,top_k,tabpfn,baseline,static_random,32,0.898545,0.002835,2
tabpfn_expr,top_k,tabpfn,baseline,static_random,33,0.898370,0.002790,2
tabpfn_expr,top_k,tabpfn,baseline,static_random,34,0.898640,0.002520,2
tabpfn_expr,top_k,tabpfn,baseline,static_random,35,0.898630,0.002390,2
tabpfn_expr,top_k,tabpfn,baseline,static_random,36,0.899065,0.002285,2
tabpfn_expr,top_k,tabpfn,baseline,static_random,37,0.899170,0.002340,2
tabpfn_expr,top_k,tabpfn,baseline,static_random,38,0.896680,,1
tabpfn_expr,top_k,tabpfn,baseline,static_random,39,0.897150,,1
tabpfn_expr,top_k,tabpfn,baseline,static_random,40,0.897190,,1
tabpfn_expr,top_k,tabpfn,baseline,train,1,0.962750,0.002685,5
tabpfn_expr,top_k,tabpfn,baseline,train,2,0.965210,0.002518,5
tabpfn_expr,top_k,tabpfn,baseline,train,3,0.965961,0.002443,4
tabpfn_expr,top_k,tabpfn,baseline,train,4,0.968248,0.002105,4
tabpfn_expr,top_k,tabpfn,baseline,train,5,0.967933,0.002179,4
tabpfn_expr,top_k,tabpfn,baseline,train,6,0.969443,0.003070,2
tabpfn_expr,top_k,tabpfn,baseline,train,7,0.969579,0.003254,2
tabpfn_expr,top_k,tabpfn,baseline,train,8,0.968265,0.001200,2
tabpfn_expr,top_k,tabpfn,baseline,train,9,0.966984,0.000860,2
tabpfn_expr,top_k,tabpfn,baseline,train,10,0.966364,0.000782,2
tabpfn_expr,top_k,tabpfn,baseline,train,11,0.967175,0.000567,2
tabpfn_expr,top_k,tabpfn,baseline,train,12,0.967105,0.001458,2
tabpfn_expr,top_k,tabpfn,baseline,train,13,0.966950,0.000007,2
tabpfn_expr,top_k,tabpfn,baseline,train,14,0.967006,0.000512,2
tabpfn_expr,top_k,tabpfn,baseline,train,15,0.965414,0.001098,2
tabpfn_expr,top_k,tabpfn,baseline,train,16,0.964239,0.001126,2
tabpfn_expr,top_k,tabpfn,baseline,train,17,0.963741,0.001040,2
tabpfn_expr,top_k,tabpfn,baseline,train,18,0.964408,0.000808,2
tabpfn_expr,top_k,tabpfn,baseline,train,19,0.965108,0.000778,2
tabpfn_expr,top_k,tabpfn,baseline,train,20,0.965099,0.000351,2
tabpfn_expr,top_k,tabpfn,baseline,train,21,0.965854,0.000691,2
tabpfn_expr,top_k,tabpfn,baseline,train,22,0.965946,0.000454,2
tabpfn_expr,top_k,tabpfn,baseline,train,23,0.965109,0.001099,2
tabpfn_expr,top_k,tabpfn,baseline,train,24,0.966319,0.000993,2
tabpfn_expr,top_k,tabpfn,baseline,train,25,0.965712,0.001050,2
tabpfn_expr,top_k,tabpfn,baseline,train,26,0.966043,0.000612,2
tabpfn_expr,top_k,tabpfn,baseline,train,27,0.965967,0.001182,2
tabpfn_expr,top_k,tabpfn,baseline,train,28,0.966920,0.000522,2
tabpfn_expr,top_k,tabpfn,baseline,train,29,0.966926,0.000274,2
tabpfn_expr,top_k,tabpfn,baseline,train,30,0.966535,0.000340,2
tabpfn_expr,top_k,tabpfn,baseline,train,31,0.966351,0.000419,2
tabpfn_expr,top_k,tabpfn,baseline,train,32,0.965991,0.000352,2
tabpfn_expr,top_k,tabpfn,baseline,train,33,0.965910,0.000149,2
tabpfn_expr,top_k,tabpfn,baseline,train,34,0.966554,0.000558,2
tabpfn_expr,top_k,tabpfn,baseline,train,35,0.966463,0.000981,2
tabpfn_expr,top_k,tabpfn,baseline,train,36,0.965971,0.000564,2
tabpfn_expr,top_k,tabpfn,baseline,train,37,0.966394,0.000416,2
tabpfn_expr,top_k,tabpfn,baseline,train,38,0.966877,,1
tabpfn_expr,top_k,tabpfn,baseline,train,39,0.967846,,1
tabpfn_expr,top_k,tabpfn,baseline,train,40,0.967877,,1
tabpfn_expr,top_k,tabpfn,baseline,val,1,0.871000,0.010416,5
tabpfn_expr,top_k,tabpfn,baseline,val,2,0.877402,0.006620,5
tabpfn_expr,top_k,tabpfn,baseline,val,3,0.883636,0.007620,4
tabpfn_expr,top_k,tabpfn,baseline,val,4,0.886681,0.005018,4
tabpfn_expr,top_k,tabpfn,baseline,val,5,0.883263,0.007293,4
tabpfn_expr,top_k,tabpfn,baseline,val,6,0.889876,0.015387,2
tabpfn_expr,top_k,tabpfn,baseline,val,7,0.889294,0.012636,2
tabpfn_expr,top_k,tabpfn,baseline,val,8,0.887871,0.009790,2
tabpfn_expr,top_k,tabpfn,baseline,val,9,0.888524,0.010007,2
tabpfn_expr,top_k,tabpfn,baseline,val,10,0.884906,0.009434,2
tabpfn_expr,top_k,tabpfn,baseline,val,11,0.887955,0.011578,2
tabpfn_expr,top_k,tabpfn,baseline,val,12,0.889161,0.009642,2
tabpfn_expr,top_k,tabpfn,baseline,val,13,0.888248,0.010721,2
tabpfn_expr,top_k,tabpfn,baseline,val,14,0.890570,0.012208,2
tabpfn_expr,top_k,tabpfn,baseline,val,15,0.887827,0.010113,2
tabpfn_expr,top_k,tabpfn,baseline,val,16,0.886571,0.011298,2
tabpfn_expr,top_k,tabpfn,baseline,val,17,0.885659,0.008671,2
tabpfn_expr,top_k,tabpfn,baseline,val,18,0.886057,0.011568,2
tabpfn_expr,top_k,tabpfn,baseline,val,19,0.890049,0.011049,2
tabpfn_expr,top_k,tabpfn,baseline,val,20,0.891513,0.013321,2
tabpfn_expr,top_k,tabpfn,baseline,val,21,0.889374,0.011725,2
tabpfn_expr,top_k,tabpfn,baseline,val,22,0.891175,0.011404,2
tabpfn_expr,top_k,tabpfn,baseline,val,23,0.891047,0.012745,2
tabpfn_expr,top_k,tabpfn,baseline,val,24,0.891446,0.014696,2
tabpfn_expr,top_k,tabpfn,baseline,val,25,0.891403,0.016519,2
tabpfn_expr,top_k,tabpfn,baseline,val,26,0.893273,0.015515,2
tabpfn_expr,top_k,tabpfn,baseline,val,27,0.894505,0.014943,2
tabpfn_expr,top_k,tabpfn,baseline,val,28,0.894263,0.013828,2
tabpfn_expr,top_k,tabpfn,baseline,val,29,0.893043,0.013547,2
tabpfn_expr,top_k,tabpfn,baseline,val,30,0.892701,0.010769,2
tabpfn_expr,top_k,tabpfn,baseline,val,31,0.894880,0.013359,2
tabpfn_expr,top_k,tabpfn,baseline,val,32,0.893470,0.013994,2
tabpfn_expr,top_k,tabpfn,baseline,val,33,0.891986,0.014169,2
tabpfn_expr,top_k,tabpfn,baseline,val,34,0.893951,0.015085,2
tabpfn_expr,top_k,tabpfn,baseline,val,35,0.896416,0.011212,2
tabpfn_expr,top_k,tabpfn,baseline,val,36,0.896164,0.011645,2
tabpfn_expr,top_k,tabpfn,baseline,val,37,0.894965,0.012807,2
tabpfn_expr,top_k,tabpfn,baseline,val,38,0.884774,,1
tabpfn_expr,top_k,tabpfn,baseline,val,39,0.885993,,1
tabpfn_expr,top_k,tabpfn,baseline,val,40,0.884304,,1
transformer_expr,entropy_batch,cold,al,static_random,1,0.838264,0.003822,5
transformer_expr,entropy_batch,cold,al,static_random,2,0.835560,0.004817,5
transformer_expr,entropy_batch,cold,al,static_random,3,0.842804,0.003859,5
transformer_expr,entropy_batch,cold,al,static_random,4,0.852132,0.002023,5
transformer_expr,entropy_batch,cold,al,static_random,5,0.854118,0.002414,5
transformer_expr,entropy_batch,cold,al,static_random,6,0.854128,0.003661,5
transformer_expr,entropy_batch,cold,al,static_random,7,0.852296,0.003863,5
transformer_expr,entropy_batch,cold,al,static_random,8,0.856564,0.002523,5
transformer_expr,entropy_batch,cold,al,static_random,9,0.858130,0.005495,5
transformer_expr,entropy_batch,cold,al,static_random,10,0.871628,0.003137,5
transformer_expr,entropy_batch,cold,al,static_random,11,0.868206,0.003381,5
transformer_expr,entropy_batch,cold,al,static_random,12,0.866504,0.002114,5
transformer_expr,entropy_batch,cold,al,static_random,13,0.866988,0.003075,5
transformer_expr,entropy_batch,cold,al,static_random,14,0.874370,0.001579,5
transformer_expr,entropy_batch,cold,al,static_random,15,0.878850,0.002563,5
transformer_expr,entropy_batch,cold,al,static_random,16,0.871860,0.004404,5
transformer_expr,entropy_batch,cold,al,static_random,17,0.877756,0.002819,5
transformer_expr,entropy_batch,cold,al,static_random,18,0.872896,0.002398,5
transformer_expr,entropy_batch,cold,al,static_random,19,0.881650,0.001369,5
transformer_expr,entropy_batch,cold,al,static_random,20,0.880598,0.002218,5
transformer_expr,entropy_batch,cold,al,static_random,21,0.878222,0.004479,5
transformer_expr,entropy_batch,cold,al,static_random,22,0.882696,0.000851,5
transformer_expr,entropy_batch,cold,al,static_random,23,0.886014,0.003218,5
transformer_expr,entropy_batch,cold,al,static_random,24,0.883690,0.003060,5
transformer_expr,entropy_batch,cold,al,static_random,25,0.883942,0.002288,5
transformer_expr,entropy_batch,cold,al,static_random,26,0.884676,0.002391,5
transformer_expr,entropy_batch,cold,al,static_random,27,0.884458,0.002596,5
transformer_expr,entropy_batch,cold,al,static_random,28,0.880910,0.000539,5
transformer_expr,entropy_batch,cold,al,static_random,29,0.881950,0.003333,5
transformer_expr,entropy_batch,cold,al,static_random,30,0.887032,0.001938,5
transformer_expr,entropy_batch,cold,al,static_random,31,0.891532,0.002596,5
transformer_expr,entropy_batch,cold,al,static_random,32,0.888856,0.003164,5
transformer_expr,entropy_batch,cold,al,static_random,33,0.887256,0.004192,5
transformer_expr,entropy_batch,cold,al,static_random,34,0.889870,0.002821,5
transformer_expr,entropy_batch,cold,al,static_random,35,0.891838,0.001530,5
transformer_expr,entropy_batch,cold,al,static_random,36,0.889774,0.002054,5
transformer_expr,entropy_batch,cold,al,static_random,37,0.889834,0.002299,5
transformer_expr,entropy_batch,cold,al,static_random,38,0.892084,0.002381,5
transformer_expr,entropy_batch,cold,al,static_random,39,0.895934,0.003511,5
transformer_expr,entropy_batch,cold,al,static_random,40,0.894108,0.000992,5
transformer_expr,entropy_batch,cold,al,static_random,41,0.891300,,1
transformer_expr,entropy_batch,cold,al,static_random,42,0.894370,,1
transformer_expr,entropy_batch,cold,al,static_random,43,0.896620,,1
transformer_expr,entropy_batch,cold,al,static_random,44,0.888860,,1
transformer_expr,entropy_batch,cold,al,static_random,45,0.889350,,1
transformer_expr,entropy_batch,cold,al,static_random,46,0.887770,,1
transformer_expr,entropy_batch,cold,al,static_random,47,0.900960,,1
transformer_expr,entropy_batch,cold,al,static_random,48,0.900520,,1
transformer_expr,entropy_batch,cold,al,static_random,49,0.896100,,1
transformer_expr,entropy_batch,cold,al,static_random,50,0.899950,,1
transformer_expr,entropy_batch,cold,al,static_random,51,0.894840,,1
transformer_expr,entropy_batch,cold,al,static_random,52,0.897710,,1
transformer_expr,entropy_batch,cold,al,static_random,53,0.900880,,1
transformer_expr,entropy_batch,cold,al,static_random,54,0.900070,,1
transformer_expr,entropy_batch,cold,al,static_random,55,0.893590,,1
transformer_expr,entropy_batch,cold,al,static_random,56,0.898490,,1
transformer_expr,entropy_batch,cold,al,static_random,57,0.894150,,1
transformer_expr,entropy_batch,cold,al,static_random,58,0.899340,,1
transformer_expr,entropy_batch,cold,al,static_random,59,0.904490,,1
transformer_expr,entropy_batch,cold,al,static_random,60,0.903830,,1
transformer_expr,entropy_batch,cold,al,static_random,61,0.899050,,1
transformer_expr,entropy_batch,cold,al,static_random,62,0.899480,,1
transformer_expr,entropy_batch,cold,al,static_random,63,0.892320,,1
transformer_expr,entropy_batch,cold,al,static_random,64,0.906600,,1
transformer_expr,entropy_batch,cold,al,static_random,65,0.902060,,1
transformer_expr,entropy_batch,cold,al,static_random,66,0.908410,,1
transformer_expr,entropy_batch,cold,al,static_random,67,0.902260,,1
transformer_expr,entropy_batch,cold,al,static_random,68,0.904840,,1
transformer_expr,entropy_batch,cold,al,static_random,69,0.903710,,1
transformer_expr,entropy_batch,cold,al,static_random,70,0.906420,,1
transformer_expr,entropy_batch,cold,al,static_random,71,0.900900,,1
transformer_expr,entropy_batch,cold,al,static_random,72,0.910750,,1
transformer_expr,entropy_batch,cold,al,static_random,73,0.902590,,1
transformer_expr,entropy_batch,cold,al,static_random,74,0.907880,,1
transformer_expr,entropy_batch,cold,al,static_random,75,0.912040,,1
transformer_expr,entropy_batch,cold,al,static_random,76,0.899140,,1
transformer_expr,entropy_batch,cold,al,static_random,77,0.906040,,1
transformer_expr,entropy_batch,cold,al,static_random,78,0.896330,,1
transformer_expr,entropy_batch,cold,al,static_random,79,0.904510,,1
transformer_expr,entropy_batch,cold,al,static_random,80,0.906210,,1
transformer_expr,entropy_batch,cold,al,static_random,81,0.906260,,1
transformer_expr,entropy_batch,cold,al,static_random,82,0.910010,,1
transformer_expr,entropy_batch,cold,al,static_random,83,0.909490,,1
transformer_expr,entropy_batch,cold,al,static_random,84,0.907320,,1
transformer_expr,entropy_batch,cold,al,static_random,85,0.904110,,1
transformer_expr,entropy_batch,cold,al,static_random,86,0.910190,,1
transformer_expr,entropy_batch,cold,al,static_random,87,0.903900,,1
transformer_expr,entropy_batch,cold,al,static_random,88,0.894660,,1
transformer_expr,entropy_batch,cold,al,static_random,89,0.908600,,1
transformer_expr,entropy_batch,cold,al,static_random,90,0.909610,,1
transformer_expr,entropy_batch,cold,al,static_random,91,0.910240,,1
transformer_expr,entropy_batch,cold,al,static_random,92,0.907180,,1
transformer_expr,entropy_batch,cold,al,static_random,93,0.910870,,1
transformer_expr,entropy_batch,cold,al,static_random,94,0.908070,,1
transformer_expr,entropy_batch,cold,al,static_random,95,0.906790,,1
transformer_expr,entropy_batch,cold,al,static_random,96,0.899590,,1
transformer_expr,entropy_batch,cold,al,static_random,97,0.901990,,1
transformer_expr,entropy_batch,cold,al,static_random,98,0.906500,,1
transformer_expr,entropy_batch,cold,al,static_random,99,0.903560,,1
transformer_expr,entropy_batch,cold,al,static_random,100,0.909400,,1
transformer_expr,entropy_batch,cold,al,static_random,101,0.908190,,1
transformer_expr,entropy_batch,cold,al,static_random,102,0.911180,,1
transformer_expr,entropy_batch,cold,al,static_random,103,0.905750,,1
transformer_expr,entropy_batch,cold,al,static_random,104,0.910320,,1
transformer_expr,entropy_batch,cold,al,static_random,105,0.911680,,1
transformer_expr,entropy_batch,cold,al,static_random,106,0.903460,,1
transformer_expr,entropy_batch,cold,al,static_random,107,0.909210,,1
transformer_expr,entropy_batch,cold,al,static_random,108,0.909160,,1
transformer_expr,entropy_batch,cold,al,static_random,109,0.909000,,1
transformer_expr,entropy_batch,cold,al,static_random,110,0.910140,,1
transformer_expr,entropy_batch,cold,al,mcmc,1,0.839355,0.006070,5
transformer_expr,entropy_batch,cold,al,mcmc,2,0.843088,0.015217,5
transformer_expr,entropy_batch,cold,al,mcmc,3,0.845500,0.004068,5
transformer_expr,entropy_batch,cold,al,mcmc,4,0.850409,0.009491,5
transformer_expr,entropy_batch,cold,al,mcmc,5,0.831568,0.004062,5
transformer_expr,entropy_batch,cold,al,mcmc,6,0.851167,0.005407,5
transformer_expr,entropy_batch,cold,al,mcmc,7,0.832640,0.003018,5
transformer_expr,entropy_batch,cold,al,mcmc,8,0.844643,0.006855,5
transformer_expr,entropy_batch,cold,al,mcmc,9,0.839187,0.009211,5
transformer_expr,entropy_batch,cold,al,mcmc,10,0.842940,0.006164,5
transformer_expr,entropy_batch,cold,al,mcmc,11,0.845065,0.005012,5
transformer_expr,entropy_batch,cold,al,mcmc,12,0.835232,0.004772,5
transformer_expr,entropy_batch,cold,al,mcmc,13,0.840568,0.004473,5
transformer_expr,entropy_batch,cold,al,mcmc,14,0.841897,0.007146,5
transformer_expr,entropy_batch,cold,al,mcmc,15,0.846676,0.009460,5
transformer_expr,entropy_batch,cold,al,mcmc,16,0.847010,0.006331,5
transformer_expr,entropy_batch,cold,al,mcmc,17,0.839899,0.002634,5
transformer_expr,entropy_batch,cold,al,mcmc,18,0.839808,0.005937,5
transformer_expr,entropy_batch,cold,al,mcmc,19,0.850996,0.002594,5
transformer_expr,entropy_batch,cold,al,mcmc,20,0.849806,0.002641,5
transformer_expr,entropy_batch,cold,al,mcmc,21,0.838995,0.003861,5
transformer_expr,entropy_batch,cold,al,mcmc,22,0.844556,0.006312,5
transformer_expr,entropy_batch,cold,al,mcmc,23,0.847535,0.005431,5
transformer_expr,entropy_batch,cold,al,mcmc,24,0.858804,0.008698,5
transformer_expr,entropy_batch,cold,al,mcmc,25,0.851494,0.006057,5
transformer_expr,entropy_batch,cold,al,mcmc,26,0.847861,0.002003,5
transformer_expr,entropy_batch,cold,al,mcmc,27,0.840918,0.003204,5
transformer_expr,entropy_batch,cold,al,mcmc,28,0.851037,0.006977,5
transformer_expr,entropy_batch,cold,al,mcmc,29,0.840029,0.003907,5
transformer_expr,entropy_batch,cold,al,mcmc,30,0.845930,0.005201,5
transformer_expr,entropy_batch,cold,al,mcmc,31,0.855334,0.005192,5
transformer_expr,entropy_batch,cold,al,mcmc,32,0.847949,0.007008,5
transformer_expr,entropy_batch,cold,al,mcmc,33,0.844712,0.006537,5
transformer_expr,entropy_batch,cold,al,mcmc,34,0.846817,0.004951,5
transformer_expr,entropy_batch,cold,al,mcmc,35,0.857460,0.004484,5
transformer_expr,entropy_batch,cold,al,mcmc,36,0.840258,0.005135,5
transformer_expr,entropy_batch,cold,al,mcmc,37,0.857670,0.002171,5
transformer_expr,entropy_batch,cold,al,mcmc,38,0.844288,0.005928,5
transformer_expr,entropy_batch,cold,al,mcmc,39,0.850664,0.004466,5
transformer_expr,entropy_batch,cold,al,mcmc,40,0.852917,0.005807,5
transformer_expr,entropy_batch,cold,al,mcmc,41,0.832840,,1
transformer_expr,entropy_batch,cold,al,mcmc,42,0.840986,,1
transformer_expr,entropy_batch,cold,al,mcmc,43,0.850540,,1
transformer_expr,entropy_batch,cold,al,mcmc,44,0.857226,,1
transformer_expr,entropy_batch,cold,al,mcmc,45,0.853590,,1
transformer_expr,entropy_batch,cold,al,mcmc,46,0.837310,,1
transformer_expr,entropy_batch,cold,al,mcmc,47,0.853430,,1
transformer_expr,entropy_batch,cold,al,mcmc,48,0.861470,,1
transformer_expr,entropy_batch,cold,al,mcmc,49,0.875226,,1
transformer_expr,entropy_batch,cold,al,mcmc,50,0.857532,,1
transformer_expr,entropy_batch,cold,al,mcmc,51,0.852042,,1
transformer_expr,entropy_batch,cold,al,mcmc,52,0.858910,,1
transformer_expr,entropy_batch,cold,al,mcmc,53,0.861876,,1
transformer_expr,entropy_batch,cold,al,mcmc,54,0.861596,,1
transformer_expr,entropy_batch,cold,al,mcmc,55,0.870510,,1
transformer_expr,entropy_batch,cold,al,mcmc,56,0.848470,,1
transformer_expr,entropy_batch,cold,al,mcmc,57,0.846516,,1
transformer_expr,entropy_batch,cold,al,mcmc,58,0.855592,,1
transformer_expr,entropy_batch,cold,al,mcmc,59,0.859358,,1
transformer_expr,entropy_batch,cold,al,mcmc,60,0.859362,,1
transformer_expr,entropy_batch,cold,al,mcmc,61,0.850372,,1
transformer_expr,entropy_batch,cold,al,mcmc,62,0.856228,,1
transformer_expr,entropy_batch,cold,al,mcmc,63,0.864168,,1
transformer_expr,entropy_batch,cold,al,mcmc,64,0.860712,,1
transformer_expr,entropy_batch,cold,al,mcmc,65,0.847114,,1
transformer_expr,entropy_batch,cold,al,mcmc,66,0.873864,,1
transformer_expr,entropy_batch,cold,al,mcmc,67,0.847880,,1
transformer_expr,entropy_batch,cold,al,mcmc,68,0.853460,,1
transformer_expr,entropy_batch,cold,al,mcmc,69,0.854564,,1
transformer_expr,entropy_batch,cold,al,mcmc,70,0.860836,,1
transformer_expr,entropy_batch,cold,al,mcmc,71,0.855442,,1
transformer_expr,entropy_batch,cold,al,mcmc,72,0.857478,,1
transformer_expr,entropy_batch,cold,al,mcmc,73,0.850014,,1
transformer_expr,entropy_batch,cold,al,mcmc,74,0.851322,,1
transformer_expr,entropy_batch,cold,al,mcmc,75,0.850170,,1
transformer_expr,entropy_batch,cold,al,mcmc,76,0.869894,,1
transformer_expr,entropy_batch,cold,al,mcmc,77,0.864236,,1
transformer_expr,entropy_batch,cold,al,mcmc,78,0.875598,,1
transformer_expr,entropy_batch,cold,al,mcmc,79,0.851394,,1
transformer_expr,entropy_batch,cold,al,mcmc,80,0.856452,,1
transformer_expr,entropy_batch,cold,al,mcmc,81,0.855214,,1
transformer_expr,entropy_batch,cold,al,mcmc,82,0.860808,,1
transformer_expr,entropy_batch,cold,al,mcmc,83,0.865196,,1
transformer_expr,entropy_batch,cold,al,mcmc,84,0.850488,,1
transformer_expr,entropy_batch,cold,al,mcmc,85,0.844896,,1
transformer_expr,entropy_batch,cold,al,mcmc,86,0.854676,,1
transformer_expr,entropy_batch,cold,al,mcmc,87,0.851258,,1
transformer_expr,entropy_batch,cold,al,mcmc,88,0.880896,,1
transformer_expr,entropy_batch,cold,al,mcmc,89,0.871490,,1
transformer_expr,entropy_batch,cold,al,mcmc,90,0.853830,,1
transformer_expr,entropy_batch,cold,al,mcmc,91,0.860358,,1
transformer_expr,entropy_batch,cold,al,mcmc,92,0.868000,,1
transformer_expr,entropy_batch,cold,al,mcmc,93,0.865108,,1
transformer_expr,entropy_batch,cold,al,mcmc,94,0.861272,,1
transformer_expr,entropy_batch,cold,al,mcmc,95,0.857270,,1
transformer_expr,entropy_batch,cold,al,mcmc,96,0.853306,,1
transformer_expr,entropy_batch,cold,al,mcmc,97,0.869928,,1
transformer_expr,entropy_batch,cold,al,mcmc,98,0.849244,,1
transformer_expr,entropy_batch,cold,al,mcmc,99,0.863566,,1
transformer_expr,entropy_batch,cold,al,mcmc,100,0.843690,,1
transformer_expr,entropy_batch,cold,al,mcmc,101,0.859848,,1
transformer_expr,entropy_batch,cold,al,mcmc,102,0.852060,,1
transformer_expr,entropy_batch,cold,al,mcmc,103,0.871794,,1
transformer_expr,entropy_batch,cold,al,mcmc,104,0.850838,,1
transformer_expr,entropy_batch,cold,al,mcmc,105,0.850436,,1
transformer_expr,entropy_batch,cold,al,mcmc,106,0.867106,,1
transformer_expr,entropy_batch,cold,al,mcmc,107,0.866646,,1
transformer_expr,entropy_batch,cold,al,mcmc,108,0.864858,,1
transformer_expr,entropy_batch,cold,al,mcmc,109,0.860918,,1
transformer_expr,entropy_batch,cold,al,mcmc,110,0.846576,,1
transformer_expr,entropy_batch,cold,al,train,1,0.893125,0.006380,5
transformer_expr,entropy_batch,cold,al,train,2,0.867838,0.011928,5
transformer_expr,entropy_batch,cold,al,train,3,0.852209,0.006458,5
transformer_expr,entropy_batch,cold,al,train,4,0.867285,0.016528,5
transformer_expr,entropy_batch,cold,al,train,5,0.866600,0.007635,5
transformer_expr,entropy_batch,cold,al,train,6,0.840720,0.009443,5
transformer_expr,entropy_batch,cold,al,train,7,0.839159,0.015039,5
transformer_expr,entropy_batch,cold,al,train,8,0.845483,0.007234,5
transformer_expr,entropy_batch,cold,al,train,9,0.859362,0.020273,5
transformer_expr,entropy_batch,cold,al,train,10,0.877391,0.006826,5
transformer_expr,entropy_batch,cold,al,train,11,0.857607,0.007666,5
transformer_expr,entropy_batch,cold,al,train,12,0.843272,0.009323,5
transformer_expr,entropy_batch,cold,al,train,13,0.842188,0.013859,5
transformer_expr,entropy_batch,cold,al,train,14,0.854264,0.007542,5
transformer_expr,entropy_batch,cold,al,train,15,0.873105,0.007928,5
transformer_expr,entropy_batch,cold,al,train,16,0.849826,0.007919,5
transformer_expr,entropy_batch,cold,al,train,17,0.851223,0.013609,5
transformer_expr,entropy_batch,cold,al,train,18,0.853220,0.008737,5
transformer_expr,entropy_batch,cold,al,train,19,0.853735,0.014039,5
transformer_expr,entropy_batch,cold,al,train,20,0.859035,0.007782,5
transformer_expr,entropy_batch,cold,al,train,21,0.849525,0.009017,5
transformer_expr,entropy_batch,cold,al,train,22,0.867005,0.007149,5
transformer_expr,entropy_batch,cold,al,train,23,0.851357,0.003743,5
transformer_expr,entropy_batch,cold,al,train,24,0.848430,0.006035,5
transformer_expr,entropy_batch,cold,al,train,25,0.844436,0.009728,5
transformer_expr,entropy_batch,cold,al,train,26,0.842623,0.007946,5
transformer_expr,entropy_batch,cold,al,train,27,0.858667,0.012314,5
transformer_expr,entropy_batch,cold,al,train,28,0.835745,0.007814,5
transformer_expr,entropy_batch,cold,al,train,29,0.849525,0.011592,5
transformer_expr,entropy_batch,cold,al,train,30,0.850935,0.011657,5
transformer_expr,entropy_batch,cold,al,train,31,0.842485,0.009727,5
transformer_expr,entropy_batch,cold,al,train,32,0.844970,0.014862,5
transformer_expr,entropy_batch,cold,al,train,33,0.845515,0.005869,5
transformer_expr,entropy_batch,cold,al,train,34,0.834762,0.005477,5
transformer_expr,entropy_batch,cold,al,train,35,0.849231,0.005122,5
transformer_expr,entropy_batch,cold,al,train,36,0.840827,0.010478,5
transformer_expr,entropy_batch,cold,al,train,37,0.840236,0.009930,5
transformer_expr,entropy_batch,cold,al,train,38,0.851250,0.011636,5
transformer_expr,entropy_batch,cold,al,train,39,0.843433,0.002415,5
transformer_expr,entropy_batch,cold,al,train,40,0.838574,0.005907,5
transformer_expr,entropy_batch,cold,al,train,41,0.805001,,1
transformer_expr,entropy_batch,cold,al,train,42,0.833251,,1
transformer_expr,entropy_batch,cold,al,train,43,0.821786,,1
transformer_expr,entropy_batch,cold,al,train,44,0.817107,,1
transformer_expr,entropy_batch,cold,al,train,45,0.811220,,1
transformer_expr,entropy_batch,cold,al,train,46,0.838202,,1
transformer_expr,entropy_batch,cold,al,train,47,0.866080,,1
transformer_expr,entropy_batch,cold,al,train,48,0.823355,,1
transformer_expr,entropy_batch,cold,al,train,49,0.828136,,1
transformer_expr,entropy_batch,cold,al,train,50,0.822795,,1
transformer_expr,entropy_batch,cold,al,train,51,0.826843,,1
transformer_expr,entropy_batch,cold,al,train,52,0.822452,,1
transformer_expr,entropy_batch,cold,al,train,53,0.835880,,1
transformer_expr,entropy_batch,cold,al,train,54,0.849101,,1
transformer_expr,entropy_batch,cold,al,train,55,0.798461,,1
transformer_expr,entropy_batch,cold,al,train,56,0.830816,,1
transformer_expr,entropy_batch,cold,al,train,57,0.814864,,1
transformer_expr,entropy_batch,cold,al,train,58,0.808533,,1
transformer_expr,entropy_batch,cold,al,train,59,0.844065,,1
transformer_expr,entropy_batch,cold,al,train,60,0.808185,,1
transformer_expr,entropy_batch,cold,al,train,61,0.863207,,1
transformer_expr,entropy_batch,cold,al,train,62,0.833928,,1
transformer_expr,entropy_batch,cold,al,train,63,0.785339,,1
transformer_expr,entropy_batch,cold,al,train,64,0.825283,,1
transformer_expr,entropy_batch,cold,al,train,65,0.827382,,1
transformer_expr,entropy_batch,cold,al,train,66,0.842171,,1
transformer_expr,entropy_batch,cold,al,train,67,0.873339,,1
transformer_expr,entropy_batch,cold,al,train,68,0.836240,,1
transformer_expr,entropy_batch,cold,al,train,69,0.820864,,1
transformer_expr,entropy_batch,cold,al,train,70,0.854082,,1
transformer_expr,entropy_batch,cold,al,train,71,0.824640,,1
transformer_expr,entropy_batch,cold,al,train,72,0.822613,,1
transformer_expr,entropy_batch,cold,al,train,73,0.831645,,1
transformer_expr,entropy_batch,cold,al,train,74,0.810173,,1
transformer_expr,entropy_batch,cold,al,train,75,0.825076,,1
transformer_expr,entropy_batch,cold,al,train,76,0.826655,,1
transformer_expr,entropy_batch,cold,al,train,77,0.826650,,1
transformer_expr,entropy_batch,cold,al,train,78,0.789829,,1
transformer_expr,entropy_batch,cold,al,train,79,0.859254,,1
transformer_expr,entropy_batch,cold,al,train,80,0.838613,,1
transformer_expr,entropy_batch,cold,al,train,81,0.850466,,1
transformer_expr,entropy_batch,cold,al,train,82,0.834769,,1
transformer_expr,entropy_batch,cold,al,train,83,0.837686,,1
transformer_expr,entropy_batch,cold,al,train,84,0.802869,,1
transformer_expr,entropy_batch,cold,al,train,85,0.797411,,1
transformer_expr,entropy_batch,cold,al,train,86,0.822645,,1
transformer_expr,entropy_batch,cold,al,train,87,0.834528,,1
transformer_expr,entropy_batch,cold,al,train,88,0.791508,,1
transformer_expr,entropy_batch,cold,al,train,89,0.840382,,1
transformer_expr,entropy_batch,cold,al,train,90,0.840154,,1
transformer_expr,entropy_batch,cold,al,train,91,0.848445,,1
transformer_expr,entropy_batch,cold,al,train,92,0.819285,,1
transformer_expr,entropy_batch,cold,al,train,93,0.812538,,1
transformer_expr,entropy_batch,cold,al,train,94,0.817168,,1
transformer_expr,entropy_batch,cold,al,train,95,0.826884,,1
transformer_expr,entropy_batch,cold,al,train,96,0.772549,,1
transformer_expr,entropy_batch,cold,al,train,97,0.795506,,1
transformer_expr,entropy_batch,cold,al,train,98,0.835794,,1
transformer_expr,entropy_batch,cold,al,train,99,0.847180,,1
transformer_expr,entropy_batch,cold,al,train,100,0.803689,,1
transformer_expr,entropy_batch,cold,al,train,101,0.835675,,1
transformer_expr,entropy_batch,cold,al,train,102,0.836156,,1
transformer_expr,entropy_batch,cold,al,train,103,0.823970,,1
transformer_expr,entropy_batch,cold,al,train,104,0.836353,,1
transformer_expr,entropy_batch,cold,al,train,105,0.821172,,1
transformer_expr,entropy_batch,cold,al,train,106,0.798542,,1
transformer_expr,entropy_batch,cold,al,train,107,0.826314,,1
transformer_expr,entropy_batch,cold,al,train,108,0.791969,,1
transformer_expr,entropy_batch,cold,al,train,109,0.822388,,1
transformer_expr,entropy_batch,cold,al,train,110,0.857594,,1
transformer_expr,entropy_batch,cold,al,val,1,0.848500,0.003588,5
transformer_expr,entropy_batch,cold,al,val,2,0.810991,0.010154,5
transformer_expr,entropy_batch,cold,al,val,3,0.820211,0.005735,5
transformer_expr,entropy_batch,cold,al,val,4,0.815027,0.006853,5
transformer_expr,entropy_batch,cold,al,val,5,0.815962,0.005374,5
transformer_expr,entropy_batch,cold,al,val,6,0.797979,0.002878,5
transformer_expr,entropy_batch,cold,al,val,7,0.784181,0.009650,5
transformer_expr,entropy_batch,cold,al,val,8,0.780848,0.003970,5
transformer_expr,entropy_batch,cold,al,val,9,0.793628,0.015021,5
transformer_expr,entropy_batch,cold,al,val,10,0.808419,0.003829,5
transformer_expr,entropy_batch,cold,al,val,11,0.807398,0.005194,5
transformer_expr,entropy_batch,cold,al,val,12,0.800974,0.005917,5
transformer_expr,entropy_batch,cold,al,val,13,0.787847,0.012343,5
transformer_expr,entropy_batch,cold,al,val,14,0.800096,0.007624,5
transformer_expr,entropy_batch,cold,al,val,15,0.798755,0.008938,5
transformer_expr,entropy_batch,cold,al,val,16,0.790237,0.011436,5
transformer_expr,entropy_batch,cold,al,val,17,0.793050,0.005802,5
transformer_expr,entropy_batch,cold,al,val,18,0.797522,0.002561,5
transformer_expr,entropy_batch,cold,al,val,19,0.802396,0.011690,5
transformer_expr,entropy_batch,cold,al,val,20,0.795532,0.012608,5
transformer_expr,entropy_batch,cold,al,val,21,0.789839,0.009065,5
transformer_expr,entropy_batch,cold,al,val,22,0.797532,0.005945,5
transformer_expr,entropy_batch,cold,al,val,23,0.799060,0.005388,5
transformer_expr,entropy_batch,cold,al,val,24,0.788148,0.006226,5
transformer_expr,entropy_batch,cold,al,val,25,0.785191,0.005902,5
transformer_expr,entropy_batch,cold,al,val,26,0.777541,0.004834,5
transformer_expr,entropy_batch,cold,al,val,27,0.786862,0.004243,5
transformer_expr,entropy_batch,cold,al,val,28,0.780773,0.007534,5
transformer_expr,entropy_batch,cold,al,val,29,0.778237,0.005634,5
transformer_expr,entropy_batch,cold,al,val,30,0.786053,0.004343,5
transformer_expr,entropy_batch,cold,al,val,31,0.781283,0.012116,5
transformer_expr,entropy_batch,cold,al,val,32,0.773965,0.011091,5
transformer_expr,entropy_batch,cold,al,val,33,0.781220,0.010231,5
transformer_expr,entropy_batch,cold,al,val,34,0.770519,0.008998,5
transformer_expr,entropy_batch,cold,al,val,35,0.776363,0.004863,5
transformer_expr,entropy_batch,cold,al,val,36,0.778050,0.004792,5
transformer_expr,entropy_batch,cold,al,val,37,0.773126,0.006331,5
transformer_expr,entropy_batch,cold,al,val,38,0.782575,0.010121,5
transformer_expr,entropy_batch,cold,al,val,39,0.781443,0.004017,5
transformer_expr,entropy_batch,cold,al,val,40,0.790749,0.003630,5
transformer_expr,entropy_batch,cold,al,val,41,0.778374,,1
transformer_expr,entropy_batch,cold,al,val,42,0.765714,,1
transformer_expr,entropy_batch,cold,al,val,43,0.761023,,1
transformer_expr,entropy_batch,cold,al,val,44,0.784197,,1
transformer_expr,entropy_batch,cold,al,val,45,0.761459,,1
transformer_expr,entropy_batch,cold,al,val,46,0.785290,,1
transformer_expr,entropy_batch,cold,al,val,47,0.785011,,1
transformer_expr,entropy_batch,cold,al,val,48,0.773448,,1
transformer_expr,entropy_batch,cold,al,val,49,0.787833,,1
transformer_expr,entropy_batch,cold,al,val,50,0.781826,,1
transformer_expr,entropy_batch,cold,al,val,51,0.780213,,1
transformer_expr,entropy_batch,cold,al,val,52,0.764404,,1
transformer_expr,entropy_batch,cold,al,val,53,0.786421,,1
transformer_expr,entropy_batch,cold,al,val,54,0.778285,,1
transformer_expr,entropy_batch,cold,al,val,55,0.735760,,1
transformer_expr,entropy_batch,cold,al,val,56,0.768684,,1
transformer_expr,entropy_batch,cold,al,val,57,0.757973,,1
transformer_expr,entropy_batch,cold,al,val,58,0.770108,,1
transformer_expr,entropy_batch,cold,al,val,59,0.780011,,1
transformer_expr,entropy_batch,cold,al,val,60,0.772843,,1
transformer_expr,entropy_batch,cold,al,val,61,0.788275,,1
transformer_expr,entropy_batch,cold,al,val,62,0.777758,,1
transformer_expr,entropy_batch,cold,al,val,63,0.755323,,1
transformer_expr,entropy_batch,cold,al,val,64,0.785162,,1
transformer_expr,entropy_batch,cold,al,val,65,0.773422,,1
transformer_expr,entropy_batch,cold,al,val,66,0.797291,,1
transformer_expr,entropy_batch,cold,al,val,67,0.771363,,1
transformer_expr,entropy_batch,cold,al,val,68,0.785353,,1
transformer_expr,entropy_batch,cold,al,val,69,0.764877,,1
transformer_expr,entropy_batch,cold,al,val,70,0.775958,,1
transformer_expr,entropy_batch,cold,al,val,71,0.769736,,1
transformer_expr,entropy_batch,cold,al,val,72,0.765159,,1
transformer_expr,entropy_batch,cold,al,val,73,0.755627,,1
transformer_expr,entropy_batch,cold,al,val,74,0.762278,,1
transformer_expr,entropy_batch,cold,al,val,75,0.771407,,1
transformer_expr,entropy_batch,cold,al,val,76,0.745425,,1
transformer_expr,entropy_batch,cold,al,val,77,0.791484,,1
transformer_expr,entropy_batch,cold,al,val,78,0.746663,,1
transformer_expr,entropy_batch,cold,al,val,79,0.771096,,1
transformer_expr,entropy_batch,cold,al,val,80,0.779916,,1
transformer_expr,entropy_batch,cold,al,val,81,0.763074,,1
transformer_expr,entropy_batch,cold,al,val,82,0.784801,,1
transformer_expr,entropy_batch,cold,al,val,83,0.780978,,1
transformer_expr,entropy_batch,cold,al,val,84,0.750571,,1
transformer_expr,entropy_batch,cold,al,val,85,0.754260,,1
transformer_expr,entropy_batch,cold,al,val,86,0.786582,,1
transformer_expr,entropy_batch,cold,al,val,87,0.773718,,1
transformer_expr,entropy_batch,cold,al,val,88,0.749033,,1
transformer_expr,entropy_batch,cold,al,val,89,0.789400,,1
transformer_expr,entropy_batch,cold,al,val,90,0.787760,,1
transformer_expr,entropy_batch,cold,al,val,91,0.770438,,1
transformer_expr,entropy_batch,cold,al,val,92,0.776453,,1
transformer_expr,entropy_batch,cold,al,val,93,0.764915,,1
transformer_expr,entropy_batch,cold,al,val,94,0.760360,,1
transformer_expr,entropy_batch,cold,al,val,95,0.766775,,1
transformer_expr,entropy_batch,cold,al,val,96,0.735291,,1
transformer_expr,entropy_batch,cold,al,val,97,0.758625,,1
transformer_expr,entropy_batch,cold,al,val,98,0.767338,,1
transformer_expr,entropy_batch,cold,al,val,99,0.768185,,1
transformer_expr,entropy_batch,cold,al,val,100,0.768806,,1
transformer_expr,entropy_batch,cold,al,val,101,0.775892,,1
transformer_expr,entropy_batch,cold,al,val,102,0.775506,,1
transformer_expr,entropy_batch,cold,al,val,103,0.768301,,1
transformer_expr,entropy_batch,cold,al,val,104,0.781024,,1
transformer_expr,entropy_batch,cold,al,val,105,0.779850,,1
transformer_expr,entropy_batch,cold,al,val,106,0.742504,,1
transformer_expr,entropy_batch,cold,al,val,107,0.762463,,1
transformer_expr,entropy_batch,cold,al,val,108,0.752531,,1
transformer_expr,entropy_batch,cold,al,val,109,0.750053,,1
transformer_expr,entropy_batch,cold,al,val,110,0.778213,,1
transformer_expr,entropy_batch,cold,baseline,static_random,1,0.842202,0.002838,5
transformer_expr,entropy_batch,cold,baseline,static_random,2,0.841346,0.001660,5
transformer_expr,entropy_batch,cold,baseline,static_random,3,0.843928,0.003293,5
transformer_expr,entropy_batch,cold,baseline,static_random,4,0.846796,0.003970,5
transformer_expr,entropy_batch,cold,baseline,static_random,5,0.852640,0.005086,5
transformer_expr,entropy_batch,cold,baseline,static_random,6,0.853558,0.001515,5
transformer_expr,entropy_batch,cold,baseline,static_random,7,0.857680,0.004434,5
transformer_expr,entropy_batch,cold,baseline,static_random,8,0.855570,0.002165,5
transformer_expr,entropy_batch,cold,baseline,static_random,9,0.858888,0.002067,5
transformer_expr,entropy_batch,cold,baseline,static_random,10,0.857820,0.005463,5
transformer_expr,entropy_batch,cold,baseline,static_random,11,0.864516,0.003397,5
transformer_expr,entropy_batch,cold,baseline,static_random,12,0.857854,0.003918,5
transformer_expr,entropy_batch,cold,baseline,static_random,13,0.864658,0.002149,5
transformer_expr,entropy_batch,cold,baseline,static_random,14,0.864226,0.001552,5
transformer_expr,entropy_batch,cold,baseline,static_random,15,0.872346,0.004306,5
transformer_expr,entropy_batch,cold,baseline,static_random,16,0.874272,0.003726,5
transformer_expr,entropy_batch,cold,baseline,static_random,17,0.873060,0.001715,5
transformer_expr,entropy_batch,cold,baseline,static_random,18,0.880936,0.003319,5
transformer_expr,entropy_batch,cold,baseline,static_random,19,0.878908,0.004276,5
transformer_expr,entropy_batch,cold,baseline,static_random,20,0.879488,0.003737,5
transformer_expr,entropy_batch,cold,baseline,static_random,21,0.878346,0.002210,5
transformer_expr,entropy_batch,cold,baseline,static_random,22,0.880442,0.002361,5
transformer_expr,entropy_batch,cold,baseline,static_random,23,0.884348,0.002214,5
transformer_expr,entropy_batch,cold,baseline,static_random,24,0.885546,0.001961,5
transformer_expr,entropy_batch,cold,baseline,static_random,25,0.885890,0.002280,5
transformer_expr,entropy_batch,cold,baseline,static_random,26,0.884060,0.001666,5
transformer_expr,entropy_batch,cold,baseline,static_random,27,0.888842,0.003181,5
transformer_expr,entropy_batch,cold,baseline,static_random,28,0.890002,0.003869,5
transformer_expr,entropy_batch,cold,baseline,static_random,29,0.889948,0.002807,5
transformer_expr,entropy_batch,cold,baseline,static_random,30,0.890254,0.001332,5
transformer_expr,entropy_batch,cold,baseline,static_random,31,0.892246,0.002076,5
transformer_expr,entropy_batch,cold,baseline,static_random,32,0.891810,0.001775,5
transformer_expr,entropy_batch,cold,baseline,static_random,33,0.888644,0.003182,5
transformer_expr,entropy_batch,cold,baseline,static_random,34,0.894546,0.001578,5
transformer_expr,entropy_batch,cold,baseline,static_random,35,0.891730,0.002402,5
transformer_expr,entropy_batch,cold,baseline,static_random,36,0.896216,0.001311,5
transformer_expr,entropy_batch,cold,baseline,static_random,37,0.894466,0.001604,5
transformer_expr,entropy_batch,cold,baseline,static_random,38,0.893612,0.001606,5
transformer_expr,entropy_batch,cold,baseline,static_random,39,0.896658,0.001015,5
transformer_expr,entropy_batch,cold,baseline,static_random,40,0.896304,0.002138,5
transformer_expr,entropy_batch,cold,baseline,static_random,41,0.896280,,1
transformer_expr,entropy_batch,cold,baseline,static_random,42,0.901070,,1
transformer_expr,entropy_batch,cold,baseline,static_random,43,0.903460,,1
transformer_expr,entropy_batch,cold,baseline,static_random,44,0.903790,,1
transformer_expr,entropy_batch,cold,baseline,static_random,45,0.906930,,1
transformer_expr,entropy_batch,cold,baseline,static_random,46,0.904160,,1
transformer_expr,entropy_batch,cold,baseline,static_random,47,0.908970,,1
transformer_expr,entropy_batch,cold,baseline,static_random,48,0.905660,,1
transformer_expr,entropy_batch,cold,baseline,static_random,49,0.904100,,1
transformer_expr,entropy_batch,cold,baseline,static_random,50,0.912650,,1
transformer_expr,entropy_batch,cold,baseline,static_random,51,0.911210,,1
transformer_expr,entropy_batch,cold,baseline,static_random,52,0.903680,,1
transformer_expr,entropy_batch,cold,baseline,static_random,53,0.907700,,1
transformer_expr,entropy_batch,cold,baseline,static_random,54,0.907790,,1
transformer_expr,entropy_batch,cold,baseline,static_random,55,0.906790,,1
transformer_expr,entropy_batch,cold,baseline,static_random,56,0.909260,,1
transformer_expr,entropy_batch,cold,baseline,static_random,57,0.908700,,1
transformer_expr,entropy_batch,cold,baseline,static_random,58,0.908470,,1
transformer_expr,entropy_batch,cold,baseline,static_random,59,0.900570,,1
transformer_expr,entropy_batch,cold,baseline,static_random,60,0.909810,,1
transformer_expr,entropy_batch,cold,baseline,static_random,61,0.903930,,1
transformer_expr,entropy_batch,cold,baseline,static_random,62,0.907830,,1
transformer_expr,entropy_batch,cold,baseline,static_random,63,0.912790,,1
transformer_expr,entropy_batch,cold,baseline,static_random,64,0.906390,,1
transformer_expr,entropy_batch,cold,baseline,static_random,65,0.909300,,1
transformer_expr,entropy_batch,cold,baseline,static_random,66,0.910780,,1
transformer_expr,entropy_batch,cold,baseline,static_random,67,0.908710,,1
transformer_expr,entropy_batch,cold,baseline,static_random,68,0.908310,,1
transformer_expr,entropy_batch,cold,baseline,static_random,69,0.913380,,1
transformer_expr,entropy_batch,cold,baseline,static_random,70,0.915470,,1
transformer_expr,entropy_batch,cold,baseline,static_random,71,0.916110,,1
transformer_expr,entropy_batch,cold,baseline,static_random,72,0.914570,,1
transformer_expr,entropy_batch,cold,baseline,static_random,73,0.910340,,1
transformer_expr,entropy_batch,cold,baseline,static_random,74,0.910090,,1
transformer_expr,entropy_batch,cold,baseline,static_random,75,0.909780,,1
transformer_expr,entropy_batch,cold,baseline,static_random,76,0.910370,,1
transformer_expr,entropy_batch,cold,baseline,static_random,77,0.912350,,1
transformer_expr,entropy_batch,cold,baseline,static_random,78,0.906760,,1
transformer_expr,entropy_batch,cold,baseline,static_random,79,0.917260,,1
transformer_expr,entropy_batch,cold,baseline,static_random,80,0.909680,,1
transformer_expr,entropy_batch,cold,baseline,static_random,81,0.919060,,1
transformer_expr,entropy_batch,cold,baseline,static_random,82,0.919230,,1
transformer_expr,entropy_batch,cold,baseline,static_random,83,0.915990,,1
transformer_expr,entropy_batch,cold,baseline,static_random,84,0.923250,,1
transformer_expr,entropy_batch,cold,baseline,static_random,85,0.918060,,1
transformer_expr,entropy_batch,cold,baseline,static_random,86,0.911980,,1
transformer_expr,entropy_batch,cold,baseline,static_random,87,0.910400,,1
transformer_expr,entropy_batch,cold,baseline,static_random,88,0.919220,,1
transformer_expr,entropy_batch,cold,baseline,static_random,89,0.914390,,1
transformer_expr,entropy_batch,cold,baseline,static_random,90,0.914210,,1
transformer_expr,entropy_batch,cold,baseline,static_random,91,0.920660,,1
transformer_expr,entropy_batch,cold,baseline,static_random,92,0.915440,,1
transformer_expr,entropy_batch,cold,baseline,static_random,93,0.922290,,1
transformer_expr,entropy_batch,cold,baseline,static_random,94,0.906570,,1
transformer_expr,entropy_batch,cold,baseline,static_random,95,0.911310,,1
transformer_expr,entropy_batch,cold,baseline,static_random,96,0.916900,,1
transformer_expr,entropy_batch,cold,baseline,static_random,97,0.914500,,1
transformer_expr,entropy_batch,cold,baseline,static_random,98,0.914250,,1
transformer_expr,entropy_batch,cold,baseline,static_random,99,0.917400,,1
transformer_expr,entropy_batch,cold,baseline,static_random,100,0.913660,,1
transformer_expr,entropy_batch,cold,baseline,static_random,101,0.916820,,1
transformer_expr,entropy_batch,cold,baseline,static_random,102,0.914340,,1
transformer_expr,entropy_batch,cold,baseline,static_random,103,0.919200,,1
transformer_expr,entropy_batch,cold,baseline,static_random,104,0.915700,,1
transformer_expr,entropy_batch,cold,baseline,static_random,105,0.922200,,1
transformer_expr,entropy_batch,cold,baseline,static_random,106,0.917840,,1
transformer_expr,entropy_batch,cold,baseline,static_random,107,0.915470,,1
transformer_expr,entropy_batch,cold,baseline,static_random,108,0.926350,,1
transformer_expr,entropy_batch,cold,baseline,static_random,109,0.921520,,1
transformer_expr,entropy_batch,cold,baseline,static_random,110,0.923300,,1
transformer_expr,entropy_batch,cold,baseline,mcmc,1,0.836263,0.007472,5
transformer_expr,entropy_batch,cold,baseline,mcmc,2,0.844880,0.010207,5
transformer_expr,entropy_batch,cold,baseline,mcmc,3,0.853062,0.008900,5
transformer_expr,entropy_batch,cold,baseline,mcmc,4,0.843026,0.008950,5
transformer_expr,entropy_batch,cold,baseline,mcmc,5,0.839934,0.009567,5
transformer_expr,entropy_batch,cold,baseline,mcmc,6,0.838202,0.004049,5
transformer_expr,entropy_batch,cold,baseline,mcmc,7,0.849149,0.005516,5
transformer_expr,entropy_batch,cold,baseline,mcmc,8,0.848874,0.004012,5
transformer_expr,entropy_batch,cold,baseline,mcmc,9,0.835247,0.003351,5
transformer_expr,entropy_batch,cold,baseline,mcmc,10,0.845662,0.006171,5
transformer_expr,entropy_batch,cold,baseline,mcmc,11,0.847459,0.002952,5
transformer_expr,entropy_batch,cold,baseline,mcmc,12,0.842670,0.005030,5
transformer_expr,entropy_batch,cold,baseline,mcmc,13,0.840260,0.005113,5
transformer_expr,entropy_batch,cold,baseline,mcmc,14,0.857030,0.010477,5
transformer_expr,entropy_batch,cold,baseline,mcmc,15,0.853982,0.006764,5
transformer_expr,entropy_batch,cold,baseline,mcmc,16,0.848919,0.007083,5
transformer_expr,entropy_batch,cold,baseline,mcmc,17,0.840804,0.005224,5
transformer_expr,entropy_batch,cold,baseline,mcmc,18,0.858534,0.005021,5
transformer_expr,entropy_batch,cold,baseline,mcmc,19,0.858351,0.005366,5
transformer_expr,entropy_batch,cold,baseline,mcmc,20,0.849952,0.005156,5
transformer_expr,entropy_batch,cold,baseline,mcmc,21,0.853924,0.005662,5
transformer_expr,entropy_batch,cold,baseline,mcmc,22,0.849762,0.006551,5
transformer_expr,entropy_batch,cold,baseline,mcmc,23,0.854957,0.005301,5
transformer_expr,entropy_batch,cold,baseline,mcmc,24,0.857733,0.006030,5
transformer_expr,entropy_batch,cold,baseline,mcmc,25,0.846046,0.001646,5
transformer_expr,entropy_batch,cold,baseline,mcmc,26,0.855461,0.005400,5
transformer_expr,entropy_batch,cold,baseline,mcmc,27,0.851217,0.006902,5
transformer_expr,entropy_batch,cold,baseline,mcmc,28,0.853340,0.002592,5
transformer_expr,entropy_batch,cold,baseline,mcmc,29,0.852212,0.001822,5
transformer_expr,entropy_batch,cold,baseline,mcmc,30,0.851227,0.002587,5
transformer_expr,entropy_batch,cold,baseline,mcmc,31,0.858932,0.004000,5
transformer_expr,entropy_batch,cold,baseline,mcmc,32,0.857244,0.003134,5
transformer_expr,entropy_batch,cold,baseline,mcmc,33,0.849481,0.005083,5
transformer_expr,entropy_batch,cold,baseline,mcmc,34,0.854254,0.002671,5
transformer_expr,entropy_batch,cold,baseline,mcmc,35,0.852073,0.007042,5
transformer_expr,entropy_batch,cold,baseline,mcmc,36,0.856634,0.004382,5
transformer_expr,entropy_batch,cold,baseline,mcmc,37,0.851210,0.004519,5
transformer_expr,entropy_batch,cold,baseline,mcmc,38,0.855324,0.002324,5
transformer_expr,entropy_batch,cold,baseline,mcmc,39,0.851564,0.003270,5
transformer_expr,entropy_batch,cold,baseline,mcmc,40,0.852746,0.004266,5
transformer_expr,entropy_batch,cold,baseline,mcmc,41,0.859220,,1
transformer_expr,entropy_batch,cold,baseline,mcmc,42,0.862160,,1
transformer_expr,entropy_batch,cold,baseline,mcmc,43,0.869758,,1
transformer_expr,entropy_batch,cold,baseline,mcmc,44,0.863766,,1
transformer_expr,entropy_batch,cold,baseline,mcmc,45,0.854608,,1
transformer_expr,entropy_batch,cold,baseline,mcmc,46,0.841946,,1
transformer_expr,entropy_batch,cold,baseline,mcmc,47,0.853182,,1
transformer_expr,entropy_batch,cold,baseline,mcmc,48,0.855182,,1
transformer_expr,entropy_batch,cold,baseline,mcmc,49,0.855804,,1
transformer_expr,entropy_batch,cold,baseline,mcmc,50,0.848144,,1
transformer_expr,entropy_batch,cold,baseline,mcmc,51,0.863580,,1
transformer_expr,entropy_batch,cold,baseline,mcmc,52,0.844758,,1
transformer_expr,entropy_batch,cold,baseline,mcmc,53,0.859446,,1
transformer_expr,entropy_batch,cold,baseline,mcmc,54,0.847088,,1
transformer_expr,entropy_batch,cold,baseline,mcmc,55,0.851934,,1
transformer_expr,entropy_batch,cold,baseline,mcmc,56,0.865196,,1
transformer_expr,entropy_batch,cold,baseline,mcmc,57,0.853022,,1
transformer_expr,entropy_batch,cold,baseline,mcmc,58,0.867616,,1
transformer_expr,entropy_batch,cold,baseline,mcmc,59,0.869088,,1
transformer_expr,entropy_batch,cold,baseline,mcmc,60,0.864342,,1
transformer_expr,entropy_batch,cold,baseline,mcmc,61,0.857024,,1
transformer_expr,entropy_batch,cold,baseline,mcmc,62,0.856776,,1
transformer_expr,entropy_batch,cold,baseline,mcmc,63,0.863834,,1
transformer_expr,entropy_batch,cold,baseline,mcmc,64,0.869224,,1
transformer_expr,entropy_batch,cold,baseline,mcmc,65,0.861432,,1
transformer_expr,entropy_batch,cold,baseline,mcmc,66,0.866886,,1
transformer_expr,entropy_batch,cold,baseline,mcmc,67,0.864406,,1
transformer_expr,entropy_batch,cold,baseline,mcmc,68,0.857138,,1
transformer_expr,entropy_batch,cold,baseline,mcmc,69,0.867936,,1
transformer_expr,entropy_batch,cold,baseline,mcmc,70,0.856224,,1
transformer_expr,entropy_batch,cold,baseline,mcmc,71,0.858188,,1
transformer_expr,entropy_batch,cold,baseline,mcmc,72,0.862676,,1
transformer_expr,entropy_batch,cold,baseline,mcmc,73,0.856028,,1
transformer_expr,entropy_batch,cold,baseline,mcmc,74,0.878052,,1
transformer_expr,entropy_batch,cold,baseline,mcmc,75,0.855828,,1
transformer_expr,entropy_batch,cold,baseline,mcmc,76,0.865906,,1
transformer_expr,entropy_batch,cold,baseline,mcmc,77,0.853780,,1
transformer_expr,entropy_batch,cold,baseline,mcmc,78,0.847368,,1
transformer_expr,entropy_batch,cold,baseline,mcmc,79,0.859522,,1
transformer_expr,entropy_batch,cold,baseline,mcmc,80,0.856514,,1
transformer_expr,entropy_batch,cold,baseline,mcmc,81,0.856280,,1
transformer_expr,entropy_batch,cold,baseline,mcmc,82,0.870328,,1
transformer_expr,entropy_batch,cold,baseline,mcmc,83,0.860370,,1
transformer_expr,entropy_batch,cold,baseline,mcmc,84,0.864064,,1
transformer_expr,entropy_batch,cold,baseline,mcmc,85,0.862054,,1
transformer_expr,entropy_batch,cold,baseline,mcmc,86,0.864674,,1
transformer_expr,entropy_batch,cold,baseline,mcmc,87,0.867636,,1
transformer_expr,entropy_batch,cold,baseline,mcmc,88,0.857014,,1
transformer_expr,entropy_batch,cold,baseline,mcmc,89,0.861274,,1
transformer_expr,entropy_batch,cold,baseline,mcmc,90,0.850720,,1
transformer_expr,entropy_batch,cold,baseline,mcmc,91,0.862704,,1
transformer_expr,entropy_batch,cold,baseline,mcmc,92,0.870062,,1
transformer_expr,entropy_batch,cold,baseline,mcmc,93,0.861748,,1
transformer_expr,entropy_batch,cold,baseline,mcmc,94,0.870964,,1
transformer_expr,entropy_batch,cold,baseline,mcmc,95,0.872916,,1
transformer_expr,entropy_batch,cold,baseline,mcmc,96,0.867254,,1
transformer_expr,entropy_batch,cold,baseline,mcmc,97,0.857108,,1
transformer_expr,entropy_batch,cold,baseline,mcmc,98,0.871564,,1
transformer_expr,entropy_batch,cold,baseline,mcmc,99,0.867378,,1
transformer_expr,entropy_batch,cold,baseline,mcmc,100,0.880522,,1
transformer_expr,entropy_batch,cold,baseline,mcmc,101,0.872200,,1
transformer_expr,entropy_batch,cold,baseline,mcmc,102,0.854182,,1
transformer_expr,entropy_batch,cold,baseline,mcmc,103,0.861636,,1
transformer_expr,entropy_batch,cold,baseline,mcmc,104,0.859826,,1
transformer_expr,entropy_batch,cold,baseline,mcmc,105,0.865824,,1
transformer_expr,entropy_batch,cold,baseline,mcmc,106,0.864148,,1
transformer_expr,entropy_batch,cold,baseline,mcmc,107,0.861874,,1
transformer_expr,entropy_batch,cold,baseline,mcmc,108,0.862562,,1
transformer_expr,entropy_batch,cold,baseline,mcmc,109,0.870376,,1
transformer_expr,entropy_batch,cold,baseline,mcmc,110,0.859462,,1
transformer_expr,entropy_batch,cold,baseline,train,1,0.897375,0.015744,5
transformer_expr,entropy_batch,cold,baseline,train,2,0.877203,0.009684,5
transformer_expr,entropy_batch,cold,baseline,train,3,0.887882,0.008124,5
transformer_expr,entropy_batch,cold,baseline,train,4,0.884691,0.019818,5
transformer_expr,entropy_batch,cold,baseline,train,5,0.875755,0.011242,5
transformer_expr,entropy_batch,cold,baseline,train,6,0.885763,0.006757,5
transformer_expr,entropy_batch,cold,baseline,train,7,0.882702,0.009582,5
transformer_expr,entropy_batch,cold,baseline,train,8,0.882481,0.007608,5
transformer_expr,entropy_batch,cold,baseline,train,9,0.888788,0.005781,5
transformer_expr,entropy_batch,cold,baseline,train,10,0.884151,0.011967,5
transformer_expr,entropy_batch,cold,baseline,train,11,0.889891,0.004184,5
transformer_expr,entropy_batch,cold,baseline,train,12,0.882977,0.007633,5
transformer_expr,entropy_batch,cold,baseline,train,13,0.888726,0.007594,5
transformer_expr,entropy_batch,cold,baseline,train,14,0.884979,0.002266,5
transformer_expr,entropy_batch,cold,baseline,train,15,0.904280,0.009668,5
transformer_expr,entropy_batch,cold,baseline,train,16,0.910660,0.010038,5
transformer_expr,entropy_batch,cold,baseline,train,17,0.895964,0.002723,5
transformer_expr,entropy_batch,cold,baseline,train,18,0.919376,0.008977,5
transformer_expr,entropy_batch,cold,baseline,train,19,0.904887,0.008728,5
transformer_expr,entropy_batch,cold,baseline,train,20,0.908296,0.009379,5
transformer_expr,entropy_batch,cold,baseline,train,21,0.897861,0.003179,5
transformer_expr,entropy_batch,cold,baseline,train,22,0.901078,0.004154,5
transformer_expr,entropy_batch,cold,baseline,train,23,0.909986,0.006007,5
transformer_expr,entropy_batch,cold,baseline,train,24,0.909607,0.003393,5
transformer_expr,entropy_batch,cold,baseline,train,25,0.909358,0.004569,5
transformer_expr,entropy_batch,cold,baseline,train,26,0.905401,0.003540,5
transformer_expr,entropy_batch,cold,baseline,train,27,0.917294,0.006155,5
transformer_expr,entropy_batch,cold,baseline,train,28,0.917741,0.006194,5
transformer_expr,entropy_batch,cold,baseline,train,29,0.909834,0.005403,5
transformer_expr,entropy_batch,cold,baseline,train,30,0.911252,0.001386,5
transformer_expr,entropy_batch,cold,baseline,train,31,0.916089,0.002822,5
transformer_expr,entropy_batch,cold,baseline,train,32,0.911304,0.002753,5
transformer_expr,entropy_batch,cold,baseline,train,33,0.907799,0.005966,5
transformer_expr,entropy_batch,cold,baseline,train,34,0.916263,0.004807,5
transformer_expr,entropy_batch,cold,baseline,train,35,0.914225,0.005165,5
transformer_expr,entropy_batch,cold,baseline,train,36,0.930962,0.010849,5
transformer_expr,entropy_batch,cold,baseline,train,37,0.914248,0.003541,5
transformer_expr,entropy_batch,cold,baseline,train,38,0.914638,0.004236,5
transformer_expr,entropy_batch,cold,baseline,train,39,0.921448,0.001386,5
transformer_expr,entropy_batch,cold,baseline,train,40,0.913611,0.002831,5
transformer_expr,entropy_batch,cold,baseline,train,41,0.916783,,1
transformer_expr,entropy_batch,cold,baseline,train,42,0.919995,,1
transformer_expr,entropy_batch,cold,baseline,train,43,0.916894,,1
transformer_expr,entropy_batch,cold,baseline,train,44,0.923077,,1
transformer_expr,entropy_batch,cold,baseline,train,45,0.920857,,1
transformer_expr,entropy_batch,cold,baseline,train,46,0.924812,,1
transformer_expr,entropy_batch,cold,baseline,train,47,0.937493,,1
transformer_expr,entropy_batch,cold,baseline,train,48,0.935970,,1
transformer_expr,entropy_batch,cold,baseline,train,49,0.918027,,1
transformer_expr,entropy_batch,cold,baseline,train,50,0.933186,,1
transformer_expr,entropy_batch,cold,baseline,train,51,0.946106,,1
transformer_expr,entropy_batch,cold,baseline,train,52,0.920637,,1
transformer_expr,entropy_batch,cold,baseline,train,53,0.925857,,1
transformer_expr,entropy_batch,cold,baseline,train,54,0.920551,,1
transformer_expr,entropy_batch,cold,baseline,train,55,0.922141,,1
transformer_expr,entropy_batch,cold,baseline,train,56,0.923198,,1
transformer_expr,entropy_batch,cold,baseline,train,57,0.924878,,1
transformer_expr,entropy_batch,cold,baseline,train,58,0.927089,,1
transformer_expr,entropy_batch,cold,baseline,train,59,0.914374,,1
transformer_expr,entropy_batch,cold,baseline,train,60,0.923627,,1
transformer_expr,entropy_batch,cold,baseline,train,61,0.918450,,1
transformer_expr,entropy_batch,cold,baseline,train,62,0.923636,,1
transformer_expr,entropy_batch,cold,baseline,train,63,0.934117,,1
transformer_expr,entropy_batch,cold,baseline,train,64,0.917147,,1
transformer_expr,entropy_batch,cold,baseline,train,65,0.922596,,1
transformer_expr,entropy_batch,cold,baseline,train,66,0.927594,,1
transformer_expr,entropy_batch,cold,baseline,train,67,0.925595,,1
transformer_expr,entropy_batch,cold,baseline,train,68,0.924000,,1
transformer_expr,entropy_batch,cold,baseline,train,69,0.934247,,1
transformer_expr,entropy_batch,cold,baseline,train,70,0.935521,,1
transformer_expr,entropy_batch,cold,baseline,train,71,0.936145,,1
transformer_expr,entropy_batch,cold,baseline,train,72,0.925464,,1
transformer_expr,entropy_batch,cold,baseline,train,73,0.925633,,1
transformer_expr,entropy_batch,cold,baseline,train,74,0.923178,,1
transformer_expr,entropy_batch,cold,baseline,train,75,0.924794,,1
transformer_expr,entropy_batch,cold,baseline,train,76,0.928886,,1
transformer_expr,entropy_batch,cold,baseline,train,77,0.921392,,1
transformer_expr,entropy_batch,cold,baseline,train,78,0.915203,,1
transformer_expr,entropy_batch,cold,baseline,train,79,0.927775,,1
transformer_expr,entropy_batch,cold,baseline,train,80,0.922886,,1
transformer_expr,entropy_batch,cold,baseline,train,81,0.944153,,1
transformer_expr,entropy_batch,cold,baseline,train,82,0.932096,,1
transformer_expr,entropy_batch,cold,baseline,train,83,0.929047,,1
transformer_expr,entropy_batch,cold,baseline,train,84,0.946036,,1
transformer_expr,entropy_batch,cold,baseline,train,85,0.932636,,1
transformer_expr,entropy_batch,cold,baseline,train,86,0.921387,,1
transformer_expr,entropy_batch,cold,baseline,train,87,0.924564,,1
transformer_expr,entropy_batch,cold,baseline,train,88,0.934369,,1
transformer_expr,entropy_batch,cold,baseline,train,89,0.927065,,1
transformer_expr,entropy_batch,cold,baseline,train,90,0.927008,,1
transformer_expr,entropy_batch,cold,baseline,train,91,0.937898,,1
transformer_expr,entropy_batch,cold,baseline,train,92,0.928369,,1
transformer_expr,entropy_batch,cold,baseline,train,93,0.942376,,1
transformer_expr,entropy_batch,cold,baseline,train,94,0.921139,,1
transformer_expr,entropy_batch,cold,baseline,train,95,0.920421,,1
transformer_expr,entropy_batch,cold,baseline,train,96,0.933213,,1
transformer_expr,entropy_batch,cold,baseline,train,97,0.925775,,1
transformer_expr,entropy_batch,cold,baseline,train,98,0.929489,,1
transformer_expr,entropy_batch,cold,baseline,train,99,0.929050,,1
transformer_expr,entropy_batch,cold,baseline,train,100,0.923134,,1
transformer_expr,entropy_batch,cold,baseline,train,101,0.928786,,1
transformer_expr,entropy_batch,cold,baseline,train,102,0.927418,,1
transformer_expr,entropy_batch,cold,baseline,train,103,0.931992,,1
transformer_expr,entropy_batch,cold,baseline,train,104,0.925620,,1
transformer_expr,entropy_batch,cold,baseline,train,105,0.935892,,1
transformer_expr,entropy_batch,cold,baseline,train,106,0.927289,,1
transformer_expr,entropy_batch,cold,baseline,train,107,0.927318,,1
transformer_expr,entropy_batch,cold,baseline,train,108,0.941427,,1
transformer_expr,entropy_batch,cold,baseline,train,109,0.938209,,1
transformer_expr,entropy_batch,cold,baseline,train,110,0.938153,,1
transformer_expr,entropy_batch,cold,baseline,val,1,0.844500,0.006490,5
transformer_expr,entropy_batch,cold,baseline,val,2,0.849690,0.008735,5
transformer_expr,entropy_batch,cold,baseline,val,3,0.850532,0.011210,5
transformer_expr,entropy_batch,cold,baseline,val,4,0.857641,0.006199,5
transformer_expr,entropy_batch,cold,baseline,val,5,0.853826,0.006971,5
transformer_expr,entropy_batch,cold,baseline,val,6,0.857586,0.009076,5
transformer_expr,entropy_batch,cold,baseline,val,7,0.858148,0.007806,5
transformer_expr,entropy_batch,cold,baseline,val,8,0.859278,0.002812,5
transformer_expr,entropy_batch,cold,baseline,val,9,0.853691,0.006131,5
transformer_expr,entropy_batch,cold,baseline,val,10,0.856434,0.010829,5
transformer_expr,entropy_batch,cold,baseline,val,11,0.866370,0.004913,5
transformer_expr,entropy_batch,cold,baseline,val,12,0.849614,0.003417,5
transformer_expr,entropy_batch,cold,baseline,val,13,0.871917,0.004890,5
transformer_expr,entropy_batch,cold,baseline,val,14,0.872091,0.003249,5
transformer_expr,entropy_batch,cold,baseline,val,15,0.880315,0.006180,5
transformer_expr,entropy_batch,cold,baseline,val,16,0.879891,0.006139,5
transformer_expr,entropy_batch,cold,baseline,val,17,0.878307,0.005636,5
transformer_expr,entropy_batch,cold,baseline,val,18,0.889118,0.002931,5
transformer_expr,entropy_batch,cold,baseline,val,19,0.887079,0.006874,5
transformer_expr,entropy_batch,cold,baseline,val,20,0.885029,0.004311,5
transformer_expr,entropy_batch,cold,baseline,val,21,0.887494,0.003423,5
transformer_expr,entropy_batch,cold,baseline,val,22,0.888688,0.003414,5
transformer_expr,entropy_batch,cold,baseline,val,23,0.890621,0.002428,5
transformer_expr,entropy_batch,cold,baseline,val,24,0.890554,0.001505,5
transformer_expr,entropy_batch,cold,baseline,val,25,0.888436,0.002076,5
transformer_expr,entropy_batch,cold,baseline,val,26,0.891243,0.003220,5
transformer_expr,entropy_batch,cold,baseline,val,27,0.894198,0.004295,5
transformer_expr,entropy_batch,cold,baseline,val,28,0.896784,0.004609,5
transformer_expr,entropy_batch,cold,baseline,val,29,0.896858,0.004173,5
transformer_expr,entropy_batch,cold,baseline,val,30,0.893961,0.005399,5
transformer_expr,entropy_batch,cold,baseline,val,31,0.895801,0.005176,5
transformer_expr,entropy_batch,cold,baseline,val,32,0.890179,0.005728,5
transformer_expr,entropy_batch,cold,baseline,val,33,0.889516,0.005117,5
transformer_expr,entropy_batch,cold,baseline,val,34,0.893583,0.002938,5
transformer_expr,entropy_batch,cold,baseline,val,35,0.890866,0.004944,5
transformer_expr,entropy_batch,cold,baseline,val,36,0.895238,0.003139,5
transformer_expr,entropy_batch,cold,baseline,val,37,0.894763,0.002185,5
transformer_expr,entropy_batch,cold,baseline,val,38,0.891490,0.002176,5
transformer_expr,entropy_batch,cold,baseline,val,39,0.896868,0.002071,5
transformer_expr,entropy_batch,cold,baseline,val,40,0.896453,0.004112,5
transformer_expr,entropy_batch,cold,baseline,val,41,0.894427,,1
transformer_expr,entropy_batch,cold,baseline,val,42,0.899130,,1
transformer_expr,entropy_batch,cold,baseline,val,43,0.895493,,1
transformer_expr,entropy_batch,cold,baseline,val,44,0.901647,,1
transformer_expr,entropy_batch,cold,baseline,val,45,0.904350,,1
transformer_expr,entropy_batch,cold,baseline,val,46,0.900640,,1
transformer_expr,entropy_batch,cold,baseline,val,47,0.903579,,1
transformer_expr,entropy_batch,cold,baseline,val,48,0.902686,,1
transformer_expr,entropy_batch,cold,baseline,val,49,0.903659,,1
transformer_expr,entropy_batch,cold,baseline,val,50,0.909341,,1
transformer_expr,entropy_batch,cold,baseline,val,51,0.908370,,1
transformer_expr,entropy_batch,cold,baseline,val,52,0.905680,,1
transformer_expr,entropy_batch,cold,baseline,val,53,0.911699,,1
transformer_expr,entropy_batch,cold,baseline,val,54,0.910282,,1
transformer_expr,entropy_batch,cold,baseline,val,55,0.907418,,1
transformer_expr,entropy_batch,cold,baseline,val,56,0.909702,,1
transformer_expr,entropy_batch,cold,baseline,val,57,0.905277,,1
transformer_expr,entropy_batch,cold,baseline,val,58,0.911710,,1
transformer_expr,entropy_batch,cold,baseline,val,59,0.902821,,1
transformer_expr,entropy_batch,cold,baseline,val,60,0.911904,,1
transformer_expr,entropy_batch,cold,baseline,val,61,0.906418,,1
transformer_expr,entropy_batch,cold,baseline,val,62,0.910218,,1
transformer_expr,entropy_batch,cold,baseline,val,63,0.920070,,1
transformer_expr,entropy_batch,cold,baseline,val,64,0.912245,,1
transformer_expr,entropy_batch,cold,baseline,val,65,0.913612,,1
transformer_expr,entropy_batch,cold,baseline,val,66,0.912862,,1
transformer_expr,entropy_batch,cold,baseline,val,67,0.908941,,1
transformer_expr,entropy_batch,cold,baseline,val,68,0.908661,,1
transformer_expr,entropy_batch,cold,baseline,val,69,0.915820,,1
transformer_expr,entropy_batch,cold,baseline,val,70,0.918429,,1
transformer_expr,entropy_batch,cold,baseline,val,71,0.917305,,1
transformer_expr,entropy_batch,cold,baseline,val,72,0.915205,,1
transformer_expr,entropy_batch,cold,baseline,val,73,0.913929,,1
transformer_expr,entropy_batch,cold,baseline,val,74,0.913076,,1
transformer_expr,entropy_batch,cold,baseline,val,75,0.914669,,1
transformer_expr,entropy_batch,cold,baseline,val,76,0.909238,,1
transformer_expr,entropy_batch,cold,baseline,val,77,0.917760,,1
transformer_expr,entropy_batch,cold,baseline,val,78,0.909287,,1
transformer_expr,entropy_batch,cold,baseline,val,79,0.915615,,1
transformer_expr,entropy_batch,cold,baseline,val,80,0.907584,,1
transformer_expr,entropy_batch,cold,baseline,val,81,0.911916,,1
transformer_expr,entropy_batch,cold,baseline,val,82,0.917548,,1
transformer_expr,entropy_batch,cold,baseline,val,83,0.911413,,1
transformer_expr,entropy_batch,cold,baseline,val,84,0.921070,,1
transformer_expr,entropy_batch,cold,baseline,val,85,0.913472,,1
transformer_expr,entropy_batch,cold,baseline,val,86,0.912044,,1
transformer_expr,entropy_batch,cold,baseline,val,87,0.909174,,1
transformer_expr,entropy_batch,cold,baseline,val,88,0.915442,,1
transformer_expr,entropy_batch,cold,baseline,val,89,0.917114,,1
transformer_expr,entropy_batch,cold,baseline,val,90,0.917511,,1
transformer_expr,entropy_batch,cold,baseline,val,91,0.923521,,1
transformer_expr,entropy_batch,cold,baseline,val,92,0.916542,,1
transformer_expr,entropy_batch,cold,baseline,val,93,0.920697,,1
transformer_expr,entropy_batch,cold,baseline,val,94,0.903269,,1
transformer_expr,entropy_batch,cold,baseline,val,95,0.914950,,1
transformer_expr,entropy_batch,cold,baseline,val,96,0.918367,,1
transformer_expr,entropy_batch,cold,baseline,val,97,0.919660,,1
transformer_expr,entropy_batch,cold,baseline,val,98,0.917057,,1
transformer_expr,entropy_batch,cold,baseline,val,99,0.917964,,1
transformer_expr,entropy_batch,cold,baseline,val,100,0.915804,,1
transformer_expr,entropy_batch,cold,baseline,val,101,0.922753,,1
transformer_expr,entropy_batch,cold,baseline,val,102,0.926788,,1
transformer_expr,entropy_batch,cold,baseline,val,103,0.924894,,1
transformer_expr,entropy_batch,cold,baseline,val,104,0.921120,,1
transformer_expr,entropy_batch,cold,baseline,val,105,0.925844,,1
transformer_expr,entropy_batch,cold,baseline,val,106,0.925367,,1
transformer_expr,entropy_batch,cold,baseline,val,107,0.922776,,1
transformer_expr,entropy_batch,cold,baseline,val,108,0.931079,,1
transformer_expr,entropy_batch,cold,baseline,val,109,0.928052,,1
transformer_expr,entropy_batch,cold,baseline,val,110,0.928435,,1
